opponent_clean,country_code,title,followers,joined,last_online
themrnoname,US,,0,1604891213,1695079605
smackersmashbot,PH,,0,1603620465,1770161679
amkh98,IR,,10,1573816332,1756302723
callumfindlay4,GB,,0,1604961154,1771005980
johnny-burns,IE,,10,1604880045,1641105502
m_yeung,BR,,0,1597726211,1618154205
andreardzbere,MX,,0,1604942725,1606743788
selmblbl,TR,,8,1604444001,1777981107
narutoplus,US,,0,1604849772,1775148396
catiaremedios,PT,,3,1605005824,1681254688
hyter201,IT,,0,1605039539,1605201766
thommitz,HK,,4,1604318472,1778230032
theking1426,AE,,0,1604566140,1777981111
chathuragunawardana,LK,,0,1604771421,1777981111
successfulpolice,IN,,1,1602311962,1777981112
hikal3x,FR,,1,1501956319,1677901447
pavlius63,RU,,1,1600698240,1769956538
axewtp,SE,,21,1605088322,1774774004
sidursidur,IT,,15,1604412000,1772219678
elmagolohizodenuevo,PE,,0,1604124092,1654705798
mrasianboy1,US,,1,1605029807,1705878290
amaanbhaiya,IN,,6,1604423769,1770583244
j3wg4p,PL,,0,1605112511,1777981118
papaminou,FR,,5,1604916841,1624808454
morionsc,PL,,0,1605052217,1640948436
elettricrunner,IT,,3,1605039719,1772866900
kadi524,TR,,0,1605103502,1766561923
livingmink,IN,,2,1602695381,1677916713
cmdulek,PL,,5,1605024137,1737637285
ayush_bnsl,IN,,0,1596453616,1635682101
imichaell,NL,,5,1596805430,1773496079
roland23456,FR,,0,1604953428,1777981125
anatsukonda,FI,,3,1488534030,1717106111
maekkoo,FR,,6,1604254559,1659682332
linhhaugan,VN,,1,1604061022,1643480473
marcellaansaloni,IT,,0,1586538927,1607430882
fabiocebral,ES,,4,1596123258,1764261602
sak969,IN,,15,1599311741,1775470679
nickwheelhouse,AU,,0,1604143121,1777981131
sharankumar1606,IN,,1,1601561139,1778220281
samhaves,CA,,1,1587957123,1778198553
jose62100,FR,,0,1604057433,1613027543
andrew_austin,US,,0,1604988680,1760138778
aymldz,US,,0,1604549925,1734743103
hillaryparsons,US,,40,1547256176,1766539114
thekuchiman,NZ,,15,1604228672,1776933999
floralcloudxd,GB,,34,1593612195,1778208042
bhushanbhatt,IN,,12,1602843356,1692549550
rashadibrahimkhaleel,IN,,0,1603667361,1777981138
palcios_edwin,US,,6,1604363618,1777981139
iceman036,IT,,4,1605186470,1777019179
hill1651,US,,0,1602214870,1621719404
meghas12,IN,,27,1604160083,1677475127
geoffreybloomer,US,,27,1605150507,1778203557
apro420,US,,3,1605050390,1722873232
borisoval0,RU,,3,1604766422,1683376978
sushi67,US,,5,1601986201,1776785716
mswrightgc,AU,,1,1605131342,1777981145
aaron5179,CH,,11,1603897297,1773153410
mateusz_kulesza,PL,,1,1604581409,1773110851
healthybox,IN,,4,1605101305,1734586196
paveenrc0102,IN,,14,1600689787,1777920392
nilswezep,NL,,2,1605176130,1741793125
lt_mnk,US,,0,1603293975,1607675674
fenix911xzy,BY,,10,1595967375,1747318984
s1mzy,GB,,0,1604938758,1635425159
feministgamer,US,,12,1580236812,1778194889
aman515416,IN,,0,1603255969,1777981153
horat21,US,,1,1604856382,1641391467
gfbruce2020,GB,,7,1601400864,1772314234
dean683838e9e9,IN,,0,1599111346,1644319154
andreabasile,IT,,6,1523805294,1682259341
waldojay,US,,42,1455551033,1778209756
antonbaer,FI,,8,1535380105,1777981157
kellyfromsales,GB,,3,1604794422,1679627572
jdiegos,AU,,5,1605089558,1777981159
naomilemon,NL,,0,1605453069,1623652753
jav369,ES,,0,1604352517,1605787203
kiemoff92,GB,,29,1605386760,1778187846
feeblejoke,IN,,0,1603189019,1610674756
sultanroh,SA,,7,1605199894,1777981163
ilaria_b,GB,,0,1605899854,1777981164
darksanw,CO,,0,1598988465,1727548011
as856290,IN,,2,1584297179,1753354554
kashiiii302,PK,,13,1603891132,1728056465
bahkhynnah,IN,,0,1589479632,1609123989
kanukhanduja,IN,,2,1596553530,1690795351
seymos26,TR,,6,1605726996,1777981168
dennisvr,NL,,2,1514327495,1777981169
cheech69420,ZA,,0,1604926936,1777981170
hbent1421,US,,0,1559840396,1640217454
jackhardy3538,GB,,0,1367518092,1617965719
rockpaperscissors13,JO,,0,1604864790,1777981172
smutlu,TR,,1,1598030279,1776105613
artem030,DE,,3,1605392305,1777981174
drearyhare,RO,,11,1604777819,1778239787
riggs41,CA,,1,1604279986,1676870497
jekonski,BG,,9,1601377951,1705069996
jankgalla,DE,,1,1604566517,1724269006
shyamsundar1308,IN,,10,1603271338,1716612645
maybeisgiapaht,VN,,0,1594219561,1687152246
ol_ris,IT,,3,1605608743,1777981179
omtajne,IN,,0,1603607653,1777981180
jrgasjohn,GB,,21,1605365699,1778224972
reimaster1,CA,,1,1604456150,1657372287
kindpilot,GB,,2,1605820941,1736185850
amayako,GB,,1,1605524915,1677060008
gupsoi,NL,,1,1605619807,1683543123
tombriars-delve,GB,,0,1605972927,1777981184
boxbam,FR,,4,1605536328,1619448238
kush0196,IN,,2,1604310709,1777981186
smd13e,PT,,5,1605526690,1709027365
aksinja,GR,,3,1604228276,1777981187
pfaure59,FR,,13,1604758934,1682339933
ehmjay420,DE,,20,1605392743,1777507343
bruh-please,GB,,0,1606041143,1758561818
ahgamerz,IN,,6,1603536273,1778234082
grosirsepeda,ID,,0,1605957252,1777981191
aayush_1207,IN,,40,1602617874,1778169592
aentolle,PH,,7,1601993831,1628888401
stan_dandyliver,XE,,3,1605287687,1777981193
thgiacomelli,BR,,0,1605530327,1607656962
apollo82,IE,,17,1322517770,1777981195
dyzi0,PL,,0,1606054072,1693249528
jossbt,IT,,2,1603732351,1777981196
x-7340454970,XX,,16,1605028797,1777981197
zhangyuqi2019,CN,,4,1606207447,1739095106
sirrysir,US,,0,1604716140,1776802649
1indenchat,AT,,9,1591871682,1775844480
mcravenator,US,,14,1605645705,1776115681
igorsensev,CH,,12,1553681050,1760471609
khansen4,US,,6,1605854627,1777786133
dahumptyhump,US,,0,1546474786,1640079698
19tylermalone94,US,,0,1606211913,1681096801
tofuboy123,DE,,1,1605358727,1652099928
iemmzer,GB,,1,1606318897,1772843309
chessnoob88888,AU,,5,1605682935,1778237726
modrix32,SE,,5,1606335347,1778108635
murcneb,US,,10,1603902540,1778197108
rrodenberg,US,,1,1604441341,1775751056
lilcez619,US,,5,1604986979,1778144257
ragnaruther,BR,,6,1596911392,1758177825
x-7946353163,XX,,0,1606248475,1777981210
hockney0948,FR,,2,1575724103,1766422361
balez22,ES,,8,1582629118,1777981212
abas79,IT,,9,1605546240,1754749715
nemonilnix,US,,3,1606220905,1777981213
cjlm201,IE,,9,1606420691,1769098821
gjbostoe,BE,,14,1569322303,1778132903
taddalfred,AU,,12,1606031782,1778239512
vinay199,IN,,1,1606137331,1777981216
bigdaddygm,IN,,0,1593244599,1733570749
xxanthemanx,AU,,1,1603119242,1655000766
masque404,GB,,0,1606786065,1729283267
ixtohzk,US,,1,1605315154,1777981219
piersp,IT,,0,1605475629,1610239565
priyabhaskaran,QA,,2,1595022081,1660691323
2treecko,US,,4,1513259473,1612953470
edgesolo,NL,,5,1606198215,1777981222
plasticbuilds,SG,,2,1605524579,1675470545
tonotonotono,FR,,4,1592675186,1777981224
thisistomgreen,GB,,3,1605620140,1634363251
ros73,IT,,7,1593098722,1759925959
ronal1409,PE,,0,1588188322,1608838835
arthur_callahan3,GB,,14,1597402944,1778210536
vikmos1,IT,,20,1606311863,1775219182
abhay60,IN,,0,1594306149,1777981229
tfyjbvfjcfjjjk,AU,,1,1606185234,1771409257
m00ngravity,RU,,3,1598454701,1671025676
korbeone,BR,,1,1606520448,1777493004
bigb4337,US,,0,1605976368,1777981232
lckirua,CH,,1,1605785962,1759483614
sanoremy,RU,,3,1606694640,1750324985
modanesh,CA,,11,1606549214,1778160730
mahmoudmusallam,JO,,0,1605898231,1614844189
freakyjowy,FR,,4,1597677965,1762857112
finrael,GB,,1,1607112672,1703550818
asidc,AU,,1,1592732031,1702855959
jessiesue,US,,6,1605501844,1774031548
rawrers,CA,,3,1605313601,1773025172
jonny4k,IT,,2,1606338433,1777740619
jacklawrence86,GB,,6,1604670858,1776764163
jklas927,AU,,4,1605585794,1635549057
20x3,US,,2,1324354123,1752188337
xli_13,BG,,10,1605461546,1777202646
xxicegamingxx,SG,,8,1603291939,1660888839
jaywilliamjamesslyce,GB,,11,1597488357,1778233350
terrybradshaw1,IE,,18,1605371705,1777981245
yoyo62502,FR,,0,1604258902,1718976819
hiphiparray,CA,,4,1606247282,1747773393
rjlaraway,US,,5,1605113553,1767663063
cyrusgaming,US,,5,1605894058,1777981248
pauljefferson2012,NZ,,33,1606799606,1778234417
chrisxangel,DZ,,1,1589839027,1709044410
ndenyel,US,,64,1606091893,1777981250
dominiquenicolo,IT,,2,1605950050,1623726230
matildeb,IT,,12,1606862036,1777981252
tristus33,FR,,4,1603358793,1712137088
chuckchessin,US,,10,1606810478,1778207760
yuv_raj01,IN,,1,1606644727,1777981254
clarahawk,IE,,20,1604946012,1778236259
spenler,US,,6,1607807135,1761621727
martinl12,FR,,12,1606659660,1777981256
jireh360,KW,,2,1606525426,1777981257
job_stop,BR,,18,1606163840,1778185223
niv6425,US,,0,1606184843,1713237879
arvetangen,NO,,1,1501551115,1754723570
antonio198604,ES,,0,1607808592,1610867058
akibaboi,NO,,4,1607386078,1777981261
nicolashecker,FR,,1,1575235663,1778230136
aromaofmen,HK,,7,1594967521,1778151743
silvanogodoy,BR,,4,1607960913,1664131965
diamondaceking,IT,,4,1607350055,1757073877
drmuzyn,PL,,19,1606296437,1747598525
angelusss,IT,,2,1607864408,1776275141
ezaphyr,IL,,1,1402039902,1643075890
niallbarber,GB,,13,1607684578,1777981267
claybot99,US,,12,1574307004,1778135198
matys3625,PL,,8,1607327791,1777981269
bickerbanter,SG,,9,1607747924,1778236119
ericmell,US,,4,1606402946,1777981270
mraspica,HR,,4,1607466882,1771230431
franzspecter,CH,,4,1607185362,1670839502
mampudia,DE,,0,1607530115,1677133533
kyglou,FR,,8,1576107294,1778183178
stickywick,US,,5,1606248716,1778184821
donyosh,NL,,0,1603636028,1777981275
notmyfirstrodeo525,US,,3,1603660001,1777981276
trilintash,RU,,0,1601119694,1615433718
wojtekzolkowski,PL,,9,1606117294,1734439659
zestfulprince,AU,,26,1605656687,1774164202
carljian,DE,,3,1595771971,1746015268
d-nais,ES,,15,1606151838,1778233938
craigs0,XS,,1,1605535834,1778192998
benjie91,GB,,0,1608572895,1777981281
duckhunter420,AU,,4,1549850016,1776651813
kaskadez,ZA,,6,1607554678,1762412022
db4005,AU,,0,1606997979,1726194704
charles_panda,CH,,1,1605633587,1778238044
mellow_seducer,US,,2,1608075819,1768568800
moribell52,US,,54,1605407161,1720121580
jamiepm,GB,,6,1607940412,1778143804
gzedg,GE,,2,1607016517,1777981287
verkur,IR,,5,1607612886,1772202799
camilokcrs,CO,,0,1607625206,1628784803
alessandromartis,IT,,0,1607842705,1777981289
fryphilip99,RO,,0,1608277540,1611309296
tavishgo,ID,,11,1607655596,1778205042
mjb19893,US,,2,1608370537,1655025875
lukesan24,US,,5,1607396553,1778206625
roy1077,GB,,1,1607441310,1776701089
simonshow,FR,,3,1605371552,1777981294
waveydavey420,US,,8,1607749165,1771096401
lapse06,FR,,26,1573913170,1778183664
vkkuro99,FR,,0,1593001501,1623093644
rxc095,GB,,1,1606164201,1699983567
feargh,RU,,0,1608665150,1610826328
siakravchenko,US,,0,1608402933,1753320886
pbischler,US,,1,1606451545,1778099493
kshocker,US,,4,1605955462,1623595903
saifhmaied,TN,,17,1533755397,1777078784
dantessa,FR,,6,1607331375,1775825655
momosku,CH,,16,1591101291,1777974716
dgusick,US,,48,1262847958,1777859380
mateidb,CA,,1,1605554231,1739654658
dwodarcyk,US,,2,1606455409,1762271433
lolita199,FR,,5,1605561364,1760800627
andreypanov12,RU,,3,1568298333,1697044065
czarny3,PL,,2,1607701414,1642130978
somtos,DE,,5,1589147945,1721941509
csongorvarga,RS,,6,1469879849,1775918574
spacediverr,AU,,3,1609034240,1686134534
amahorv,SE,,2,1602332956,1624791523
batsont,US,,3,1609202062,1778172028
promateusz1948,PL,,29,1605215051,1778235253
indynevar,NL,,9,1591029257,1757496669
niropapiro,UY,,0,1606395890,1778175536
michimichi12,ES,,1,1600708026,1777981313
esp-w,GB,,8,1609181864,1778193854
grindt4,SE,,1,1607463296,1659308682
jechus12,MX,,0,1606855991,1610259460
zegley,US,,5,1606954642,1773144801
odensmaisteri,FI,,0,1609220661,1616602205
martinh93,FR,,6,1484672410,1778179122
ush123,EG,,0,1605581097,1612035961
rinayan15,IN,,11,1608576014,1777981320
philip232,PH,,5,1606310358,1777981320
coolbeans319,US,,26,1606244786,1778164464
oscann,BR,,10,1607954996,1776115302
allanjhones,BR,,8,1608620301,1777821400
nkilonzo,US,,7,1608333759,1770431149
itimkenstar,US,,5,1606433955,1727418923
adliamartins,BR,,14,1605237085,1760560250
alexbrussels,BE,,8,1608390167,1778098990
prakash661,IN,,13,1597820789,1778215617
vasdeam,RU,,5,1609523598,1777917850
ocloviso,FR,,10,1605804538,1733088240
konitroos,IN,,2,1593766792,1777981329
weed-stonr,FR,,9,1604187510,1778092053
marcelocff,BR,,7,1608122432,1771452647
zyke011,NZ,,2,1597448148,1696034963
yashg4,IN,,3,1603270502,1764489368
ali16ma,FR,,3,1505331609,1777981332
avacen,US,,3,1609104508,1751622742
barrycoco,IE,,0,1592570664,1618204583
seenseen1019,TH,,8,1549097459,1680255623
simfar1309,GB,,16,1566645257,1761569648
normzen,GB,,9,1609340695,1778228113
goncalogomes95,PT,,1,1608912105,1750754803
jotalis,US,,14,1596786036,1775907575
hussin55,EG,,2,1604093236,1777981339
ccutler,CA,,15,1603141731,1778202518
wheatley69,CA,,9,1607142300,1679578014
pa_cdt,FR,,3,1607437573,1778142121
ceyhunozyazici,TR,,0,1609789854,1777981342
jonasape,UY,,5,1607129573,1777981343
jesk69,CO,,1,1594084557,1752359638
annelfannar,IS,,8,1593467952,1777981344
fyrezerk,US,,1,1443928834,1761247889
rarell,US,,1,1499861696,1773112587
fonsex,US,,1,1610169499,1700817016
jageshjoshi,IN,,7,1606900093,1696847369
giomattak,IT,,1,1609523607,1624988106
florinmihai186,RO,,7,1609662041,1768804808
kimboziz,IL,,1,1610022064,1718316268
ansi4882,DE,,12,1606239419,1777383983
gopherringo,US,,5,1604271512,1773618312
rbh001,BR,,4,1605700715,1777981352
marcb012,ES,,0,1607184980,1615126032
ericzemles,FR,,4,1606936900,1778233227
azurealvin,SG,,0,1608820739,1634135242
delucev8,AR,,0,1609213859,1778206776
toffeeeeelol,PH,,6,1609728420,1693898370
nightking1591,PK,,0,1575561369,1766841824
kingsaddiction23,GB,,16,1606243700,1777981357
cloverfield92,DE,,22,1605631658,1778228557
moparks43,US,,7,1558545476,1777981358
vgburn,ES,,2,1605784324,1718288285
droadman,US,,11,1605652725,1769573385
redsoxfan12,US,,1,1318635543,1778218156
atwal03,CA,,2,1542846211,1650108683
jamie03014,RO,,26,1606481942,1778072525
randomguy1234432,NL,,1,1554715789,1718970574
molliers,IT,,4,1606860788,1733287917
mitsos12345,GR,,3,1609226114,1778215370
karasyok,XX,,2,1608395982,1777814141
splangrol,GB,,24,1605218667,1778192691
liamsullivan27,GB,,4,1610020167,1777670005
chrissman,IT,,1,1609944122,1760547854
jkamcc,ES,,1,1607719225,1753037078
dirtybird32,US,,8,1574534590,1651208456
pr_6220,US,,3,1606153084,1777981370
getit915,US,,0,1610318987,1777981371
pierre_begue,RE,,47,1605361504,1772529897
gianmarco392,IT,,6,1608107651,1777749686
jejer0,FR,,0,1607811182,1617403354
paskal78990,FR,,40,1609586100,1778169843
cerberus88,IT,,14,1585348447,1760709968
needytusk,BR,,1,1607480786,1777981375
mcdgn,US,,13,1599496921,1762355922
poganiacz,PL,,13,1604846458,1775829480
owlgorithmic,DE,,3,1606987181,1770546500
montti_monster21,RS,,42,1606340594,1667653310
bengi007,PL,,2,1609717622,1778229550
evolution29,DE,,0,1610134583,1740235759
pennyloo,CA,,11,1607617103,1767715285
fierradolia8,US,,2,1608217299,1645137378
wallsover,BE,,0,1606964775,1617961683
theblackpearl12,NG,,1,1610307182,1777981383
scibus,DE,,4,1607078988,1778221755
mindlessbrother,BR,,2,1596711188,1777981384
axeman711,US,,15,1610385114,1777600278
rastie,RU,,6,1607158178,1701743466
boyblue112,US,,8,1591814889,1777981386
dylanjames5,US,,0,1606579928,1682546101
henriquericci,BR,,2,1608020093,1655556791
muhammadmustafeez,PK,,17,1605403679,1646521418
jenspelemans,BE,,0,1605916375,1777981389
tacopelti,FI,,25,1609529533,1778223266
thomasm2205,NL,,20,1520770323,1778185578
kumpualex,FI,,2,1570604772,1769767413
miro1992,DK,,1,1483449435,1704528333
ahoten,FR,,1,1610362225,1741180852
selimkiziltoprak,TR,,98,1608232239,1700499014
blahblahbooo,SG,,10,1605190136,1778239868
brazellian,GB,,3,1610667334,1778222329
jedimigas,PT,,6,1606510517,1778187663
ant2174,IN,,3,1588091297,1777981397
azizbenjemaa262,TN,,1,1588600279,1693746483
tomaszkoczur,PL,,5,1609790487,1777638758
joshallison,US,,8,1609964752,1741628108
hubi533,DE,,3,1584985868,1751549962
arvellelliott,US,,1,1610849324,1677293792
callum2120,GB,,5,1606984388,1674127849
dalimemo,ES,,0,1608211509,1613347519
cesarlima123,BR,,20,1609603635,1776640124
jongha,KR,,7,1606363982,1774152960
dnmoeramatti,EH,,47,1593380308,1778107729
wpipita1,IT,,4,1610747011,1719268395
kiran1757,IN,,3,1600965147,1689596946
graemedeen,CA,,5,1584753527,1627518618
chessmaster800080,US,,2,1609455506,1773861587
napmouth,DK,,4,1517006507,1777981408
cassiotozarini,BR,,5,1607988118,1767453384
tangiblemind,IT,,12,1609815935,1778200427
harungok,TR,,0,1607805388,1625564253
bartolomeo12,PL,,7,1605809885,1743583240
voytkex,PL,,20,1610320924,1778188159
knoebst,BE,,7,1371839089,1777134111
tiriann,CA,,1,1609884091,1751519376
bigoledonkeyd,US,,5,1607474818,1759473367
jameslango,GB,,0,1610915555,1635734794
tkohlers,CL,,3,1608556392,1774977588
dulcanus,LT,,1,1610475303,1777981417
someguynamedfrank,JE,,10,1610144385,1776172764
joedapyro,US,,1,1593291415,1767384777
bitdirector,GB,,3,1610328688,1768298482
michal_witczak,PL,,12,1604705589,1693514228
salihcan38,NL,,1,1609966931,1635989038
m025,LT,,2,1576176570,1777981421
chieftaingreen,IE,,17,1608321960,1778236210
manomsnd,SA,,15,1605188791,1773936393
mecklon_fernandes,IN,,6,1600844786,1778229050
cutecucumber_69,SK,,5,1608584288,1777237019
bakedbeano,AU,,4,1446267838,1628980831
ryankeilitz,US,,4,1462284116,1777981426
mokrzydaw78m,PL,,1,1591895824,1777972292
kr973,FR,,22,1611085892,1778219083
kappa275,IT,,2,1610656201,1709722226
lonewolf1708,IN,,5,1610007356,1777709917
axelladden,NO,,2,1606418475,1672280735
familiarbean,JP,,4,1598380787,1744395223
huntsmanspider,US,,4,1577288864,1778106997
hateorglory,BE,,13,1610143556,1775413580
qme96,OM,,6,1555194432,1778239231
sssilencer,PL,,0,1609696583,1615051349
graybeard1987,AU,,5,1606830402,1772155371
rantmental,US,,2,1610345751,1765567898
brill2662,US,,0,1607033058,1698256023
d_c1,GB,,0,1385131981,1743241552
helevore,FR,,3,1610894375,1704216150
tonileinchen,DE,,2,1598634436,1777981438
mo420691996010296024,SA,,4,1595896718,1707092282
sergeykorkov,XX,,7,1543701722,1777981440
eronwagnus,NO,,2,1606514064,1774114533
benji0882,AU,,5,1597898125,1773344589
harlan_02,IT,,0,1609064914,1754739280
lilchazz99,US,,11,1607620654,1758333703
resinlive,US,,9,1606444654,1774927525
thecosmologictrader,IT,,0,1606851409,1639322540
ignaval,ES,,12,1586109105,1778239294
cookiesmiilk,US,,29,1543780250,1778177845
mtid123,GB,,8,1606341357,1778235788
beketaev,KZ,,14,1610115620,1778159514
thecity415,US,,3,1610319023,1778224305
sirlanceoflompoc,US,,1,1425508855,1615037251
viktoriia27,SK,,0,1609688090,1777981450
chalina11,IL,,26,1605360049,1778202019
tiezel,NL,,14,1607010736,1732744464
anthonymccapra-inactive,FR,,18,1610243313,1693258263
liberz,GB,,19,1371483004,1778090880
hrszz,FR,,1,1611410082,1744917517
bibitosr,BR,,6,1594084518,1778164678
brilliantbarbermoves,IQ,,30,1610504892,1778228512
heebis,US,,18,1607549629,1774731817
bigaust1,US,,1,1608183683,1673293147
colynjonker,NL,,22,1609868276,1778238525
lamppost2021,US,,18,1608267082,1699551967
rbthompson,US,,1,1607379941,1777506449
axnesq,PH,,2,1605324251,1777981461
jsparky23,US,,2,1607048225,1755823940
aigarolv,LV,,39,1611670524,1778238429
bmckin06,US,,6,1590297835,1775927379
h3rn4nx1,AR,,0,1611689387,1756055492
myouzat,FR,,7,1611270688,1669460129
mottyk85,IL,,36,1609034665,1778220733
psychoboylex,RU,,2,1611649135,1672015672
marcelows,BR,,0,1608560819,1623490728
adaltr,US,,8,1398068539,1772493671
vogeltje199,NL,,1,1610964550,1735832392
rastacass,NL,,4,1609921516,1777981469
xool_king,CO,,1,1607221165,1777406538
tejkasef233,MK,,35,1609286367,1778070858
pumpupumpu,RU,,2,1609150491,1660206441
fllying,US,,1,1610047263,1681140063
barakhindi,IL,,13,1606169631,1651750048
peachydaemon,US,,0,1606973092,1677747057
floridagator75,US,,10,1328471494,1617173651
r0blay,FR,,5,1611760577,1778190206
ryanevans25,US,,12,1607486498,1778215103
gusismyhero,US,,4,1609660054,1664832785
raphzer51,FR,,0,1609943569,1773212921
luccasanfelice,BR,,2,1588802799,1778200691
abnormalmoment,US,,13,1603902445,1718395093
andreae101,GB,,3,1590620473,1758817273
chemclint815,US,,19,1605888056,1777981481
fooolish1,US,,18,1604771646,1778119620
silver1963,PL,,3,1605383024,1772055776
alkaplan6,US,,37,1606622613,1777342705
matteocasanovi,IT,,2,1605983665,1778207409
deepsleeep,DE,,9,1592915764,1775647387
aureza12,US,,3,1558904731,1652979880
hitheredanny,GB,,6,1606795070,1777377350
palman85,DK,,12,1577314118,1754317948
videogaming3000,US,,13,1606269187,1774139414
andrewblance,GB,,9,1609155176,1661702256
j5590,ES,,0,1609711684,1776865698
knoxharrington420,US,,4,1607307264,1778203492
timo91d,FR,,9,1610298891,1778107996
claudewms,US,,0,1604370559,1777981491
albertgil14,XC,,1,1611803301,1705462416
elvenpawns,ID,,2,1301111854,1681387921
danraziel,VE,,5,1609298492,1774672772
astarks3,US,,11,1603760986,1776117214
klhaas,US,,8,1609542335,1777847464
pawnsandwich86,XX,,1,1610092667,1626474533
sli2,MA,,0,1609147553,1777981497
entrylevelrat,US,,7,1608373158,1684348699
gaugesym,GB,,2,1592599749,1753616857
electricjumper,CA,,10,1499022708,1777815164
luz_xii,DE,,0,1568910274,1675238606
xfujibr,BR,,8,1610823793,1775059056
martha-c,IE,,5,1446297884,1708007184
gauvinj,FR,,28,1610705262,1763828999
l0u80,XE,,61,1609938426,1777981503
cotossebastian,RO,,8,1609617622,1731310563
s1eepfighter,US,,6,1608589803,1778218831
lelucz,FR,,4,1518543552,1682873393
alejandro897666,ES,,6,1612084738,1762036141
cityzen7,AT,,1,1575565226,1778238611
lildudsi,AU,,5,1610605388,1777981507
joethekinggambit,SG,,16,1606386761,1692033136
shayan50,DE,,3,1560189361,1672291483
ashok7733,IN,,2,1605199541,1636706623
linkiii06,DE,,1,1605969731,1776878037
thrivesbtw,US,,11,1606764987,1778200763
mikeoxbroken,GB,,28,1610885528,1742924854
mosmank,SA,,2,1611128839,1777981513
25owen7,US,,4,1517237879,1650428337
cgibby3,US,,3,1604734190,1703747280
fcapo11,CL,,53,1610724267,1777981515
alfan007,HR,,3,1597689800,1777726402
thalesh5,BR,,1,1609277024,1749346038
kwehmucdee,IT,,2,1611004205,1737054267
stijnroet,NL,,7,1591698250,1777574381
rlchess2,US,,9,1606771470,1778129850
suspiciouschicken3,PH,,4,1592971587,1778198366
metropolisgrey,ZA,,39,1611731534,1778191910
thekdz,FR,,0,1611409730,1777981521
christozouen,US,,17,1558755847,1762453536
uluquoraicgigo,RO,,7,1522639745,1776430236
japeng97,ID,,13,1611768379,1777961029
berruchess,PT,,2,1612123207,1651650973
conorevans42,NL,,17,1607565396,1777895171
fawwazy44,IE,,1,1607286086,1778156796
hungryancienteyes,PL,,1,1612107334,1628779856
federicogarzarelli,CH,,2,1603701373,1771968176
jdew64,CH,,2,1482955596,1712626038
polyloach,US,,0,1611524111,1644595940
jprigs,US,,11,1605837623,1635934436
pink-pancakes,US,,7,1488060864,1738626260
zachsilb,US,,4,1606944634,1777346622
oscaralec,MX,,16,1598573734,1778214914
justgusnyc,US,,20,1607140219,1777943305
kallevala,SE,,1,1606643806,1615453659
patrickw_7,US,,2,1608096507,1778179566
dariafl,GE,,4,1609693358,1771838039
darkness0074,AU,,10,1606230589,1778022930
ambassadoryoshi,US,,20,1513132525,1778210054
marrswolf,US,,25,1603731819,1749205646
edtorres99,US,,3,1516626055,1775866082
bengoodger,AU,,6,1521118509,1755073406
bullcharger,CA,,7,1367684135,1778238533
puuba_young,US,,1,1611728354,1621459876
christianllegoo,ES,,2,1611961460,1778219332
tensebot,GB,,4,1610466251,1660473277
muddleofpudd,GB,,5,1611563533,1778128371
coco_buttah,PR,,19,1533869263,1776191054
cleaneezy,HU,,9,1610735248,1777981544
cuacovoraz,MX,,0,1606763889,1726699349
mathsafterbac,FR,,1,1611502768,1777981546
adri4silva,ES,,4,1608335417,1739291435
cabadeus,FR,,2,1609706381,1633318637
jadeisokay,US,,5,1604631372,1652800457
sahar1990y,AU,,2,1606813241,1695985011
hebaboro,NL,,0,1611518098,1777981550
chase_cheddar,US,,15,1592174717,1761599615
espressibo,NL,,19,1608369895,1778225981
caioanixebredes,BR,,3,1610759511,1716148820
1sttejas,IN,,4,1610359145,1777830771
muratdrhn,TR,,1,1612117213,1622908778
cyborgalex,RO,,3,1494700343,1699954152
caiaamani,IT,,3,1610827851,1651160496
toglul,CH,,4,1609170224,1777981556
mremaths82,GB,,17,1585138660,1759637145
lucassanow69,US,,9,1605287335,1776093460
bg0413,US,,1,1609136719,1778230103
robingoubet,FR,,2,1611833443,1685255661
horangchia,DE,,4,1610575772,1732035782
angelagustin2021,ES,,4,1612261836,1775919690
rookmedaddypls,US,,0,1606708896,1706968626
mxdr0pe,CH,,1,1610799541,1777981562
martinmiir,ES,,13,1610958729,1777981562
grandfinbar,GB,,6,1605461915,1778067147
sknefi,SK,,11,1611314572,1776703712
snakkman,IS,,10,1346001136,1778084724
ibrahimaktimur,TR,,18,1560441058,1778157130
bobige,BR,,2,1394589059,1778208681
you_pawn33,IE,,10,1501018398,1776813190
arkolo,DE,,2,1609639627,1632753292
seiji3,US,,3,1610779402,1777981569
tkaufman9,US,,2,1610178052,1775412660
tomsan94320,FR,,1,1610552499,1753542149
zettabyte9,US,,8,1431973676,1759018179
chessflower1,CA,,4,1610071494,1777231897
jonah2327,FR,,1,1611520676,1776371616
pnation30,SE,,7,1604358869,1778239298
thlangtree,US,,23,1610139635,1777859373
bensonstevenson,AU,,4,1607567524,1777981575
jeet404040,IN,,0,1601825449,1633815493
pedroasacc,BR,,16,1610373602,1775088755
makhijahimanshu,IN,,7,1612107311,1717604452
wagnusmunsen,US,,8,1578453285,1727305251
groheman,UA,,1,1607527477,1709727574
scoop332,US,,33,1604957599,1778209602
alex_1039,MX,,12,1609730336,1773960556
blakerobinett3,US,,3,1610034000,1704832964
0xyg3ns,CA,,3,1611263145,1734910448
elpadrulizio,FI,,5,1608667581,1698155917
thelauw,NL,,1,1588786318,1758891744
erne21,US,,1,1609956395,1751831496
joaobeardy,BR,,8,1604568778,1778231582
arkleme,SG,,7,1606964987,1676672530
kspace,US,,1,1441163612,1777981586
savita_elena,ES,,1,1611481870,1620310349
mariangoldmann,DE,,2,1589126036,1620097126
dimbo535,DE,,11,1611513212,1778236686
faurabh,IN,,23,1611776486,1745077677
jamesn1991,JE,,0,1612296283,1661543381
rescuerandy,US,,44,1610140830,1778206059
bobbyisalmostfree,AU,,1,1612781909,1622446115
darnluna,US,,0,1609657810,1777158477
leonardogiachetti,IT,,5,1611504557,1774118892
lolo9999x,US,,7,1606196675,1776528559
jventurini2,US,,4,1610487870,1772587781
gpcelo,PE,,0,1610759333,1623674820
christiannielsen12,SE,,5,1608943103,1777981596
pcinc,US,,0,1565245928,1777981597
akshaypatil491,IN,,8,1589921769,1673850468
steeler962,AU,,17,1606069586,1778237235
kiorypad,MX,,1,1610706157,1777981599
abanks03,US,,5,1474242798,1777851110
gmnathanaxel,ID,,6,1612810982,1778221876
guvayne,BR,,1,1604570950,1723348066
faisalawaiskayo,PL,,44,1607277002,1777935026
levifreemanx,GB,,1,1611675139,1641480987
jiem768,IT,,0,1593108348,1729239518
h1tl3r88,HR,,9,1487069650,1613365046
gbz1n,BR,,10,1612563491,1777920716
papabevan,US,,11,1607628993,1707410028
sonnenblumen3,KR,,101,1605481526,1777967568
alans123,IE,,9,1612214235,1778064169
mickaeldanslenowhere,FR,,22,1606356532,1778129285
stephy659,FR,,43,1609327032,1741209481
jippyjipper,US,,20,1575858881,1777610460
gavrielbattiato,IT,,24,1610919285,1778103852
anatianooo,SA,,8,1612613097,1751054351
theoliverjosesito,BR,,3,1612137069,1777456736
urakih_arumkan,CA,,1,1611693843,1777981613
arihy,KM,,15,1599949365,1778227604
tferrara127,US,,3,1604960422,1777981615
bookyourrook,XX,,10,1597270252,1777760567
jean-michel_etchay,CF,,5,1605898427,1707075467
kumaraswamishanthosh,IN,,3,1608598757,1778227741
sasquatchspiff,US,,7,1606613313,1774399408
xac70,XC,,25,1597847038,1778182624
ndeiv,AR,,1,1611368755,1777981619
madmeal,DE,,4,1547245237,1778239374
jaephillseo,US,,8,1388886777,1777981621
jameswunderlich,DE,,3,1591426237,1778178859
crunguse,US,,12,1611243609,1669459418
tommasito,IT,,0,1611342973,1613367951
rattietas,AU,,31,1607342858,1735491016
maoule666,FR,,1,1612895658,1644239853
favredomination,US,,0,1611333551,1624863534
josecolzani7,AR,,2,1604519089,1713997188
flingfan,SE,,0,1612827043,1777981627
raul597,XG,,4,1606743034,1770851107
dragonite888888,SG,,12,1523096467,1688455129
kishoreubale,IN,,8,1609749529,1718813059
froddothedestroyer,GB,,4,1606080674,1662896572
johann865,DE,,7,1611521455,1762915089
blackrxxk,CA,,8,1518877258,1778236087
btotta,BR,,1,1608482252,1732883260
polytoveetch1,IT,,2,1606757523,1700828207
goordx,FR,,11,1607791777,1664977331
karpov76,JP,,17,1428889985,1769945011
alinl,TR,,1,1613070325,1613724653
rysofly21,US,,7,1612584202,1703473336
joscho42,LU,,15,1611865951,1778229902
darkzames,UA,,7,1590686054,1613637836
roshanshah15,IN,,4,1597171705,1690832970
drzotti,GB,,1,1609787646,1777981639
carlos10v,ES,,0,1609100736,1627191570
mrcoolhandluke,US,,1,1607258449,1680187227
fedeinbici99,IT,,26,1605003876,1757608488
maxi77185,DE,,7,1612785237,1777324209
romainfoxy,FR,,0,1609789927,1614236401
morankh22,IL,,4,1607555046,1624596582
sagarnirgoon,IN,,3,1609933456,1646337687
thehooks,FR,,1,1612559599,1731968548
667slash,FR,,5,1605011030,1735223179
zxcskazahstana,KZ,,9,1608160294,1768321254
kiratsd,NO,,5,1609924926,1751459067
bboyposh,AU,,67,1603111437,1771365835
tuff2pj,US,,0,1607371415,1777981649
j1993x,GB,,6,1606758272,1777981650
andusito7,ES,,7,1607181180,1708283849
chessplayer5544,US,,1,1611183693,1739111693
300d,SA,,14,1576751411,1772478887
lillymarlen,NO,,11,1571249937,1744470961
ericheck,FR,,8,1514239600,1772096329
basho69,US,,4,1592520292,1772514160
infirid,RU,,7,1609893951,1672492132
torotti,TR,,6,1612990427,1777981656
backroomboydk,PL,,1,1611172752,1696191404
bluewocket,GB,,3,1609019965,1778232313
deatheateryt,US,,5,1611786078,1679475380
elmake,FI,,4,1613213900,1778179611
jack_on_crack,GB,,0,1522607781,1753205479
tonystark_1234,IN,,0,1612634103,1626945508
koala900,AR,,0,1613084596,1613740957
beginner8209,IE,,5,1609178657,1671923188
lestas,FR,,1,1609788270,1754213034
bebertecartouche,FR,,34,1335445312,1777550761
simsaiiabim,DK,,2,1611768185,1778187639
ericwong58,US,,1,1612640882,1733825830
balskey,US,,5,1610138960,1777293956
thieu77,NL,,0,1504297869,1646745491
hydrantt,US,,6,1610979109,1778211501
luizanacleto,BR,,60,1607518160,1777559783
emad88n,EG,,0,1605049270,1618442548
codyc3979,DE,,5,1606846417,1777981670
supergmbenji,US,,7,1599627906,1777028107
leomarriqui,BR,,9,1611324388,1664101297
sneaky3750,AT,,4,1608140190,1749579721
abcbcd,ES,,6,1609179798,1692956250
unnanni,GB,,6,1586893308,1680692049
kedumah,TR,,1,1545057678,1661330574
buitsi,ES,,18,1605393398,1778238472
alvarobarez,ES,,6,1608828002,1777981676
sixfourcheck,IN,,15,1389496131,1778237280
dkdnehehs,KR,,1,1609870920,1675645910
noob_tito,DE,,3,1608740811,1671460079
kenettt,US,,18,1537806749,1778227518
nud0,AT,,0,1610474614,1777981680
gladius0,BR,,84,1457093079,1778213402
peggles00,AU,,0,1587901655,1641604543
ramon99999999,ES,,2,1598017406,1756415393
avadava,PH,,565,1593946033,1778238548
camthemindsculptor,IE,,9,1573145548,1778027235
haughton820,SA,,0,1597981765,1704780648
h2stihea,EE,,4,1358516417,1673570070
vonzimann,CA,,60,1598844263,1778237879
unhyeok,US,,18,1610474849,1777981687
alx_sa,FR,,2,1555071138,1621230028
auntyamanda,AU,,2,1587969807,1616949936
x-9279416135,XX,,5,1612808748,1648102976
larskcht05,DE,,3,1591919517,1777930418
jbdec,FR,,2,1606060309,1777981690
mr_d90,US,,5,1610908320,1771535788
gautgoat,FR,,8,1612568371,1754026417
tlggunnes,TR,,2,1587405720,1775139994
balanta1,LU,,8,1592593192,1778193577
fougie009,US,,8,1613230243,1714418059
navroopchahal,AE,,19,1591772491,1777575566
arnofunk,BE,,2,1608426140,1717433305
ceterisparibus19,FR,,4,1605564350,1769446393
alexlugovskoi,SV,,0,1610537399,1777981697
chefmiche,FR,,8,1597642585,1778238148
rogartk,CA,,7,1612152802,1777981699
noy971,GP,,14,1607309972,1778172632
emait,ID,,18,1573962893,1776259710
faeze6664,DE,,5,1610321731,1694381443
pranav1609,IN,,6,1595753234,1695812079
bendossen,NO,,9,1609176129,1773518037
arjunmoorjani,ID,,4,1609253057,1778000855
brinerlovo,SV,,2,1603689025,1778090508
bpogi,US,,8,1567803239,1777830564
mbavincinz,IT,,11,1605262597,1764241549
oaktree6842,US,,25,1608347338,1778236901
stefanomormile,IT,,44,1612458757,1778240161
basilism69,US,,12,1592754970,1771628714
doi2trei,RO,,2,1611489669,1777820362
vizaroy,US,,0,1611020093,1777981710
icecreamsocailite,US,,3,1610225370,1625175837
lukeb6969,US,,6,1592525941,1734038852
hon3yd3w,US,,4,1606835106,1772478439
davidsantos83,PT,,2,1607208807,1762469571
manolo12zjjdn,MX,,1,1567087645,1777981714
snot62,US,,25,1612301352,1778238278
thedaniel2706,GB,,4,1482178971,1776463821
annagrams15,US,,4,1610822527,1777981716
grandarbitersisk,CA,,2,1596843811,1778169369
bedro_0000,US,,16,1559678909,1778217412
diegoramse,AR,,6,1608283044,1769231082
ivanoo21,IT,,2,1610329523,1614563247
larford18,FR,,6,1609284117,1740750230
jgm223,ES,,4,1610565240,1770644541
yagyank1,IN,,34,1529757249,1778230327
lolson7545,PL,,12,1610406975,1777981722
flowerbomblotus,MX,,18,1540615143,1777981723
gokull_sridhar,IN,,43,1594551612,1776213142
zekiemreturkmen55,TR,,2,1611680127,1621517565
kcrush27,CA,,3,1461776649,1723171578
bebsang,FR,,3,1610729305,1723498880
elephantgoesbrrr,KP,,11,1544903740,1777981727
kirillou91,FR,,8,1604834798,1720195519
jgaynes,US,,9,1295461220,1765119982
vacatio,US,,5,1606926852,1750767561
edumister10,BR,,11,1613502802,1669122184
amatsko,NL,,9,1613147354,1775343870
magalirx,FR,,30,1611445790,1778016909
thekingdempz,GB,,9,1610537222,1777681851
bmaguire530,IE,,9,1592413032,1778236452
agshorter,GB,,2,1611688225,1777981733
oli4tje_01,NL,,12,1599494432,1775391822
neda132,NL,,1,1612914749,1777981735
maria777888999,US,,16,1605998012,1778206374
edmarg91,UA,,2,1613416871,1687258811
calvinstein,MX,,15,1590986277,1778072703
bbshark77,PL,,0,1608650159,1747045918
mmc1998,PH,,10,1336808151,1778215443
bombour,CA,,2,1613110285,1751392919
taurus37,GB,,6,1611459644,1777981740
noobsidd20,IN,,25,1597435163,1778188548
archanmol,IN,,10,1603034416,1629064698
xxxdbr,HK,,11,1609547847,1778236426
hari0779,IN,,0,1613557998,1777981743
hooplaahh,US,,13,1591650640,1778226757
jia8,US,,4,1603868190,1770351177
snafucalv,DE,,4,1604407916,1619495089
oiecheckmate,US,,17,1525582561,1774825722
benoitmasset,BE,,0,1607889482,1777981747
sachaparkitny,FR,,3,1601129806,1778168516
hc1976,FR,,8,1573478527,1778170026
feimz,BG,,23,1611318190,1778166737
yanz_23,AU,,6,1597412852,1777179226
kleland1003,DE,,5,1611181749,1778239822
krasztu,HU,,6,1613307131,1750272348
koden98,RU,,14,1587131825,1778237936
pinkexodia,IL,,11,1610616685,1778223904
radzcccc,RS,,5,1576992817,1715335399
ahmadhosseinabadi,IR,,13,1613040668,1767254253
godinoklk,ES,,4,1613289586,1777981756
dbb01,AU,,1,1605203459,1632123357
zeeshaank,IE,,7,1610049039,1733430885
ren0210,GB,,18,1605730257,1778090341
everyday667,FR,,7,1588065091,1776641633
kristenbratas,NO,,10,1607690911,1776076165
kdougras,BR,,2,1613310832,1720883311
hacken,CH,,2,1268925006,1767220198
maxapoll,KZ,,7,1613220230,1778176971
wagenaar86,NL,,13,1608377018,1778078761
zexley,US,,12,1608617712,1778212708
pichess23,GB,,0,1610727324,1777981764
jawnkyle,CA,,0,1592951382,1671642882
italianzjz,US,,2,1609890173,1777981766
jatidude,US,,5,1370567725,1694743741
bbuss224,US,,0,1611433415,1775264431
mdvcarlos,ES,,1,1606090043,1778189892
mknorth,BE,,16,1439566099,1777923027
gdenth,GB,,21,1590872776,1773950335
mooz666,US,,5,1611871978,1777981770
stellar1986,US,,11,1610677929,1778239121
flufffypandaa,SE,,0,1613328595,1665186994
row454,GB,,1,1368370028,1778229986
skoch97,BG,,1,1507576860,1720970609
grandmarex,ID,,14,1606180715,1775628936
emiratez123,ID,,11,1590136612,1713021442
tom99222,US,,0,1612978946,1650655300
zrk1212,US,,38,1609940496,1774790428
iron1981,RU,,10,1608466178,1650795016
shahbajsiddiq,BD,,18,1609434636,1768194543
stormer_max,GB,,17,1607594117,1700731177
xepicdanielx,US,,10,1604522463,1778203963
aladinchen,DE,,3,1612526083,1760969112
mario0110,IT,,1,1609144279,1778167348
earlyfireworks,US,,1,1606571006,1777981782
rsh7,US,,7,1579971494,1778106633
yomally,US,,12,1613685854,1778237411
ajnwozor,ZA,,21,1606848716,1778178402
njdog22,GB,,3,1385756049,1750790434
professorcozmo,CA,,13,1611908578,1749156648
amrbincabbar,TR,,2,1508943833,1767431187
npawned,IN,,11,1577284282,1778221511
hxrun,ID,,10,1596319729,1647804230
correderasoria,ES,,8,1605220076,1776357985
batvn,RU,,1,1585070809,1617066713
cornellxq,PL,,0,1604272680,1778075206
sjors8,NL,,13,1451423982,1778183156
wancimuglia,IT,,14,1606988948,1778115187
sopromat84,KZ,,1,1519268484,1661983592
adrianvasile07,XX,,8,1613117818,1764444376
xmirrorx,IT,,9,1611431005,1700179804
amirzhan_assylkhan,KZ,,2,1591816561,1777981795
fifajr10,CA,,0,1611352455,1619307211
carcastone,FR,,6,1607684909,1777981796
connorc56,US,,0,1610462015,1683568428
sr926,GB,,7,1610132855,1769013790
whimsy47,EU,,7,1606820177,1772412363
piper2323,ZA,,11,1605589970,1778237114
mikiblackmen,MX,,1,1609598681,1777981800
egulds2016,US,,2,1591641700,1722788974
theantonio47,FR,,8,1591035548,1778147082
siebegielen,BE,,12,1608323335,1778212645
reinaldo44,CL,,3,1607194857,1778202806
olorok,AU,,6,1612069258,1776912134
partypancakess,TR,,0,1608316781,1614512808
49sirhc,AU,,3,1611275116,1717927699
aheadnacho,PL,,4,1607169149,1770635693
torlakr,EU,,1,1607425086,1777459065
manu3f,MX,,0,1612579295,1618745963
fernandocury,BR,,27,1561519509,1778231426
bobrapace,FR,,3,1609282330,1695995646
loiczuffi,CH,,14,1570290023,1775714038
jacktorrrance,US,,0,1612947017,1622959553
iloveaorxki,PM,,21,1540215204,1778213777
winorwin999,IQ,,10,1610864904,1777956755
dankasfuq,ZA,,1,1592675085,1777981813
linara-s,DE,,31,1598299913,1778058403
911dea,HR,,4,1578508080,1777981814
arscool,KZ,,17,1485012835,1743960325
hewsnej,XX,,0,1613588505,1615561552
adam111011,RS,,9,1611326246,1777729002
deelf14,US,,2,1608350329,1777768050
huaco217,AR,,24,1607200266,1778200410
galaxyotter,AU,,2,1591718926,1777981819
yerpime,US,,4,1604433214,1767886687
kaaataaar,RU,,0,1608416351,1776450170
spetzi0,DE,,5,1610252060,1675076260
jbuck421,US,,9,1591995757,1771331876
shubhdakaushik,VN,,5,1607574789,1777981823
fireenzygo,US,,0,1572742346,1752015626
glassgoat,US,,0,1593124821,1628172452
brianfullen,US,,9,1551444746,1759333372
svenhale,SE,,4,1606849602,1768334151
rickert-jan,NL,,7,1610441495,1778096064
olaf2play,US,,11,1591810144,1774711958
eddyeldudemelon,GB,,4,1587059333,1771847250
blckpwn243,KY,,4,1607621451,1677226992
yooperdoc,US,,0,1607389352,1620725530
adamcy420,PL,,5,1612778410,1777981831
ishakbass,TR,,2,1610666209,1762448560
vishaljuneja5403,IN,,7,1600272704,1727000323
eointucker,IE,,6,1610812381,1751486394
jmads13,AU,,3,1458035667,1778035117
benig2001,AR,,9,1608948197,1777981835
pyromaniac29,ZA,,3,1598952176,1778232442
reco11,DE,,1,1611558836,1633050899
ralphillingworth,IN,,30,1567623009,1776867235
alessandro230519,IT,,2,1610362510,1643157552
nickdelkis,GR,,3,1578494686,1766092777
robio29,GB,,0,1610492753,1778139172
achyutheturi,IN,,1,1611772150,1775053122
froglem,FI,,0,1611678435,1774637915
davidsmith678,AU,,9,1604689964,1778240223
gzak77,XX,,4,1612728020,1729168381
faramir31,NL,,8,1609612807,1778228472
pmatos76,PT,,0,1606297739,1625039420
iremkara19,TR,,3,1611851220,1620657612
samlarbi,DZ,,1,1598644229,1777981845
bpaulsen98,US,,8,1612913772,1754483352
dermott99,GB,,22,1553476461,1770665911
djef49,BE,,12,1613144358,1773657346
luizlogan,BR,,1,1610376899,1767985727
sciscito,US,,0,1608065936,1642116492
whixlo,FR,,9,1606297487,1764455552
sdm2310,GB,,3,1610053252,1708205758
hdiasofh,US,,0,1590877579,1639463113
elitegbg,GB,,19,1609343997,1661251643
etherplays,GB,,7,1610462239,1778232828
naosss,DE,,9,1611141831,1777981854
apache8000,US,,21,1387638061,1778235954
thunder19780,US,,2,1607305402,1777981855
sandz99,GB,,6,1611862510,1778177275
furkapydn,TR,,0,1591834266,1665134093
browntimj,US,,4,1609310959,1778215597
daanbeulen,NL,,3,1609783381,1776603860
dvsemenu,US,,20,1387680353,1732653368
sarahamadi,DE,,0,1613861966,1777981860
beirney,IE,,10,1508962882,1778240800
battigul,GB,,1,1611607038,1733437760
welintonmoura,BR,,3,1590450847,1776479469
xix68,XX,,11,1614016944,1778154029
arara717,US,,1,1544154448,1637088685
obito94,DZ,,6,1584301010,1772880215
sacharoxas,FR,,2,1605650759,1747995814
jlcmux,CO,,8,1607918208,1778208569
ajmucci1791,US,,5,1609289861,1778237520
xtaconachox,US,,4,1605073550,1777981867
fnwhy,US,,29,1405271794,1778176711
heey3437,TR,,0,1579252054,1632977586
ciaranseven,AD,,0,1606059771,1778211063
hippie1968,FR,,4,1608477200,1672931333
bryannov,GB,,7,1456580904,1703385915
tequila365,EC,,2,1613436727,1668775248
wuelde,PL,,0,1575234331,1684788126
ejmeredith,US,,0,1597350475,1776858939
danny_360,US,,8,1601243494,1778235760
thedambo1,PL,,0,1607205673,1706737550
luckynotgud,US,,7,1607294180,1770278510
ssscavanger,XX,,26,1613833547,1774622261
oh-n-3,US,,3,1579210963,1772170856
stoyboyz99,US,,1,1498261456,1772262637
trzin,US,,0,1610692007,1640120176
laglissade,FR,,1,1605723194,1744401073
markk707,BR,,5,1607428715,1704815303
a1exdean,US,,19,1612748053,1690910607
onur0981,TR,,6,1612897786,1774816429
donato67,CL,,6,1604704056,1735317886
ajxs1984,GB,,6,1607157887,1778157923
jahfeel808,US,,4,1611793392,1651494882
michaelknight333,GB,,8,1610806943,1776092899
tofurky93,US,,5,1606523229,1778199201
smiithsmurf,US,,0,1604544630,1725931487
robinleg,FR,,6,1609844302,1778012098
cuckluzny,US,,6,1394135850,1772415573
francovillavicencio,CL,,0,1614103757,1622394564
chesscapoeira,US,,46,1602456046,1778120759
greeeen90,US,,3,1592438858,1750391047
tytuscramel,FR,,0,1607052259,1730871623
willkymix,FR,,17,1608119930,1716291978
nicholasbagamian,US,,0,1598127835,1777981893
weedking011,DE,,3,1582054939,1622886943
alfonsoov,ES,,8,1613678712,1777981894
betterthanhazem,EG,,7,1612785069,1778065291
tommy2260,IT,,4,1610991648,1678976892
tanish7590,IN,,1,1608061070,1777981896
lastmenjkjjk,SG,,0,1599560571,1621420771
chess1200bc,US,,4,1593463074,1777981898
falineee,ES,,13,1611147596,1773362996
samuelop2,CA,,8,1592841872,1770085199
fareweii,US,,17,1611661462,1777981900
jawwwwwwwwws,GP,,2,1609174492,1778085100
uft3y,NP,,10,1377250183,1775131082
kaczemrugacze,PL,,1,1611399047,1772614359
joaquin-ibarra,US,,1,1613072871,1743174692
umutbey06,TR,,1,1610976208,1672656979
markusmees123,EE,,3,1614714906,1777981905
alex_in_green,GB,,1,1609783611,1758104071
bobarkata,BG,,1,1610113181,1625840697
chiefsosa27,GB,,23,1606241060,1778200157
rafa7l,BR,,1,1607536051,1752430315
youngitachi,CA,,0,1606930086,1777981909
paxeto,CH,,11,1613135714,1778234918
netlex_x,ES,,5,1606974537,1777981910
eric3360,US,,2,1606325726,1773105254
yg4hunid,US,,0,1611113291,1729712028
m4x1m3du57,FR,,5,1601167347,1777456165
hubertjakubiak,PL,,1,1481737655,1775759034
growinchess7,US,,73,1608268945,1778211164
eliekind,FR,,8,1547549181,1740920374
lionmasterofficial,PL,,11,1607335225,1774389862
yas_ac,GB,,5,1589816564,1776108658
flowerlight,US,,706,1607660131,1769882172
michele_86,IT,,10,1611167168,1778214483
jackritchie10,GB,,6,1607714679,1772533901
maciejso,PL,,10,1614726560,1778190862
gatis230588,NO,,44,1607940138,1778238461
alfobun,CL,,5,1594344962,1777981921
orib9,XX,,4,1608590474,1777981921
smallix,GB,,2,1595518421,1617871619
unatakan,TR,,8,1606119389,1777981923
arbijb,TN,,0,1614347304,1778171495
nmaltz,US,,9,1614556089,1778184558
passatempo16,IT,,0,1613567014,1706219504
sins22,ES,,0,1608756455,1615094361
taurusaurus,NZ,,5,1609634703,1778240072
sommeliero,IT,,19,1610047216,1765479328
xandris,PL,,5,1609954346,1772745086
emagomezz,AR,,0,1612361631,1777981929
ddorism,GB,,0,1614168798,1616791182
theadmiral09,US,,17,1607234246,1778231330
jayjacobs92,DE,,0,1614855799,1744224439
christophervedwards,US,,6,1611582978,1778236252
dunedoo,AU,,0,1609922222,1672969640
kepppkepp,US,,5,1574379529,1778090422
rcf2021,ES,,0,1614704985,1777981935
arminghorbani,SE,,2,1613604053,1777981935
smurfmt,IE,,15,1337026448,1776643908
wakapuerto,US,,3,1584658902,1778187398
sizzay26,ES,,10,1610323646,1772894497
challent,US,,9,1612751995,1770085416
dzimi11,RS,,0,1397999518,1665851579
andreasnotis,GR,,11,1557404617,1764337407
sebastienlandry,CA,,11,1609025659,1764899577
markdensan,PH,,2,1614673765,1689167320
powabrands,ZA,,11,1612186327,1757798205
miinimoy_10,ES,,4,1613059555,1777981943
luca_ghe,IT,,0,1612625876,1624975536
danbublitsky,IL,,19,1591129917,1777710151
xzwer6900,NO,,10,1613172739,1771875728
superwog,KP,,1,1344612527,1718420336
lordfahm,AU,,8,1560692599,1777895183
uneg_kd,DE,,22,1458303694,1777981948
mrspeedair,FR,,12,1611494414,1773827897
champhype,ES,,2,1512473184,1726586962
pvasugi67,IN,,0,1583161055,1701674474
chessvin760,US,,0,1613538982,1660740333
numismatica1,BR,,35,1614365276,1777981951
joselopaw,MX,,1,1611371892,1778240927
manuebrio,ES,,7,1609551696,1777981953
tukilos,NL,,8,1610736711,1661214115
dannyyob,PH,,3,1612788023,1706688237
bartiq21,PL,,1,1607610652,1777981955
mdotca,JP,,2,1610534509,1777981956
roger_hawk,BR,,10,1615129664,1777817581
tbennett44,US,,33,1612850280,1777981957
77cc3ba33102,SI,,2,1614914519,1669241441
crissential,US,,4,1531249266,1766953895
babaji369,US,,15,1613363383,1778208813
fuulhd,FR,,10,1605692751,1740953234
gabrielbsousa,BR,,5,1613023452,1777981961
saadchaali,MA,,20,1609088368,1777995382
glugluponcho,CH,,2,1609006131,1726501345
marcelloturuna,BR,,21,1524965747,1778217618
agsjns,CO,,30,1562879762,1778200134
xavisegura,XC,,2,1605289312,1759708246
highdje,FR,,3,1532955818,1747354962
liqiuitwalker,DE,,19,1616414998,1759217949
paapaboateng,GH,,18,1609599257,1777931600
dutchie_sleat,NL,,21,1611195129,1778232415
ardiansyaharsyad,ID,,13,1612231564,1778229664
mattbadham,GB,,53,1503871814,1676544696
conorlennon12,IE,,2,1608059575,1777830703
jtmd10,US,,7,1604859357,1778006106
jjn20,GB,,6,1609087506,1777981972
jusjusten,US,,4,1612070502,1778210073
scenezy,ID,,1,1608503245,1777981973
theopartizan,IT,,13,1611607114,1778231106
kangarook123,CA,,4,1454889340,1773115607
zzkamilzz,PL,,1,1614095585,1745767335
danielperezino,BR,,41,1609433422,1689879037
potetooooooo,XX,,10,1516127387,1777981977
facelessmouse,US,,0,1615604269,1777981978
chesskhel77,US,,0,1588024227,1778233651
hatsi23,AU,,6,1604803149,1777178257
jaleeoz,TR,,2,1615311387,1622132761
antholette22,EC,,42,1616858297,1770847996
andreavelino27,BR,,1,1608569579,1711851768
chrisbonanza,US,,1,1612888222,1778213511
bezigrad,XX,,7,1610564769,1778172390
rmr9492,IN,,9,1607581516,1778224279
ihangqueensalot,US,,17,1607200763,1778189914
bobobay,ID,,0,1617312373,1777981986
alexvaderlifeuy,UY,,15,1586580515,1777442178
grokhar,SK,,5,1610115258,1777981987
logantoja,PL,,1,1614246475,1778179078
kmo1986,US,,1,1614276193,1776023109
vhcferreira,BR,,15,1373934726,1778113007
liambuck4,US,,4,1586744503,1777981990
alainog,MX,,8,1613334334,1744937900
sleps01,US,,2,1590777644,1741837313
elxpacman,US,,0,1608332106,1778241115
marcuslasota2,DK,,4,1604483638,1745574043
maw232,JO,,3,1611416632,1676896890
vitaly200325,RU,,15,1609122142,1777742292
jalfilho79,BR,,3,1609881841,1777981996
famousblaster,LV,,6,1581187748,1774343381
oldirtyrook,PT,,7,1612696361,1777952273
everypatrick,US,,5,1592518613,1777840459
defraq,PL,,3,1608697064,1721258486
kamajestosa,BR,,5,1611191823,1733748537
f3s3ly,CZ,,1,1590620123,1712658425
samyoyo,MA,,0,1604611131,1629350792
jmlavoier,BR,,44,1609341314,1778241149
diegochesswh,US,,9,1605482445,1777982002
warhodes,US,,3,1610343386,1778204843
mrubisan,ES,,27,1610321161,1765121616
franpro007,BR,,11,1553998741,1777982005
palmer134,US,,4,1596239332,1777429810
marklionpl,PL,,24,1570906970,1778240309
brendanrettig,US,,26,1613438707,1778203879
marty2285,GB,,3,1606053630,1777982008
alomar_56,KW,,30,1608668644,1778238452
amitkumarbaral96,BD,,15,1583151396,1774099012
jadocole,US,,1,1606460022,1764864002
daabma,CO,,0,1551122215,1671331352
chewiegoop,CA,,9,1611970334,1763430899
jordirex,ES,,4,1488500450,1777982013
ermeteorone,IT,,14,1608401843,1778089807
brilliant_sensei,ID,,14,1609162505,1778137524
nexo777,PL,,4,1611045177,1777752364
edmarm89,CA,,26,1495428843,1778228140
nerthal,BR,,4,1615552277,1778119214
rcardenas08,EC,,1,1619382713,1778178173
realigh,ID,,3,1616079717,1778216573
flexninja805332,US,,2,1633007039,1777982210
d13gu1t00,CL,,9,1626023405,1750859090
j0kesaside,BG,,2,1514956736,1703791699
reneluciano,PR,,0,1585917243,1656169382
abdullahalotaibi11,SA,,0,1620133346,1716949968
tairgalili,IL,,9,1425903301,1765692839
spocony_pafcio,PL,,0,1640895169,1643579593
andyatjeh,ID,,0,1636449812,1777982216
fishbonr,US,,6,1599444474,1778193919
recephamza21,TR,,1,1642436633,1777982217
fkemps,BR,,38,1607319666,1778220752
sidsingham,IN,,11,1598107973,1778065947
kelvinchangolf,MY,,1,1641368076,1754501009
fredygorila,CO,,2,1640587518,1777982220
myrokewit1,TR,,8,1641499425,1778234007
tavru,GB,,3,1629214258,1777982222
anchor81,IR,,0,1623619348,1777982222
24jets24,US,,3,1588574675,1748813027
jessim57,FR,,15,1612969846,1757007995
ordinarylemur,SE,,2,1620921873,1778010006
thibaulltttt,FR,,21,1619645631,1778233759
fruchtbert,DE,,2,1521850382,1777982226
trolluschivers,CA,,19,1598463538,1778224989
torturgh,DE,,2,1590350966,1760465128
jog1212,GB,,4,1623235511,1660979976
alisterblack90,RU,,5,1639143058,1778240040
parisdv,GB,,4,1611582532,1726155529
reece22t,IE,,2,1583624421,1653980463
sasamoscow,RU,,2,1632590232,1778213094
sumleo,GB,,21,1466530815,1777912905
meister_isegrim,AT,,1,1612625345,1767955783
chomp12,US,,21,1623770524,1778173073
aszotak,US,,15,1589582767,1778154248
petralleta,XC,,10,1551790818,1776524275
pabsz23,CA,,1,1637521125,1732940958
matrixdodo,AR,,23,1552784794,1777932375
romulo8000,NL,,2,1637508143,1778227712
ilsonra,IT,,1,1630061176,1777982238
opposumss,IN,,2,1637226513,1777982239
nicknuttsss,US,,6,1631920266,1775792730
illicitplay,PL,,15,1606660148,1774607095
antoine312,FR,,29,1606305806,1778232125
szzym,TR,,0,1615908367,1777982242
spouck,FR,,1,1640096881,1691270757
mervete19,NO,,13,1633765780,1777445948
yaipe,MX,,3,1634793070,1744517663
dima2513,RU,,0,1610924823,1647818130
lbert_einstein,TW,,13,1614941953,1769428451
tuckberfin,US,,5,1606922663,1778117676
chillichill157,US,,3,1637458119,1778240831
striker-1989,RU,,135,1618925449,1778238913
meansocial,TR,,3,1642923203,1750518530
kevinpena25,VE,,20,1613776543,1778240144
chiaramontedt,IT,,11,1611410191,1777404867
merrrar,RU,,5,1613334962,1778168112
tarekjammal,SA,,6,1606337357,1778183868
ragathemac,US,,2,1489039256,1778234144
vinodjadon,IN,,7,1630062478,1775829392
fabioroma,IT,,12,1487513204,1778230852
razesevi,BE,,3,1621603165,1762135002
alfareafo,ES,,5,1292926514,1778239529
rembalam_dingdong,DK,,5,1635496879,1778227402
klaplopert,NL,,7,1614083951,1778234279
ibenladen,XC,,24,1617787579,1776456273
alvaropd,MX,,4,1491779741,1778201931
edinhocarvalho,BR,,9,1612042841,1777982260
pablo10pb,ES,,2,1600869258,1770210961
mielli3,XX,,5,1613766988,1778199496
georgezh8,XE,,7,1588623254,1773829603
toniduran79,ES,,18,1601888477,1778234144
supercasserole,FR,,20,1607454700,1778227133
tamagoxy,PT,,13,1634255832,1763946590
l4_bergerie,FR,,24,1624306028,1778194278
shakkiandy,FI,,0,1625388681,1766121829
alexis13101981,GB,,4,1608997426,1778176494
luispltr,US,,0,1605754452,1778119821
jamesplg,GB,,1,1634146875,1686661918
jorgendinio,NO,,2,1386686026,1777982269
axel-fertinel,FR,,16,1618422932,1776938511
bondeson343,US,,7,1616525396,1777982270
vladkhal,RU,,6,1609408874,1746529735
earringsd,US,,11,1514497072,1778177828
khamir1,GB,,55,1587154644,1778239678
scanseco,MX,,9,1599699720,1778198914
openxmind,RO,,10,1638886467,1778172286
settre,DE,,6,1611864648,1777929374
olaafrossi,US,,3,1604708337,1778105583
masight,VU,,11,1607177643,1777839638
52checkmaterix,PK,,2,1609794804,1727900767
ailandson,BR,,2,1643674118,1724554564
bouyantrotation,EU,,4,1604351332,1778232844
hafizullo,BY,,6,1616127335,1777982279
phvniv2k,US,,0,1636441047,1777836491
chessstiffy,ZA,,31,1616559906,1778175129
mikeygray,GB,,87,1444397631,1778218522
slocum2,DE,,6,1626877544,1775653011
alparslanderecik,TR,,15,1598283482,1774856261
jmurph14,US,,12,1599875091,1778202095
borisvt,PS,,13,1637616644,1778225245
whatshername_1,IT,,44,1505226952,1778017390
armdero,AM,,1,1615993215,1682584948
asics101,US,,27,1573097005,1778077661
octavemonteiro,FR,,3,1594764002,1646329793
cem194,XX,,1,1552728979,1663835226
vladimthedestroyer,NL,,19,1607186064,1777540433
maymay85,US,,5,1638063061,1699024505
agustinbuaon,AR,,3,1604358483,1777982291
nelson_neeto,BR,,8,1622905697,1777982292
hsingh16,US,,21,1618700362,1778239538
azythros,FR,,0,1577962223,1756395726
madwoman,ZA,,60,1308598348,1776350459
dbakshi,US,,4,1415149122,1737144846
ccannan,CA,,9,1609808884,1776045916
muthurajravi,IN,,30,1552315102,1778207678
l0n3-p4wn,US,,11,1617330920,1777929505
nullpointer7,CZ,,29,1639504349,1778234809
jeffo0,NP,,13,1553041995,1778217192
gaspard25,FR,,16,1605785178,1767193864
johanesspashko,UA,,11,1551082506,1777982300
petrus221,ID,,12,1644128909,1674092457
ksharik,IN,,6,1609394845,1778191397
danhipkiss3,XW,,4,1609101685,1778229109
rndmaccnt,IQ,,0,1643471360,1722333931
xylophoneygames,US,,5,1612283791,1749914668
toy_titan,US,,26,1611076304,1778204956
rjm1234,US,,31,1604673194,1743881800
sonhoang253,VN,,2,1641751789,1778164165
makaronpoflocki,RU,,11,1615470082,1770719469
shanmugar,IN,,46,1590163548,1773144396
downhilldave22,US,,14,1611083866,1778098586
worldisblackandwhite,US,,0,1644179434,1777982309
djsavion,IN,,8,1638379908,1773223377
ritonlebarbo,FR,,9,1624637436,1778190765
darxr,US,,10,1622496849,1705143195
snickerdo,US,,2,1637534894,1777982312
vergolia27,AR,,13,1610646798,1777577786
isaiah66,US,,4,1300541636,1778240573
isabelkastilio,ES,,5,1638046714,1778158894
puffyphelps,US,,6,1575164894,1778136419
michaelberlian,ID,,4,1561572909,1777982316
chess238754916,GB,,1,1642664832,1750124259
iiredtomato,IN,,0,1624715885,1658119543
garry896,GB,,3,1542239124,1778100736
caillouuuu,US,,1,1590157855,1764571529
eskay11,IN,,3,1623319861,1774603645
gb4569,US,,27,1605640497,1725851925
piertanguy,FR,,30,1587633709,1778173575
kkoio,BR,,8,1607896056,1778205040
ayalonmoraes,BR,,8,1622641157,1778155223
richierascal,GB,,30,1575919277,1778224581
ralinq,BG,,3,1643574729,1778178323
kristupas2004,LT,,4,1594318072,1750873875
danielgostein,US,,13,1578809826,1777173733
ahsimiao,GB,,11,1606612830,1772028510
papagen00,FR,,4,1613402601,1778173027
the_breaker_of_world,IN,,105,1624020382,1777810220
toralento,CA,,21,1632652010,1777945279
brokenglitter,AU,,4,1585660270,1677199516
donmij0,US,,7,1609219922,1770354468
alesohe,CR,,3,1606618278,1776995106
victorhugocb88,BR,,1,1640703931,1756916538
freehoosier,US,,12,1628348759,1690732932
swindlewind,IN,,9,1621528961,1777200263
benja001chess,BE,,7,1635690963,1696782857
spikeprotein,AU,,14,1635471007,1710910785
mar330,CO,,19,1534895888,1778039055
rexcapra,KP,,19,1611765457,1777982336
gatocosmico92,ES,,4,1606330052,1747133667
sayadrehimov,AZ,,12,1593161234,1778230232
littiefinger,FR,,3,1576705419,1778205438
himshikhaa,NP,,5,1623501509,1778239299
checkurbut,US,,2,1637623535,1777982340
pascaluniquename,DE,,3,1643994502,1777982341
gabi105677,RO,,22,1638996756,1778233229
thelearnerman,US,,25,1604616916,1687412607
friendlyken,CH,,9,1608127481,1772735396
vycanismarij,US,,2,1643468136,1778198923
youngnavajox,US,,4,1644778427,1777982345
clayton_39,US,,0,1641818646,1737040935
joacyr_santos,BR,,8,1616450061,1769910616
marleydog53,US,,1,1605497797,1778202217
grandmaster42,US,,11,1579718086,1775675565
yabluchko,XX,,18,1605213456,1778227220
mattica77,IT,,8,1611760867,1764696071
hrutej,IN,,206,1397057256,1756708602
cristlogan,ES,,4,1589899166,1778220327
axgamer1,DE,,2,1639952476,1778170796
raullopezz,ES,,26,1614189806,1771190449
achimeno,XC,,7,1619365583,1770586312
richard927,CO,,5,1617730235,1774570319
dynxt,US,,15,1606285733,1761698420
monster_1972,TR,,3,1644115515,1778006736
tankman69420,DK,,16,1637249219,1778241114
pucu1090,HU,,10,1600852530,1778235127
nosferatu31,PT,,20,1592311684,1778150172
rndmzethnm,JP,,13,1646120077,1778078191
ckcarmen,FR,,4,1587472490,1778188017
papotus,IT,,6,1617744693,1778235270
afonso_d,PT,,1,1602841398,1740168705
z_chemso,KN,,7,1640902623,1777472039
alpovision,ES,,22,1618824250,1778232148
nemanjadenic,RS,,0,1486416836,1656318016
chelobecerra,AR,,12,1615850691,1778206675
machiaveili,CA,,0,1606470114,1726207725
dibbis40,NL,,16,1606560536,1777403740
mejia2225,US,,1,1622649099,1755508789
sharpedgetx,US,,1,1550787346,1777982367
castleblack93,SA,,12,1521996796,1778238685
nmccarthy,US,,1,1609799103,1778036550
marat1589654525,RW,,2,1645953847,1773113295
jagepard,KP,,2,1597481745,1778241366
13055c,US,,4,1633926429,1773760103
jginoza,US,,133,1605821571,1767323502
steffeeman,SE,,9,1645559663,1778214937
learneem,XX,,4,1594249573,1777982373
danielgerhardt44,US,,2,1640466173,1769528657
bfoley7,KP,,14,1608859059,1775578425
jaisoc,XC,,17,1605504200,1778182978
chessntc,CA,,3,1643575987,1651159731
alexrobertross,AM,,5,1582499955,1778175545
danchibou,CH,,19,1626612299,1774035880
robertdepoet1,GB,,21,1630230451,1778227578
shraito,US,,4,1638661507,1778212087
nisarg_3000,IN,,8,1646676787,1778007890
copiapoa123,HU,,70,1603986933,1749069214
junioroliver7z7,IE,,43,1550517801,1778194109
kingrow,US,,6,1190571038,1778205491
chosscar,ES,,13,1424991397,1778241555
zunlin,IT,,10,1609076860,1777148863
seema25,IN,,8,1385230231,1776394033
alexandrodjaya,ID,,0,1499717641,1770619688
samcastel,XG,,8,1569521759,1706213512
sigasdd,XX,,5,1642610077,1734526513
garciaproenca,BR,,4,1617385388,1777572701
noob240c,IN,,0,1598811502,1650680982
jesus_crispus,SE,,1,1631906800,1777982389
tawfiksgambit,EG,,11,1606782979,1760959194
ionnicojo,RO,,2,1646593376,1748846480
naekax,ES,,1,1626000307,1777982391
rain_god_9,US,,23,1592256868,1755102965
honsekiel,DE,,5,1611143646,1659017033
somik91,CZ,,9,1606569360,1778238380
lukashsh,EU,,1,1647888102,1663593811
thegoldengolfer,AU,,6,1315222949,1778237230
ninerempire49,MT,,1,1607898792,1778221525
butuwolf,TH,,13,1592499408,1751897678
edoardostefani88,IT,,7,1609321961,1689679377
zerokanji,FR,,0,1649452634,1666869334
paytontim,US,,25,1626748687,1778208956
jallen4690,US,,10,1581598603,1778019257
yunquera,ES,,22,1496597594,1778241229
taylortails,US,,4,1618175149,1778088656
throwthatbishup,US,,3,1605491359,1750955646
bmatt85,US,,0,1481591391,1775740559
khoa2709ri,VN,,2,1651899835,1768657612
jowiw,ES,,8,1648065166,1777370205
barbamasu,IT,,11,1645219724,1776366136
berkbulgan,TR,,11,1553882131,1767787258
alexandra_superstar,AT,,18,1437404557,1778139635
bartinhopf,BR,,5,1610182954,1777982407
sciencedoc,US,,2,1611888570,1687634294
amit0601,US,,69,1296963603,1778234848
kragast,DE,,1,1613042897,1778239204
curatorul,RO,,7,1641750395,1777910284
sujavinay,IN,,18,1647535867,1689952628
pawntof7rey,CH,,18,1631510571,1778159505
pavanreddy9966,IN,,4,1611513616,1771851370
gm_oops,GB,,3,1647819544,1777065250
diina608,GB,,3,1607546232,1778183534
joek03,EG,,7,1611791330,1772652825
jiyooong,KR,,8,1640333047,1778134955
pukhraja,IN,,1,1637411903,1778239078
zeromusu,US,,1,1592457741,1777982417
abdukadirkurban,TR,,0,1648363756,1777982418
poddel,SE,,28,1604710953,1778201524
springer-bill-9,US,,5,1537969168,1727741316
sreynolds32,GB,,8,1610339670,1777986027
danielschwaigs,US,,15,1643254892,1775850421
askmuhammad,US,,4,1647609672,1778218770
ugotpwned69,US,,1,1448861290,1660772578
fishlover_97,GB,,18,1444138822,1778158267
nguyentung,VN,,11,1456828725,1776596868
anthonymasi,US,,27,1590519389,1697157545
shieldk9,US,,13,1642883565,1778240220
danilevers,BR,,10,1587218311,1749539444
jorgedesousa21,AO,,10,1586766755,1712459783
toyecaze,FR,,6,1528230590,1778178566
nielsrocha,BR,,68,1625548390,1778230570
stargems21,RU,,5,1648380100,1754586024
aziz9717,SA,,14,1650444024,1778130062
whichthat,US,,16,1432854418,1778184337
shona101,US,,3,1615344568,1777982432
inspire18,RS,,46,1607887440,1777891115
nickalopez,US,,18,1631510605,1778238822
freshkinsey,US,,6,1573861229,1778212633
homeboy910,AR,,8,1456514193,1778208190
vanburn-2on1,US,,2,1303858646,1767398195
shibaru57,TR,,11,1614620346,1777982437
raulciu,DE,,7,1618523971,1745091892
theaerman,FI,,14,1624515181,1770722691
amey2225,IN,,6,1647160869,1778153077
harry_zed,CI,,31,1650369647,1682773140
kweenkillah,US,,6,1647816577,1777982441
cannoli417,US,,16,1648254412,1778205640
aoiojmnz,MX,,3,1543020587,1664485532
avadhutkakade,IN,,21,1609987796,1778236216
vicentesampaio,BR,,26,1570506444,1778178696
ayazee,EU,,29,1649852184,1710229936
evils_akash,IN,,5,1644731496,1774898180
wutanklang,AT,,12,1587040945,1777973692
ravenghost1485,ID,,0,1614656800,1778131909
boomerj69,AU,,3,1605679519,1777975250
krzysztofcielecki,NL,,4,1629376367,1778216419
pmelampy,US,,8,1613177028,1739653434
unge76,AR,,9,1587524007,1778193981
navinp3,IN,,9,1527831597,1740889192
krombopulousm,BE,,5,1604926384,1778240953
razzyhazzy,GB,,44,1654231194,1778237549
fz9389,IN,,19,1652896297,1778226982
kbrn8888,US,,2,1622311108,1777982454
staplerface,US,,3,1572746390,1776581913
drugfacekiller,IE,,10,1583600401,1778227063
dares03,PE,,3,1644974456,1762644811
liston14,AE,,0,1649931720,1710184351
x-1253055073,XX,,0,1656842260,1661735271
nolimithess,US,,13,1637698539,1752632032
rachbess95,US,,29,1632596413,1778161612
lopster2031,MX,,26,1624737978,1775611609
whachuma,NL,,3,1590382072,1774575496
kbgee,US,,20,1644776923,1778217411
frikerb,US,,7,1611954200,1767733525
thecaark,US,,0,1635902718,1777982463
jamiemackenzie96,XS,,14,1383072478,1778237444
luxxx01,DE,,3,1649750160,1711562516
andreic2605,RO,,11,1645721282,1776711149
james_322,US,,8,1628132013,1745417389
pumpfun_chess,US,,7,1606488954,1777950450
alexandrekovacs90,BR,,17,1604254721,1778221444
davidd_90,BE,,3,1655978746,1777922906
bermanmonogrit,GB,,5,1630614191,1777982469
danbasildson,UA,,7,1519195070,1775917235
reksal-27,NZ,,57,1620844492,1778241368
maartenmarius,BE,,6,1640091353,1777903735
cannibalcorpse_666,CL,,4,1650409051,1751268509
kingadill,GB,,7,1634058807,1778166386
hama1057,FR,,36,1647661464,1777491804
treyclamp,US,,11,1657653488,1778179790
rscarter,XE,,16,1659054215,1778229495
tomsheahan,IE,,15,1490284390,1778184099
jdaddyfaded,US,,12,1657984192,1778235846
bur2di,UA,,14,1612477306,1777838024
rogany1,FR,,22,1608592483,1778239672
mrtymmy,FR,,4,1624723525,1778239627
nibblemyknobrob,AU,,1,1656314742,1727389147
novaninja100,GB,,5,1616186507,1777818807
gsalt29,GG,,2,1661164085,1778155209
navinvadhan,IN,,6,1645287910,1778241405
dividebyzero89,FR,,3,1657429050,1777392816
camilyevangelista,BR,,5,1660858598,1688062202
73rr4nc3,US,,9,1568232863,1755732278
maurobvasco,AO,,13,1608279384,1778062597
idomich,IL,,2,1562065668,1773163325
mariomars45,US,,5,1597465485,1778194176
boucherl,CA,,6,1310095536,1778204638
drkarate,NO,,9,1610493391,1766475417
cz6969,PS,,4,1643373604,1777982489
rk210770,IN,,0,1637310612,1777982490
vinay5551,IN,,9,1662131589,1777211126
nuclearphoen1x,US,,1,1596443612,1777982491
xenostate,US,,31,1613187106,1777982492
lili7856,FR,,2,1612049617,1777982493
allukazo,US,,8,1650494905,1777982494
joeesposito21,US,,0,1432487399,1770340986
madhanalto,IN,,6,1658059472,1778207807
kingezekiel1,US,,4,1661795881,1777982496
khuki123,CA,,20,1556993063,1778225766
romanvlad,RO,,4,1396869024,1778145962
muheeb275,IN,,1,1633800792,1776922879
marioaziznashed,EG,,2,1656844657,1776889486
robineys,NL,,27,1641158584,1778226096
lb649,IT,,0,1660916369,1748437143
karo_13_20,AM,,10,1662109307,1690735509
isabelwalcacer,BR,,5,1628979494,1774651696
dimaabilan,IT,,5,1607720559,1778151881
lambrgu,IT,,0,1647455860,1694094035
ionutcrasmaru,RO,,3,1625236816,1766643440
ferdaclout,US,,12,1660502037,1778237504
sgtadhesive,CA,,4,1660322080,1778206467
bubi_h,PS,,2,1636864209,1777856034
flavio171717,IT,,3,1640453880,1777982507
aliabbas1985,US,,7,1659970717,1693483921
drakari2212,US,,0,1654626522,1778216209
erroneousbosch,US,,8,1635297118,1778209382
marcoruzza,IT,,1,1656881425,1778223472
samenose,LT,,1,1591523920,1778095386
payausasat,BN,,6,1608016797,1777982512
fraserpaull,AU,,12,1619339102,1778239340
franchimarco,IT,,19,1656877942,1778240556
lfgm1969,US,,19,1662523191,1778225681
ghjkik,IN,,5,1659810903,1678055727
antiiiiik,DE,,6,1616094087,1727286804
zaard88,ZA,,0,1645934637,1778226636
joshua_kolby,US,,3,1661032091,1695658286
trogdortargaryen,US,,27,1609624357,1778241012
therealblindchicken,US,,28,1646329263,1778162683
ryan_michael_briggs,US,,75,1640565444,1778239235
nuriersan,TR,,2,1657395962,1716042056
skalkis,GR,,2,1661805926,1693744179
navankur_chauhan,IN,,12,1563017283,1778241621
vijayapandiya,IN,,3,1659262677,1706960191
fbp9,ES,,3,1657448843,1777982523
kaushikbasu,IN,,5,1614275926,1772376087
dariusmilhaud,FR,,27,1657899505,1769972262
stephenmol,IE,,4,1636431674,1750936845
patrqn,NL,,8,1604962619,1675434667
chessmatt944,US,,4,1568146117,1676007641
theloneliestprince,US,,7,1650901385,1713888178
kookykaleidoscope,ES,,1,1655973704,1778178243
hcabrk,US,,6,1609189874,1778239878
8_too_much,US,,39,1621000273,1778218724
rsloma,US,,4,1610419381,1777938789
soestdijk,NL,,0,1515251613,1778233377
davidruizsegura,ES,,3,1645904319,1756938393
jwgifg,AU,,3,1643168648,1778130005
eggshellsss,US,,10,1604330201,1778179314
davideckloff,US,,4,1636464438,1702736570
rahay_rahay,DZ,,9,1660732859,1777982536
romanvandevelde,FR,,3,1612620686,1778237994
x-0467939486,XX,,1,1659439859,1759830936
dawg351,ZA,,24,1621969725,1778213733
edemss19,HU,,9,1597221234,1778153018
radhanrizky,ID,,3,1616471468,1695802004
josheedimayuga,XX,,2,1513080201,1777437355
tijuanna,US,,10,1656570535,1674460120
chicca1969,IT,,24,1619623903,1778220281
lyzya,MY,,1,1659095932,1744689457
kallygod,CZ,,6,1663436085,1771396143
siforex888,VN,,7,1654348402,1756432164
harlem_10,CA,,24,1611782387,1778240770
xilaut,XC,,37,1664390344,1778228774
payne111,US,,13,1590761566,1778031303
triggy1,CA,,39,1587242930,1777773904
kingsrow05,US,,14,1657742803,1778213725
lukva1,BE,,1,1649507513,1776021399
nevetsanderson,AU,,77,1614345384,1778217570
mkultra92,AU,,10,1634617927,1778218918
chess2chess12,US,,32,1636894537,1778240069
cizzina,IT,,4,1610895477,1774298019
surrealix,IN,,6,1606272535,1778241639
bordignonfrancesco,IT,,9,1584042747,1778076150
jay08105,IN,,19,1647161977,1778174304
arandigoyen,ES,,20,1573139324,1778222888
bhav1285,GB,,8,1609601151,1778228118
gescvi1,ES,,12,1583620936,1778236255
alexoforiboahen,GH,,39,1630398515,1778232822
king_hunter69,ID,,55,1631156701,1773244596
thebabaone,XX,,6,1620366653,1778238622
wenzel_dashington,FR,,5,1611487250,1778188197
lioury,FR,,1,1598694836,1777982560
alexonrail,VN,,10,1635223889,1666429919
bhuk,US,,22,1494103584,1778206995
slavrusky,RU,,5,1642369109,1773079523
cruelhandd,US,,5,1565917473,1689694734
talhadad1,IL,,10,1652381219,1778235131
marden9,BR,,18,1610479825,1778115792
markskid7,IE,,2,1610708342,1778109923
divvixx,US,,17,1457160797,1753105581
peonaislado01,MX,,0,1649310225,1754609837
0dz19felipe,BR,,5,1619367524,1778224057
n8thufflepuff,US,,26,1628427777,1778035376
tradam_yaks,US,,18,1640723875,1777982569
vgtver,RU,,12,1516631273,1778214373
sergvel,US,,1,1607976629,1777982571
new4youyes,NO,,11,1618042594,1778187070
hansrajj37,IN,,33,1664202643,1777868268
hotncold1,IN,,77,1628711579,1778216877
lacolombi,CO,,26,1608203404,1683639882
ian_id,KI,,18,1602863683,1731527934
dpnbp,US,,4,1611424880,1777982575
pascal0150,FR,,47,1591115079,1778173878
beachat,ES,,20,1609163617,1777982577
ka1ebp,US,,5,1660784745,1723533763
niall_chess07,GB,,12,1613066083,1777103429
ruks78,FR,,21,1660920844,1778240520
tobiacosta,IT,,3,1604925380,1778135167
timmy68,GB,,35,1564595585,1778218104
vincentwitter,VC,,7,1585995313,1778239887
zesty833,US,,41,1665539968,1776191213
vim1792,FR,,12,1612120632,1777874153
hayden33333,US,,19,1624301572,1778023856
tatianacantalejo,BR,,3,1589054487,1677491886
undermountainn,PL,,22,1610321751,1778066541
develji,CH,,8,1662585466,1778220420
rise_10,IN,,3,1595393736,1777466655
duncanhacker,GB,,1,1637753475,1778205517
cool_pandaa,BE,,9,1611323427,1771355118
playnat,FR,,14,1639838411,1778239486
santotedja,ID,,9,1653897744,1772495061
riyolaitisback,FR,,6,1620822996,1777982591
jsconner1,US,,1,1651058338,1778240682
shaddy2883,NG,,49,1584162525,1778241047
go2nirvana,UA,,4,1659732611,1777982593
el_che88,GB,,6,1606571276,1777030172
pulponomada,PR,,7,1649291020,1778163575
jordan_cute_af,VN,,4,1612248720,1777437466
yosypyosypovych,UA,,18,1651389131,1778222198
stu93,GB,,8,1268240773,1674041259
wintersarrival,US,,1,1612723120,1777982598
billyshears99,GB,,6,1361195746,1767689152
n3rotulip,AU,,12,1541234897,1778224620
phoenixcsr4,US,,1,1590969151,1773120723
shanecurly,IE,,8,1663351686,1778237252
arthur1907,BR,,17,1656701675,1778209443
sgtra,DE,,1,1604569595,1778135231
drs1230,US,,20,1651257578,1778206832
panam123,DE,,10,1660115820,1778183488
sholbys,DE,,9,1664918712,1760992839
newbielover,US,,4,1541009385,1777982605
kotlaj,IL,,19,1532472986,1770977336
mikesjam,US,,28,1609047178,1778216247
the_crippled_goat,US,,5,1654806646,1667209950
ajsaldivar18,CA,,11,1394685218,1778200592
ghettohary,LU,,13,1509312177,1722026004
gabemarti,US,,4,1637165231,1731695528
jcm503,SV,,15,1607797938,1778218438
behcun,US,,9,1606069041,1778240973
kaitschirky,CH,,8,1661862471,1778237959
sheick2012,PS,,10,1638453080,1777728975
senormullane,US,,5,1506612751,1778041013
bilalalikopfan10,PK,,8,1588876831,1777982614
hawtdawgs,PH,,2,1666017677,1667686741
giorgiozanott,CA,,5,1656717511,1744502568
jeanjakgolgot,FR,,36,1646340329,1778206615
vittoriaceretti,IT,,25,1609772013,1778241647
dozie8,NG,,9,1635935642,1777968985
carorami,CL,,40,1624582911,1755187448
nirav0007,IN,,52,1657131046,1734337385
arthurlefoudroyant,FR,,2,1620253693,1676994950
creomark,CA,,7,1558989325,1778197635
tlims4567,US,,11,1493460548,1672095874
deepak2470,IN,,0,1552986322,1747854934
ivanoviiic,ES,,5,1609857912,1769786497
smitdesai02,AU,,78,1609521284,1777982624
jenkins1984,CR,,108,1607562741,1778195688
lgtdimon,UA,,0,1649451816,1746553199
jongoose,US,,8,1616470779,1709782669
60zig,IT,,32,1610895397,1778233392
chooklya,UA,,12,1383503826,1778229209
mr_bugster,PL,,8,1643239571,1742186088
marcaofinger,BR,,20,1485555022,1778014340
neirouz5,GB,,2,1645472659,1777982630
elmundoseratlon,AR,,28,1620662764,1778098138
shadow111kola,CA,,0,1581232393,1670254698
raphaelspimenta,BR,,4,1607132959,1766086406
o796,GB,,42,1607608650,1778202910
thierry_anglade,FR,,4,1656438127,1778102400
robsonbaltic,ML,,5,1663684275,1778182969
kimsby,KR,,1,1625319813,1777982636
yannduv,FR,,5,1640453340,1778190069
zubergoober,US,,9,1611357187,1778194133
sunmutsissss,FI,,4,1662827429,1777982638
dooom1,IN,,1,1588003621,1736693055
linisbe,SE,,13,1638964966,1778170080
agronalbania,AL,,8,1647877376,1735372562
bollywould,IN,,21,1654685553,1776861985
nurkerman,US,,0,1637642433,1778186870
cizinha21,BR,,11,1624065225,1708391516
lamarbelina,SI,,16,1662969166,1777982643
somistical,PT,,10,1615981687,1762246134
ethanehrnstrom,US,,13,1606162248,1776478386
valerkapetrovich,RU,,9,1648576148,1777982646
jmccarville,CA,,5,1454437713,1778185708
wizardcorp,IL,,13,1603965486,1754508265
linear303,DE,,3,1607716054,1778230272
jarilla1094,US,,26,1641153461,1778167981
jerbitz,HK,,7,1614741821,1778118739
graham5013,GB,,49,1600072466,1778223555
pedromais,ES,,3,1577874026,1778223630
ridoneza,PL,,36,1605485032,1777828713
karansinghmeena000,IN,,9,1667637589,1756451185
rsnkhyn,AM,,6,1662544237,1778179885
nurlantem,KZ,,12,1667554560,1709823749
jannibanni,DE,,13,1632585487,1778227793
deepbluewhaley,XX,,4,1641064422,1713628368
magcaru,XC,,9,1606055891,1777982657
kendivine,PH,,5,1666191108,1769670103
benmneb,AU,,15,1644142001,1737967017
kabirm4,GB,,15,1608414378,1774223619
xalidebaxshiyeva,AZ,,0,1630600074,1777221481
tracedon,GB,,3,1609294300,1774035476
basalmhmdawyalnsrawy,IQ,,15,1659751995,1756995275
not_marshall,IN,,31,1653567661,1673206282
cmakaa1,JM,,5,1565642776,1778228606
monsiiiiiiiiii,PH,,13,1665673960,1764838865
jring54,IT,,3,1629119044,1762331005
micortez,US,,13,1606708969,1778241072
rompecharlie69,NO,,7,1642704767,1778241584
dimitrisb80,GR,,9,1659214021,1755359694
jacksparrow2080,KE,,41,1536668351,1778163050
harrisburg123,AU,,8,1663212095,1671146219
galsonnerrote,CH,,7,1608552012,1717761427
changrios2022,US,,5,1644282681,1753154391
raphidock1218,CH,,36,1654886988,1778238615
thedanieldog,HU,,5,1622934087,1773521794
yikestothepowerof3,SG,,7,1647615962,1778142394
connor_mccolm,US,,6,1607558157,1778229402
mathius16,IE,,12,1572001720,1778162889
sgt-bric,US,,5,1631093223,1777253831
justjosh776,GB,,0,1659466581,1777982675
jonathanwolf0,US,,1,1532353713,1669961108
roxieeleison,PH,,63,1590113904,1770642254
aunt_karen,FR,,5,1608074017,1731754600
gabrielsevilha,BR,,3,1594075179,1777982678
queenlegspreader,CA,,9,1593402406,1777982679
fernandom5,ES,,19,1609880799,1778221842
suxinshin,US,,7,1662745005,1777951707
black506,MX,,4,1664473739,1777982681
funkizz,ES,,9,1630055725,1707667796
m4n20,BR,,9,1589494814,1740688582
ahmed33333333444,EG,,14,1666283039,1767623154
ezrajack,US,,16,1597929829,1777936268
amar6000,MK,,20,1592422245,1777044174
bambi32101,IL,,3,1591470740,1701613916
laab0,XE,,6,1663955549,1695212487
leldulauch,DE,,3,1598738404,1777982687
pautora420,BR,,3,1643629185,1775241835
ymik52,TR,,5,1661083448,1724851642
messipetanca,ES,,27,1610193561,1778235752
seadonkey,US,,1,1332385085,1757625045
darienchase,ZA,,14,1446504479,1757521233
kerijunior,MY,,6,1633448089,1777996862
gs20k,IN,,41,1647590409,1778047529
g_leather,RU,,9,1658899306,1777982693
zwanetm,ZA,,50,1668024728,1778167914
cewh,AU,,11,1426897051,1778164929
bertsampsen,AU,,0,1663146596,1777982696
belboyy,US,,15,1605427642,1681124316
bogebogel,ID,,5,1620163076,1778213981
kimdungmt,VN,,1,1662899023,1689498489
sunilkumarr5,IN,,2,1556441234,1671155946
zaelmt,ES,,16,1617645301,1778228186
leks50489,RU,,4,1649311766,1718537191
lordlauke007,BE,,3,1616503434,1777982701
erenbalc,TR,,1,1666347267,1677629082
muf_mde,DE,,13,1651737826,1778156459
thealejo97,CO,,17,1567780924,1778105398
kico8,HR,,7,1576658373,1705426916
gore22,RU,,4,1641315086,1763282917
svetlana8847,RU,,3,1598795294,1777982706
sonlemos,BR,,20,1615231604,1712872851
vaibhav091097,IN,,43,1637775490,1770724962
tm_chess1995,IN,,1,1575412695,1766605852
marklotem,IL,,17,1665070207,1778236015
yoavl1960,IL,,21,1626592273,1778240500
hghde,DE,,24,1664903034,1778234840
vaspix005,US,,3,1612625094,1776870850
table8188,IN,,6,1588497866,1778176999
jahl007,MZ,,3,1636539691,1778191245
checome,ES,,25,1639061279,1778231892
checkmater075,GB,,7,1655735947,1770933853
maxomato,DE,,9,1591733177,1778237140
haydenny2448,CA,,6,1656978206,1778207093
larskennes,ES,,5,1581022735,1777299246
is44cp4du,MX,,2,1663109591,1761362745
unfamouskids,ID,,1,1658456998,1777982718
ines2097,CO,,3,1591991581,1741137739
omni_mosquito,SG,,31,1660197033,1778236996
peace321,JP,,2,1561359534,1778234374
arunveerappaveerappa,IN,,2,1660746356,1683125556
arcadium,GB,,0,1323891529,1776927929
bennythejett8,US,,10,1607189483,1708102641
cherssington,US,,31,1666048552,1776274936
bhausahebbhand,IN,,5,1644469264,1777943961
distorsiwarna,ID,,8,1618496986,1729883180
charliewillbeatyou14,SG,,10,1582181025,1778150485
barbarosss96,TR,,0,1639581836,1674001993
grantuljiks,LV,,5,1663257083,1777982727
g8princeivangonzales,PH,,2,1654186015,1704861439
aiex2111,ID,,4,1665841020,1738715057
thaanish9090,IN,,9,1666276806,1778159523
ananiah008,IN,,10,1668935655,1767880696
paskisapo,GR,,21,1615272899,1777573335
cheshir01,RU,,8,1615725684,1762372077
maozde,TR,,3,1604777089,1766142989
chris580,LB,,9,1610447281,1778072829
pradaaaaaaaaa,US,,15,1665542597,1728403937
greatestplayer1981,IR,,1,1644321073,1679585319
thoriver,NO,,78,1627509612,1778194143
ross163,JM,,12,1664756533,1777982736
gleek1970,US,,7,1577985266,1724208521
mugiwarafullbeard,DE,,22,1661591975,1778159455
bobyfishburn,US,,5,1565909044,1777982738
nomarcck,PE,,3,1627938744,1777982739
venotar,GB,,7,1616500486,1690984991
arrqueiroz,BR,,31,1651510232,1778177365
cardoso_fds,BR,,3,1654226164,1777232823
zafkielgh,FR,,13,1643315283,1777982742
albertmarquez,XC,,4,1452678932,1766997053
andersonapi,BR,,0,1667668000,1676223326
noah2399,FR,,17,1555091297,1773201914
manuelcab89,ES,,5,1611430866,1778186367
trotsid,US,,22,1576362855,1778205883
beau0327,US,,1,1628447331,1778213271
bruceweinstein,US,,27,1456084163,1775699629
ale188s,BR,,100,1643821850,1703718262
adampro47,CA,,5,1659585008,1733944625
sa7ars,SA,,60,1543163893,1736520655
sexylukeayling,GB,,11,1357131310,1778192618
spoonbreaker,US,,18,1419301600,1777982751
justianindralesmana,ID,,7,1491274348,1771900955
wafgunn,AU,,9,1527799552,1777982753
s1mpelino,SE,,8,1663604998,1716115992
blackcoinidk,IL,,20,1657907229,1778220382
porsche_dad1,US,,9,1609815440,1763086069
uchihaitachi2281,MY,,2,1625762172,1676758986
ykutch,US,,2,1508427302,1765153444
gyacho,IN,,5,1529820537,1777982758
odednave,IL,,7,1645868666,1778235109
thanos444,US,,1,1579571481,1778221989
nazzimizz,AF,,9,1611596447,1777982760
youngceo123,US,,4,1426921122,1778218980
strannik1999,KZ,,7,1632390725,1777361599
yanoux1,FR,,8,1604954902,1773781609
jdk124,ZA,,13,1662801744,1770850527
krystianwaterhouse,PL,,9,1653035126,1778156176
masterarya440,ID,,4,1601697494,1772108224
imthedude06,FR,,1,1611142441,1670214229
abhimaster123,NP,,4,1650538264,1769331891
3thannnnn,US,,6,1632417900,1774405455
michalpryszcz,PL,,13,1623356686,1778223647
ruvice,SG,,5,1594015657,1775913274
b0tman,EE,,0,1539948550,1777804352
brunoarzac,ES,,37,1585744230,1778222910
ckoeb123,DE,,7,1665936045,1778234273
seyranghazaryan,CA,,6,1643171808,1673020109
amoureuxpeintre,AE,,5,1655320917,1770039282
avii_14,IN,,4,1637395492,1777982773
hiddeajeto,NL,,1,1641316682,1777386345
arxqq,UA,,2,1668761464,1670195051
akshayagrawal87,IN,,9,1548521496,1777982775
atomicaa,IN,,30,1659026017,1777982776
iwan_norriski,ID,,0,1656223982,1777982776
noobatthisidekhowtoplay,IL,,14,1662765015,1778208423
shashankg77,IN,,23,1606574260,1736964045
kiranbarvey,IN,,0,1592213454,1778234419
kalebmsfn22,ET,,75,1630585731,1778101812
ellerbyluke,GB,,11,1607367471,1778237821
macattack1122,US,,3,1667253882,1776319941
misterv3105,IT,,17,1665411557,1778131259
x-majorsailor116,XX,,0,1659105382,1706645900
passantban,GB,,5,1659677664,1778187374
zalupasuslika,MK,,5,1604909065,1729546180
vikaash0307,MY,,10,1661185678,1778236118
alaniwnls-inactive,AE,,13,1598699120,1673895247
jazz1207,US,,15,1515656925,1736916222
hamad_1123,SA,,6,1635955879,1775547467
davidvallen,ID,,24,1615835339,1778197467
redpepper00,FR,,5,1543942666,1770596226
wsvard99,SE,,6,1607885068,1777734279
mahindradanane,IN,,7,1640842464,1777982790
fabiobertani96,IT,,1,1638363189,1754536258
yob04,FR,,14,1667343297,1775293030
flores63,BR,,0,1625789192,1715255969
ole17370,FR,,10,1611516565,1759954714
chess_der,FR,,7,1638217491,1765644949
julienperez,CH,,12,1335286552,1759775030
wandoacdc,BR,,3,1571770556,1701739328
bobby9993,QA,,1,1601109979,1729163952
bigmac599,US,,6,1610934894,1764443660
x-1165625028,XX,,1,1656025658,1671330661
raimbek_87,KZ,,2,1611207050,1747627534
gotham_gio,US,,6,1624935440,1777266089
mike7176,UA,,7,1606153367,1778178683
mimi-le-grand,FR,,21,1667506573,1777982801
kingrn4,IN,,7,1607611605,1777982801
pppewpew,PH,,3,1602241418,1777899824
tuanicoh,PF,,2,1605896029,1696044211
rob361rob,GB,,29,1415952173,1778236931
abdulhekim,TR,,2,1513423238,1777982804
hermesist,TR,,15,1651229706,1778186182
ysalam,DZ,,1,1661526100,1686679910
renegadeca,US,,5,1606521892,1773133145
frederickmalasaga,PH,,2,1667573818,1777982808
eudi83,DE,,3,1636900898,1778154896
sabreyacov,PM,,15,1659331105,1746528091
oliver1411,MX,,3,1611383810,1778199437
adriencheese135,US,,18,1502495319,1769746114
nameill,KZ,,5,1613375762,1698720140
staindropfeary,GB,,0,1586459295,1690659203
haskynjo3221,RS,,2,1665045700,1777799267
bullseye2021,CA,,3,1636821835,1778199255
dagoeee,NL,,1,1657909140,1684342215
brokejohnny,US,,3,1606843477,1711118464
joaoobarreto,BR,,2,1669032416,1675709809
hugepato,IE,,10,1591651369,1671937759
dmacemail,US,,7,1648753740,1778167920
enysky,PE,,0,1584725538,1773691387
encueratriz,MX,,1,1641896436,1778162960
2elvemsrs,US,,0,1515521979,1770411457
omar-kholy3,EG,,11,1427014202,1778191916
rytpa,KP,,15,1660810135,1777873819
obddaspecialist,AU,,0,1364205121,1777982823
idoag,IL,,14,1638102353,1744785831
gnapret,IT,,8,1409684003,1778237896
ivector_sigma,XX,,5,1661354339,1777752380
gambinator71b,BE,,8,1450771809,1778241667
maawi,RU,,6,1522629860,1756101876
desyrix,DE,,3,1592493023,1707688737
craftyscrafty,US,,11,1614012839,1777982828
pelikans16,XC,,3,1611184172,1718552425
michi_99,AT,,2,1534426303,1777188682
einhade,DE,,4,1591239725,1737643993
geiri123,IS,,13,1611745707,1776772285
albinowrz,PL,,5,1669631712,1762951689
japapug,PL,,15,1606919637,1768906117
checkunderyourdad,UA,,2,1666679795,1674462563
wissant62179,FR,,4,1635887914,1777982834
vailett,SE,,9,1489673329,1696414926
simoelkasri,MA,,8,1638029015,1777982836
meilima0,BR,,3,1607534900,1675835177
felixjuraske06,DE,,3,1667653351,1733600398
s13wjezdz4,PL,,7,1666614293,1777982838
karlsmelbergs,LV,,9,1666540474,1750341988
rome2112,EG,,16,1499537508,1773763070
zicoo14,EG,,10,1536326393,1777254137
chaulseer,TR,,5,1614012732,1777718508
thefishguru,GB,,5,1404593716,1773392261
drahinge,ID,,8,1647488509,1777384367
evertapia,AR,,13,1641779616,1699934963
bon687,PH,,8,1662021030,1757982961
zagalf,BR,,14,1608595352,1776547836
garz11,IE,,4,1665865681,1718813697
crazyfrog-007,DE,,20,1620931434,1777401741
tunaliismail,TR,,13,1663871287,1778237089
shrimankar,IN,,3,1669217167,1777196666
oofdaddy07,MY,,1,1592828537,1777982848
jiceps,FR,,3,1644351083,1740516932
miranda2112,BR,,11,1661355788,1738858005
alvianrk,NL,,16,1666915827,1778158457
looose444,IT,,5,1669139943,1775063713
commandertan,IN,,21,1657717456,1778050865
grayishcastle16,US,,45,1649256562,1778083178
kawthar_97,DZ,,11,1667768045,1778241456
73lemans,US,,11,1629405837,1778182639
carlsbad_cole,US,,6,1659948917,1777982855
fooootfungus,FI,,2,1663832309,1706079497
papathehammer,US,,10,1643232942,1778172402
teo5002,MK,,23,1668295743,1778154207
bajingan01,ID,,0,1638833270,1698656867
socal258,US,,1,1606190516,1777601095
powersonny,KR,,0,1669659785,1681623423
silverpick,US,,18,1612799540,1778214286
x-5206506310,XX,,5,1655366899,1749485906
proestintheworld,SG,,8,1668486298,1733110219
coinfrankcoin,US,,10,1607617545,1777602081
drmax22,UA,,20,1666259655,1778174342
ttahaq,TR,,4,1608389467,1776631472
shaward91,GB,,5,1541572720,1778186999
sakthivel5322,IN,,100,1631619332,1778234522
niksucevic-inactive,XX,,7,1661351101,1672277106
kennthesaboyy,MM,,11,1659166621,1777806744
papa_1977,LV,,15,1660217037,1778140465
ah753,NO,,0,1666717261,1771184260
cristinagoar,ES,,17,1585407800,1778170612
lordbottmann,BR,,10,1599245773,1778206661
udit202004,IN,,8,1584176293,1777982871
khaledyasser00,EG,,46,1653599196,1776385014
romanss23,GB,,5,1661457879,1777982873
maxbutler66,IE,,2,1662978521,1767101578
nakula1000,ID,,3,1600432021,1684666556
ashvirkawade,IN,,1,1665321904,1736748147
bheru83,IN,,0,1607450938,1778080122
paidwithpizza,US,,8,1629729691,1778001514
ilqjo,IT,,0,1603058810,1778161445
mkah42,TR,,3,1665264755,1769346837
lomehander,TR,,16,1661453435,1777982879
ludwigbuenaventura,ES,,10,1394325083,1778239597
perrypawn,US,,6,1387206776,1778198662
njeaidi,AE,,2,1594468471,1772309113
stormgaard_94-inactive,DK,,2,1669493992,1672017364
johnnypadgett,US,,15,1602297473,1778241334
katerinaz90,RU,,7,1644950197,1777982884
x-4946099149,XX,,5,1612468058,1727121860
emre029,TR,,6,1631383346,1778226437
real_nowhere_man,US,,11,1655619133,1778225142
lior_dayan100,IL,,22,1564295054,1770313330
alcyon35,FR,,31,1641716864,1778226500
seki25,CH,,0,1632814932,1707741792
arneu89,CH,,8,1657450272,1778185637
santhoshkumarkp,IN,,4,1671007733,1733409067
taj303,IN,,2,1645016313,1777615162
coffee-monster,XE,,20,1560634836,1750095665
grandchiefjmg,US,,4,1632698225,1755626959
kamalparikh,IN,,2,1597943567,1718714801
topherwardy,AU,,5,1660523922,1777602706
kaaleerz,FI,,5,1660286683,1777514433
lionche,US,,11,1623764444,1778232523
flite4,US,,3,1610870327,1775752446
buttcustard,US,,0,1289196007,1755722617
jaydom12,US,,2,1491952435,1706540713
sidnei2017,BR,,3,1501961312,1777982898
owowowowooo,US,,2,1632434319,1684227742
blackminou292,FR,,6,1614434134,1777226811
christianradiology,GB,,2,1669500608,1778106609
bubwebubwewebubwe,US,,3,1617825717,1777982901
abhinav00111,IN,,14,1646537654,1686794431
pelauridsen,DK,,1,1661794894,1777982903
mjmacnulty,IE,,8,1570807629,1778235593
khuramarif,PK,,3,1512163234,1759263875
georgekocharyan,AM,,9,1627411594,1728903216
savagepotatoes48,US,,9,1592267603,1708697785
stonksvv,BR,,28,1666263948,1778238739
mancer_45,US,,14,1648577295,1778194577
ma7fou,AE,,2,1616175967,1778241510
walter7282,CA,,7,1607821424,1736389774
serhiyhalushka,UA,,7,1640200184,1778143853
kaito410,FR,,5,1605964654,1775378907
hadeersamier,EG,,136,1631184347,1778241887
alphaspartan555,IN,,19,1647965373,1777100424
kevdoeschess,US,,6,1612923466,1777243030
julianfxt,SG,,12,1573397752,1777284553
tellez05,CO,,6,1616971574,1776793914
msfrayankhan,IN,,7,1617094010,1767077353
anthony12305,US,,14,1670329522,1778213196
tonidagod,CA,,25,1633726357,1778241891
umadbro1968,AU,,6,1613373691,1778236973
kingkhn,IN,,6,1505502745,1721234189
deepshahabba,IN,,6,1617547879,1673431798
sinnankosmos,TR,,19,1668456782,1777932063
muyston,ES,,11,1605967076,1777982921
bigsan22181,US,,6,1628048211,1778207310
wasagabeach62,CA,,0,1627181347,1753998399
hishamd98,JO,,15,1607628084,1756673268
jaylhunter,GB,,1,1335111491,1777982924
quandaledingel69,SE,,4,1669833887,1672993120
zewar8,IQ,,4,1614963389,1755573901
sagnik0086,IN,,20,1662974154,1676655945
rodrigoortiz0,BR,,3,1600461601,1778101122
adriana0420,MX,,59,1610738834,1778222696
skurbito,ES,,2,1649769727,1778190237
ahmed78987,IN,,6,1661345599,1777039279
edouk,GB,,5,1539450604,1777982930
tops2006,RU,,12,1538325727,1777982931
maxidnlr,AT,,15,1671284517,1777982931
serrvex,PL,,13,1589463633,1777751501
laddydaddy77,US,,8,1591137388,1777982933
ra_dyga,NP,,0,1657358160,1777982934
te1murazi,GE,,3,1605428132,1775926775
chagara,PR,,38,1495934936,1778234333
aelias36,US,,8,1529540682,1778171944
uncleblazzer,US,,16,1656561547,1777982937
vinothchessaccount,IN,,1,1636392479,1776080957
cocobrice,FR,,21,1642459612,1770334372
dannydoom08,US,,3,1669140654,1778234723
ebby00,SE,,2,1666016723,1676001920
thor4484,US,,5,1577741845,1710544927
robcixs,LV,,3,1595702499,1777982941
scorpai,US,,7,1567136875,1775063259
maxi-lp,AR,,9,1571793385,1778114849
seanjia06,US,,15,1667424444,1716491085
coronelblackford,GB,,3,1521497980,1778180286
shqiptar_kosovo,AT,,9,1591689080,1678405819
typjunge,DE,,7,1666769600,1778230639
lilianzlatov,MD,,8,1668759609,1767382891
jfklaus,FR,,5,1614853841,1777982948
poteasde5,ES,,6,1603189039,1715343566
bojanrasic,RS,,17,1634136612,1771351491
pete_917,PH,,5,1666663485,1777693239
o_restis_19,GR,,15,1671636467,1747687096
donaldchatcher,US,,9,1505580487,1778236977
iamprobaldeball,VN,,18,1651983393,1777982952
ibrahimkoruyucu,TR,,1,1671634044,1735503598
luv_mate,IN,,5,1663495520,1775752049
zyxel90,IT,,1,1661100231,1773989584
volxz_apx,US,,17,1650900408,1681341574
bsssb,ES,,1,1610357832,1771961027
malaparte_74,CZ,,2,1633701807,1778236845
zoulou11,MA,,1,1668550147,1778196927
rishaan006,IN,,7,1604858570,1777982958
kitogohan,BR,,6,1611535902,1776458598
poki4a,BG,,8,1659382890,1772905806
top1111111,DE,,1,1668719043,1675910288
merbinhu,DO,,5,1578595501,1777982963
dreivinci,PH,,10,1607521212,1777982963
awolverine,GB,,1,1346360553,1778088699
gr8chesst,NZ,,6,1663614151,1778237719
fokkaa,BR,,4,1663043219,1778211859
scattoff,KZ,,2,1661770823,1768295284
jagameges,PH,,3,1668412726,1777639225
karlbror,DK,,73,1543831313,1778215683
william107,AU,,11,1573366253,1777982969
73graf73,RU,,0,1634337048,1701731172
kraskoethebest,BG,,20,1611316329,1751234860
kristian_2003,RU,,12,1604161392,1778104337
neerajkumar_1909,IN,,10,1641274461,1778210478
afr1100,CY,,2,1661092293,1777982973
faisalalmu,SA,,2,1608148225,1696011318
irredentismo,IT,,1,1642609441,1776687489
skeath7,US,,8,1613351471,1778220429
wolfinator9827wolf,US,,16,1671986601,1760139116
shaggythe3rd,US,,1,1671212491,1778035385
adamwilczak,PL,,2,1609998634,1757497042
yadi_72,IR,,0,1667287967,1674489830
cems5,CO,,3,1607722378,1778168656
korayzcn,TR,,3,1653727487,1692103279
zwixcs,CN,,6,1669902629,1691411305
meryannjoy,IT,,12,1625304081,1777982981
noelroy21,FR,,6,1640303036,1777982982
mintyfeels,US,,7,1591491385,1776730539
ari188,CA,,6,1609516956,1778194840
mhenfield22,BS,,4,1540990906,1777939582
divan018,MX,,1,1667078517,1771367711
rockdez75,PT,,12,1670858762,1778240504
eveleenkaursekhon,IN,,4,1652261793,1778236086
jaganprasad114,IN,,0,1588431664,1777910795
issue32,UA,,2,1651045269,1777982988
mustachouse,MA,,0,1596131857,1777049519
christian1298,ID,,8,1616594847,1766658393
husain_saiyad,IN,,3,1593016615,1778237668
clalrolle,CH,,20,1627497319,1778185047
melaintro,RS,,5,1620033323,1778144912
mohamedmaher12343,EG,,1,1656055547,1681532905
goldie2605,DE,,4,1590672696,1778228831
r1cestealer,CA,,18,1636752996,1778193062
gwwg666,PL,,1,1668629613,1778184275
filip1222,SE,,4,1651137745,1674527992
ruffledbear,RU,,3,1543837637,1777982996
sincityflip7,US,,3,1606007906,1778212534
gringonacidade,US,,1,1509495195,1731304631
vaibhavtadikamalla,IN,,19,1659441450,1776452034
yukov,ES,,27,1607016984,1777982999
tommasosinenaso,IT,,24,1616188444,1778134341
sayk47,US,,9,1663642826,1700000202
muaga,MZ,,9,1652432580,1725312743
seniorgustavo,AE,,18,1614774847,1697039837
s0l6n,SA,,4,1670231107,1774209462
simonodi,DE,,4,1669643027,1684912606
honzanbk,CZ,,2,1654631759,1775333597
kccode,US,,1,1669251794,1749196607
nankatole,IN,,11,1672046498,1776623451
notidan123,IL,,21,1667408832,1772411258
straja46,RS,,22,1663068966,1778160448
reapersans616,UA,,8,1629316490,1761040085
ismailk269,MG,,6,1604407081,1778191333
maroffig,US,,3,1379355213,1778194316
jepibro,FI,,4,1608018850,1727950318
kyoumaaaaa,PH,,4,1641217679,1757668000
locko_gay,SE,,7,1634278590,1697181204
osoronnophris,IQ,,23,1632849812,1777700028
jgonzales3622,US,,2,1671675267,1778202861
delroy_smith-inactive1,US,,25,1662557088,1677473846
awesomepinepple,US,,10,1600496333,1778229403
flohas,NZ,,1,1614238311,1774440343
void9625,US,,1,1673041086,1680889578
b0li44,AL,,11,1669853592,1777983018
anvein,IT,,8,1607035421,1778242008
relentless_wait_checkmate,US,,8,1671316557,1693760874
jemgrzyby,PL,,20,1582617899,1776705691
maike_12345678,DE,,6,1665266826,1778238474
bobbidio,US,,14,1671045069,1717375712
1mran_mu8in,US,,15,1647023101,1776215069
ynightmusicy,HU,,7,1670325635,1777983024
davidmorc,IN,,17,1659799956,1776538125
hecaryou,CA,,6,1632879308,1778013046
aamer92a,IQ,,33,1512246046,1778193348
ceotheoriginal,DE,,10,1628691742,1778241977
teresaperdi,ES,,3,1589028874,1718116935
stijnvandenheuvel,NL,,11,1673128907,1768749745
mrhaggles,GB,,0,1665608992,1778172344
doctorguslov,DE,,10,1594643696,1777563352
elsopkey,EG,,1,1534719820,1758381619
hutterd,NL,,7,1669200008,1778232748
gaurav0598,IN,,12,1592117191,1773917941
jobongi,DE,,1,1670253035,1775504430
marshalthegreat,NP,,6,1671566000,1735227355
soroushabbasi,IR,,14,1669492124,1777874585
alecs89,IT,,3,1668542620,1777983035
asinusaureus25,IT,,20,1658936223,1770319098
ganantertos,ZA,,41,1591208456,1778242192
thelordsanti,FO,,13,1670490168,1778159200
benni244,AT,,2,1663965746,1758065187
goloy,FR,,8,1612597722,1773761604
narodut,XX,,9,1592326849,1778238583
goedvolk,NL,,27,1656747078,1778227182
ar7urdezw,MX,,22,1663704244,1758593369
main2077,DE,,13,1669201029,1759070379
tittsonmychess,US,,7,1671070592,1692041254
vegardanders1,NO,,4,1646307200,1778145328
farkv,TR,,3,1666770918,1776801583
joeckelson11,DE,,9,1665393244,1774455099
amrsalem17,EG,,11,1601948973,1778061376
nikitaverchik,RU,,10,1615264677,1726274948
xgeo007x,IN,,5,1654618533,1699082709
rutor2605,RU,,6,1576978803,1778241653
mvukusic,HR,,7,1423590475,1716113238
7skidaddle,ID,,2,1615990898,1713503509
darby23z,AU,,8,1671434944,1754097577
bobbyfischerx1,PT,,80,1673886111,1778234693
alo666666,ES,,11,1667232598,1777983052
blendgod,US,,6,1612764826,1727321826
qawiy,ID,,15,1672676176,1755220375
puccifather,KZ,,6,1671085091,1695621905
cod1421,US,,31,1661007898,1778233257
princemahin9,BD,,13,1614362452,1769096262
abhinaldo0907,IN,,8,1602169205,1777983056
iamnouha,MA,,7,1609458618,1727557913
sen_wopo,DE,,2,1672090571,1778236290
akhmedsd,PS,,12,1631649954,1769337554
wwong23,US,,32,1575568346,1777983059
binhanhn,VN,,5,1669214166,1771574951
onlycarra7,IT,,13,1671795300,1692642735
sussyamogus0069696969,IN,,25,1650364166,1777017539
notoriousjunior,NL,,7,1612985840,1777056142
leop_93,CH,,6,1665484914,1709200939
apac244,US,,51,1606195088,1680683168
jesusparada14,CO,,4,1673759034,1777459325
illdj,US,,0,1277073302,1774546357
ristapziho,RS,,9,1631211039,1754224511
k0cmm,PL,,9,1674228472,1778006942
alenfrost,UZ,,0,1669876409,1679369121
mrsaks,AU,,2,1674546762,1773901637
jantydas,IN,,2,1672399978,1685514179
jasonkourpas125,GR,,4,1673615098,1759087701
bobdoodlebob,MK,,1,1674657303,1676027910
villadsbetter,DK,,11,1674579015,1777983071
haykoniko,FR,,2,1672936490,1774544379
ivan24783,HR,,5,1674141673,1684830795
roveri1005,BR,,0,1663369344,1777739077
romanosb,BE,,4,1673304243,1764956603
ryomiam,FR,,11,1674296939,1751313208
veca24,PE,,1,1674613437,1778132318
bogy5,EG,,1,1559342866,1777983077
viceek,PL,,3,1610240262,1774274842
greysongaw,US,,6,1674581556,1777983078
2masny,DE,,2,1671007461,1778058955
sarchy6,GB,,8,1646859515,1778135411
fubsi10,AT,,8,1674425945,1777983081
jwerpy,US,,0,1666570118,1706024356
extendablecatball,US,,17,1671647300,1777983082
rickyrayoutman,US,,54,1665176420,1778222531
aby1310,IN,,6,1669488314,1778242154
jamaldeenn,AU,,2,1674964203,1778216536
rob_110,US,,0,1673241480,1775860290
whatshouldikeepthisname,TD,,17,1674372341,1776319108
kianroda,PH,,0,1546042083,1740481184
sasim1234,AU,,0,1674119940,1677911412
tomascrespillo7,ES,,5,1615129310,1771521087
contrahan,US,,4,1671407072,1777983089
chrisb_33,ES,,8,1394122487,1778178010
ihorkawa,UA,,14,1667845477,1778174439
jonaskostolany,DE,,2,1615937335,1777988231
paulmanglibo,PH,,3,1607220384,1728090856
abu_taher_md_mamun,BD,,10,1641491374,1774027130
yamixu1,PH,,13,1633883235,1768533475
raghuento,IN,,1,1314455177,1763366016
spede35,FI,,14,1665918845,1777983095
nurdraged,CA,,0,1559967548,1777983096
sokolkacper,PL,,2,1619022140,1773566021
guidube,CA,,14,1380919413,1733462378
gugum10,ID,,28,1661444976,1732411531
conkacj,VN,,3,1673980380,1735718489
bacterialetal,PE,,3,1263251038,1778215719
inchikimacha,IN,,11,1614450316,1768331070
pomps47,SI,,5,1608640550,1693378756
chesslearn1l,IN,,124,1632046323,1777983102
ninjaestp,FR,,7,1544013091,1778223345
eyadabdullah8,SA,,4,1674561570,1778230984
mrshayz,US,,2,1673983865,1728013058
urclass,IE,,4,1458832732,1677730614
kinglobsters,US,,11,1670479697,1778242195
kokeyev,KZ,,16,1639287005,1770572842
alexanderfurebotten,NO,,10,1638881407,1777983107
n0tgudatchess,US,,10,1591750251,1777920283
manny_green,US,,17,1614975413,1777983109
saxinkle,GE,,17,1664945696,1775934008
cledsilva,BR,,29,1616706103,1778237665
iamdashman,US,,4,1588298697,1778208225
ainaegar,PY,,4,1616944587,1730670248
nachitoganador,MX,,15,1604863396,1777415423
railandar,BR,,0,1656531075,1777983113
markptc,US,,67,1605969921,1778204245
jjg385,US,,3,1639748160,1772655903
ijwallin,SE,,7,1614099774,1686948917
vmlouis,BE,,14,1613482619,1777827823
allsorted,XS,,13,1324334267,1778232500
mike346,US,,6,1431185158,1775943933
kim4hri,DE,,4,1592647595,1776264247
tiluk_leor,PH,,8,1527017773,1778238728
sk_ishere,IN,,20,1606484457,1778141114
screamms,GH,,77,1665604201,1778031623
sphafy,LS,,9,1649593920,1773757778
wahrerjakob,DE,,2,1608920043,1777585576
dave80doezoe,NL,,10,1587760076,1777016575
ahmet4242424,TR,,4,1582631574,1749064486
orlaya,CO,,5,1662160758,1712245728
re74r,GL,,18,1534691635,1777983125
kibaitachi,MY,,11,1621244052,1777872335
balkan933,PL,,2,1616274725,1777983127
mattithecat1,MC,,5,1673686965,1679891466
geoce,ES,,9,1606994063,1778234765
azik_ts,KZ,,9,1672839437,1747912530
menxano78,RO,,0,1554059684,1713689124
guglig,PL,,6,1610351318,1777466890
victorofgilead,IT,,29,1623013284,1778236041
dimitarjakimovski,MK,,6,1502576264,1762643329
peabuddy,DE,,3,1486473795,1778239326
westleyelangbam,IN,,2,1513970907,1759000513
xnopizzaforyoux,NL,,7,1617883791,1724133601
philfou,FR,,4,1586454740,1778224240
nilsonfretes,BR,,6,1605112280,1778227538
mikemyszka,US,,16,1670706804,1777926995
dragoayman,MA,,14,1668982371,1728520736
learefuw,PE,,5,1611774962,1729229771
lulemo13,ES,,4,1640500868,1777983139
der_henker88,VE,,64,1627266597,1778227689
alhotdirot,KW,,7,1589015558,1778238753
arifasas,TR,,5,1599208414,1771026253
ara6ian9ts,US,,10,1538659779,1778124652
vahsjwhshs,FR,,1,1673260583,1778241554
elreydelpino,AR,,5,1650911615,1775506284
mathauskretzer,AR,,2,1610851236,1777420836
argom937,EE,,5,1607292793,1778182393
mans99999999,IE,,0,1639824957,1718230959
ashtonvango,GB,,30,1608268782,1778238227
jgras7,ES,,4,1609600610,1777842446
tmexziex,DK,,2,1659615490,1778149761
keiichi_yoshua12,JP,,15,1671372457,1778222085
uziwokeup,LB,,40,1663007689,1778220738
muthu_101,MY,,12,1672718785,1778236930
luckyy0101,IN,,22,1644702575,1777570057
willfromchicago,CA,,1,1612661197,1746679033
gmkrishmukim,IN,,11,1619515191,1777058190
jeemalik,SE,,21,1671044851,1776858766
ivanquish34,US,,1,1604470644,1751845364
itskyawzin,MM,,2,1314527066,1753533906
choppingfffff,US,,16,1629003041,1749146298
marcolino73,FR,,10,1605750593,1778193332
osmancamci,DE,,30,1671744119,1778241782
givergil,GE,,13,1329395995,1778242162
iivanschwartz69,US,,8,1671569476,1777593138
logantheg,US,,21,1476433254,1778196606
gnloaec,FR,,0,1623948549,1681112025
nightfury1729,IN,,15,1593310101,1778242041
pranavsharma_67,IN,,1,1668935565,1769451618
milogio,LU,,15,1609852236,1777328227
skrzatr,PL,,9,1609928987,1771789581
nateorochi,UA,,2,1668013667,1777983164
slapyourkingsilly,US,,2,1442857418,1697859145
garunjadaun_123,IN,,9,1671543437,1709845599
g000000000,ES,,0,1658559125,1778218963
chessrizzer00,SE,,2,1673794060,1777223195
goated-adamm,EG,,6,1672932950,1777569543
gswscurry30,DZ,,6,1670959411,1778196644
killian32smith,US,,14,1661026384,1778226805
tilonggg,ID,,5,1676023726,1777983170
jakeb0z11,US,,0,1676759347,1677502152
iranilsonsantos,BR,,15,1674615756,1778123307
taichi08,ES,,20,1669408058,1775570602
karlos128015,IE,,0,1674840618,1778235714
xvils,IN,,2,1676949281,1770784579
igyyyu,UG,,6,1668772909,1777860871
cmlaks,TR,,4,1676738266,1717513352
tyzentknine,XX,,2,1614308742,1686257898
btremole,US,,4,1675118382,1778165896
niksszzzzz,IN,,12,1672478455,1777983178
arno23mar,FR,,4,1613930168,1778199758
ziadelgayar,EG,,11,1671567247,1743770537
infibkz,KZ,,9,1673285374,1681409006
smethie,US,,8,1638663095,1778229661
lullo94,IT,,3,1609373433,1778231885
2828tom2828,PT,,6,1493168632,1772925010
nastyyyx,AM,,6,1647463439,1733226770
cespuglio_exe,IT,,4,1659026659,1777983184
herebeusername,FR,,0,1653489205,1702761301
kinqmagic,VN,,8,1596496497,1774622418
lotienne,FR,,10,1603949189,1778234023
twhitte,AR,,18,1635891967,1777782479
s0uzinha0,PT,,14,1666727670,1778204077
aggeponken,SE,,30,1630479285,1776043813
hisfitsaretrash,GB,,2,1673360360,1777983189
matcowen,FI,,0,1666692034,1777983190
slayer721,CA,,7,1597723101,1777983191
osmsaf29,AF,,38,1517250826,1778240604
themakodefense,US,,6,1605315141,1778233928
dexsex45,RO,,13,1605698654,1778086412
metra99,ES,,5,1612396511,1752887736
fai231,PK,,15,1652331947,1777983195
destenyx,DE,,2,1591627373,1740416742
federicogta,VE,,17,1526767042,1777840802
tarser1991,RU,,2,1668022948,1777044732
cristobaluch,CL,,7,1521601097,1766078927
tjlepp,NO,,3,1544005046,1778237563
marcbullet,AR,,2,1673739512,1694480424
astrobug75,US,,9,1673845703,1778213356
mayebevo605,US,,1,1674451314,1764305934
ankitpatel7548,IN,,9,1671114727,1777567180
izaiax,CA,,4,1605386114,1690748182
ali_etg,IQ,,12,1625167729,1763797553
illogical_thinker,SY,,23,1619020838,1776190636
abeclementabe,DK,,15,1668974204,1777739874
byk_034,RS,,3,1672674767,1749043392
pinwrii,RS,,2,1640568276,1776452669
the_dii_23,PH,,2,1677155906,1777983207
lemocl,KW,,7,1590137733,1725555220
takatakichi,IN,,10,1674220778,1777983208
xavipenalveres,CO,,2,1587166364,1698162140
dientecommx,MX,,0,1603243419,1762196729
skiff1n,US,,1,1530652816,1745395793
topolinocoupe,XC,,18,1569862255,1778234114
pyruvate-dehydrogenase,HU,,0,1639849783,1766059809
shashwat62,NP,,32,1675008762,1777983213
vishpd,IN,,27,1669914980,1775373297
piloutin,FR,,13,1526668153,1778234484
jin-sak1a,DE,,6,1643102311,1683366360
sana0278,XX,,46,1604084076,1685428259
mysticmyc,PT,,9,1672257624,1777661343
iamharrib,CA,,2,1676265405,1778241469
omarnay,AE,,23,1586805692,1775767315
biloog,US,,4,1676239020,1777983219
victorlas04,ES,,16,1615058920,1778188796
anilrane,IN,,14,1675963460,1778237705
woodypen,CA,,13,1609549672,1743324823
ilomyy,TN,,7,1670363183,1778235705
indalo6869,FR,,3,1609431192,1778170366
heygirlgetinthevan,US,,1,1677952906,1683646319
nitish088,IN,,2,1599144067,1778239631
marcimix81,IT,,1,1659963319,1778227669
djoogzy,LK,,4,1668394058,1684059266
rva2020,RU,,2,1583051119,1778232813
safiahmadgm,IT,,0,1622317977,1682358107
sebastian210391,AT,,4,1676113075,1710970975
taydentheguy,CA,,8,1615692232,1777983229
monsterbosluis,ZA,,4,1467555221,1778226957
elsound,AL,,8,1637146197,1778242144
hsw6ri,SA,,7,1660941462,1777025640
pautriasbauza,ES,,1,1674587492,1765381195
alimardonerkinjonov,UZ,,3,1677401323,1692871161
rypticc,NL,,13,1673262004,1778065754
daveethewave,CA,,4,1675222900,1683598937
challa1823,ZA,,13,1588092333,1770801122
butalegry,RU,,64,1670152858,1778175279
donlupo93,DE,,30,1631961748,1766390290
denendavagenarupp,SE,,22,1427039829,1778178774
hegebarna,HU,,1,1673424567,1773212673
mtm1370,IR,,6,1664258485,1777983239
k_william,PH,,0,1659316719,1777983240
pradeepraveendran,IN,,2,1437918717,1777349350
allrooks1,US,,2,1634689934,1709450535
yarey12,MX,,0,1667610073,1777983242
lautanfrank,MY,,17,1625940060,1752941576
tansu45,TR,,2,1677799838,1740254643
fleffcheen,DE,,3,1670503540,1775417764
nubisthe,IN,,6,1670654306,1701100018
nileshbansal24,IN,,23,1674477258,1776852209
andrebuby,IT,,6,1672056817,1778138951
onaca,RO,,5,1544573098,1777983247
pushpa1234567,IN,,11,1671556715,1778189049
alejo1927,CO,,6,1676225250,1778183974
serhiidiahovec,UA,,2,1674897310,1777983250
cg1423,US,,8,1673116640,1776020596
arknotzefylm,FR,,1,1567410986,1775630013
sickernigel,BA,,6,1671976409,1767031335
pti804imrankhan,GB,,7,1676764086,1778196301
dipperpt,US,,11,1569287661,1776371034
zegarowy,PL,,6,1570028075,1741805055
kekemomo,FR,,26,1565175415,1778186821
googyxe,CZ,,5,1668250583,1778159790
ropi68,HU,,41,1677084165,1740830413
arinpapa,KR,,2,1672755037,1772381394
emirhanarslan123,TR,,7,1609445647,1778194963
dieterbp,MX,,12,1664908635,1778155176
donrashke,HR,,9,1610200395,1774187341
tommy_matte,IT,,16,1653484192,1776881068
karthikmadival,IN,,6,1608570227,1778127756
kurtb42,US,,11,1634403155,1778239685
stoatn,GR,,23,1608244563,1778240353
petrdanailov,BG,,6,1647792053,1778000979
ap-ap1111,PH,,2,1671260109,1777983264
souq_madeck,US,,0,1659037031,1772331103
ivil28,ES,,3,1629537758,1777905526
yan228557,BY,,4,1673728793,1765960966
notabot2m,RS,,10,1675179746,1777495398
mila_110,ME,,3,1675947970,1778242319
shiiro_1,DE,,3,1675338575,1686737629
sentril,PL,,7,1633405568,1777747693
shayanmoto,GB,,5,1666973364,1739103377
kingsx10,SY,,7,1675354410,1778137414
irfanpangulu,ID,,11,1630220001,1749354426
1111ruru1111,RO,,24,1668340306,1777919971
netrado,LV,,13,1652975338,1778098114
frastd,TR,,6,1676108928,1777058258
cavecrawler,US,,11,1672279972,1757462946
rallpal,DK,,26,1640114996,1768983272
doggystylin,TH,,35,1585621178,1778230923
joekhunnn,US,,9,1606753721,1778208467
moatasemolla,EG,,18,1668633975,1774738120
bolajioyekanmi,NG,,36,1608145481,1777812123
jjccbbooyy,PH,,5,1673167337,1716354117
jensushelmut,SE,,4,1675176768,1778169093
febho,MX,,30,1636507440,1778233022
completegear,US,,7,1604932046,1777500218
nucliranian123,DE,,2,1647706244,1720359435
einarfredriksen1978,NO,,8,1657031921,1776366550
lovelysofi,ID,,126,1669120119,1778235033
chesscrib,AU,,5,1571709729,1777981267
bbcsamurai420,US,,0,1665932457,1758985644
stalhad123,TR,,8,1556910136,1731843254
eliiiiaaaassss,NO,,2,1676057758,1776889683
vangis9,CY,,12,1643922076,1777983288
tsmthepacifier,CR,,1,1609801828,1778226311
harrymd1,CZ,,2,1572785889,1778103164
ovelasco1,ES,,10,1645908960,1778215228
semaka04,RO,,1,1559904006,1777809270
bvnc_lol,IN,,12,1674720468,1731595897
epigaviria,IT,,16,1605168309,1777983292
overpurpled,PL,,20,1670417125,1778070745
amt123456789,EG,,9,1674056174,1775418773
xx_anos_xx,IN,,7,1675637409,1762591838
wordraw,AG,,9,1675945167,1777730271
greynog,DE,,8,1674577302,1772900078
jkbrrs,PH,,11,1607001770,1726546388
3yphn,TR,,4,1675368755,1760776032
madstars23,FI,,2,1675860870,1777492990
ed1tzen,RO,,7,1671816097,1776877970
nourjoka,EG,,25,1554200200,1723323875
1dag2,NO,,0,1624433261,1778218224
mand111,AL,,0,1679819497,1771693721
estenombrenoasidoescogido,ES,,12,1672871899,1777823747
fsonmez25,TR,,1,1618004781,1681941872
joehavefun,US,,0,1402875421,1699143922
doox911,RU,,3,1585334824,1777838766
dicking1,JP,,2,1676204830,1777983306
otopubji,GE,,8,1675174090,1690095181
killbos,RU,,0,1623262350,1776799330
xxxyyyzzz99,DE,,5,1605125265,1777983308
vokish,RS,,6,1671751699,1762980455
player032545a,DE,,9,1675360748,1772710446
rafbenson,IT,,8,1648569583,1778046103
pandaoil,AU,,4,1588140102,1709072962
haize142,LT,,5,1434308326,1753903696
heisenberg-3556,AU,,6,1503916198,1745059239
giuseps23,IT,,4,1643744346,1777154411
ravenpaw123,US,,1,1676056225,1778222461
farhad_68,IR,,0,1655852321,1777983315
austindevans1,US,,3,1376588979,1778182508
phataimbot,VN,,0,1678361381,1686905213
krajpto,PL,,9,1604449238,1776671651
jackmpwhite,PL,,6,1627736579,1720948836
haan72,NL,,7,1663964572,1695917767
braq_na,IQ,,5,1669058249,1777917779
halid_chess,TR,,5,1614450493,1757339652
phzen,BR,,50,1637025198,1778183516
itz_arman,IN,,11,1675160444,1778242004
husoo11,TR,,2,1679039924,1776444197
miishuu,RO,,12,1560883037,1771393894
buyval01,BY,,3,1611854715,1698997495
gameanzing,ID,,21,1616398280,1754452087
mahinakapaboi,PH,,1,1677237349,1710914256
wuamayyy,ID,,7,1678548776,1771767827
unmattched,US,,17,1534357438,1777997843
slayiee,SY,,23,1665000247,1777983328
x-6640697251,XX,,15,1660927784,1720421669
pasmango,IT,,2,1612090856,1775887358
ynkrue,CH,,1,1666600103,1777983330
silentrust,CA,,6,1579028917,1778214795
loadmanagement76,US,,14,1657066669,1777031508
ismetozyurt,TR,,22,1674971460,1774323046
midoo_a7med,EG,,24,1675807793,1777983333
ryan9603,GB,,15,1609262946,1777836727
skyagunsta21,US,,10,1576852332,1771816796
mymaggies,ZA,,31,1580624323,1778232378
hevara,RU,,10,1589109734,1766280745
laith0715,US,,5,1660253666,1712591329
memeto2121,TR,,21,1569600428,1777041879
marials24,ES,,7,1677748000,1777438340
byvortix,ES,,10,1509902448,1777437654
aliveshecried,GB,,0,1676139240,1701372061
chulasi,XC,,6,1671143410,1719101458
sarpy03,US,,7,1610939788,1778199274
harimuji2,ID,,3,1674324841,1778240104
ogk1llacam,US,,16,1574660251,1778126401
forextracontent,PH,,3,1585888160,1774983233
gue8,AU,,3,1603707286,1777817417
anodomini,NP,,3,1593843452,1750180826
fireyshark97,IN,,10,1389979944,1766433387
gmkennn,US,,19,1335727923,1777465309
kie51,FI,,8,1611429888,1778241210
aceraro,US,,13,1604606475,1774768100
667ice,FR,,13,1613557640,1775050517
americancheese9,US,,10,1673902341,1777983350
idrisrehman,GB,,6,1676223553,1711978700
chocopiemaster,US,,3,1604716270,1773749029
stefan34y,RO,,3,1660662341,1764075548
ndritos4,BE,,10,1679918337,1778056872
marsandrea,ID,,0,1680519310,1685331101
djamelcosta,AO,,16,1553169963,1778238032
cristiancorreajjjh,AR,,11,1596844617,1778200988
gshi10,AU,,8,1632819997,1778241393
chrisroklee,KR,,6,1666426626,1777983357
chenamit,IN,,4,1513963545,1776707239
chessnoob1870,DE,,2,1676326369,1682193200
javerruiz13,CO,,2,1609881161,1777951363
choczi_dagod,PL,,2,1670642552,1692863917
viktor140480,BY,,15,1617530787,1778227686
telkombchturu,ID,,0,1679658380,1777983362
miri848,AL,,2,1558722995,1778084087
alpegemen1809,TR,,18,1586602986,1759166658
mhaamdy,EG,,16,1617951183,1778154751
rockybhatia,IN,,2,1479374327,1729896365
shagdawg11,US,,0,1668729663,1778168323
finalement_v,MU,,2,1679409704,1763450649
matthews_solis,BR,,4,1680558385,1707877800
vile28,PH,,13,1680713847,1778241565
jonatanrafaellagrande,AR,,11,1681397375,1778193510
jhoroneroxas,PH,,3,1624281072,1762145092
machinesaredumb,US,,1,1677999622,1726903423
kevinyhair33,MX,,8,1609391224,1777171064
hamzazhrani,SA,,13,1678540994,1778201907
liondiego,IT,,4,1425209501,1778094657
chrys3002,US,,11,1615178089,1777983373
kikkisingh3377,IN,,4,1672684566,1777236124
leogsp,BR,,7,1667425686,1778130179
timaw210,KZ,,7,1669658778,1689418572
wiggl3,ZA,,14,1521122842,1773226617
warflatsofty,US,,23,1670873270,1778215215
marco6martins,BR,,31,1605646614,1778183118
kira649,ID,,3,1669891027,1763342995
gm_destroyer30,PH,,9,1660914517,1737131198
nilslud,DE,,6,1660050191,1770548041
foddyfoghorn,AU,,13,1610967163,1777448025
strongpose,CZ,,8,1673362891,1778197814
diligo2000,XE,,248,1536689790,1734862065
hans_sachs,DE,,3,1525932888,1776844691
hillsidetv,DE,,6,1594234990,1777479552
jenefery7,TN,,10,1657632294,1724579091
xenakinho,GR,,6,1676235888,1688128617
alokranjanamity,IN,,2,1602298704,1776131247
maddock376,ZA,,10,1633425683,1776919084
zezo7098,EG,,21,1589221964,1778239409
stevetheplasterer,GB,,1,1641849600,1697889040
playforfun_69,NE,,3,1677159025,1751893718
rrekopu,FR,,13,1610381132,1778175273
nas7seven,MY,,11,1671634768,1778227697
g_rogue,DE,,1,1672188542,1721241827
88delgado,IT,,10,1674648459,1778220614
arbok95,IT,,12,1655672369,1776360152
tdk12345,AO,,10,1662055442,1777956200
houcinekc,DZ,,28,1672322395,1778060985
kondasanthosh,IN,,12,1564217806,1778007232
podurocher,CA,,5,1617135557,1777983396
alcenera1234,IT,,6,1621890700,1774787116
janek1901,PL,,9,1613475748,1776223465
stevian08,CL,,5,1531485536,1777230125
vbeta97,IT,,5,1540662434,1776715563
mikaebert,DE,,21,1670837927,1774004089
limitedzx,ID,,4,1673779526,1761652279
zxcjohnzxc,PH,,18,1675945092,1778242548
tristanmnnich,DE,,30,1621433761,1778241989
absond,NL,,0,1525313673,1687789671
erkhesulamorig,MN,,3,1585676802,1728893962
maori_viking,AU,,19,1664552313,1778237244
steph2play,BE,,43,1655931618,1778073089
contrapush,FI,,4,1674861134,1778241121
n4yr-selav,PH,,16,1676288309,1776275613
hapuly,PH,,5,1673881967,1777983408
joe_2023,AR,,11,1674331773,1777666719
obute1122,NG,,19,1494779231,1777983410
voltixgg,US,,13,1666036938,1778211285
nayefsii,KW,,1,1679746091,1681772550
nutsman-salt-cashew-honey,TT,,4,1674417168,1684021138
neversh1ne,RS,,1,1612638618,1712618740
ahmed_ameer,IQ,,6,1638228153,1774836231
daviddcmamaguevazo,CO,,8,1678912703,1718117120
zabezpieczanifortyfikacji,PL,,2,1677069957,1777983415
evantimms,XW,,6,1606411811,1778242503
blondkey,KP,,8,1517680301,1759523156
cipskolajinx,TR,,25,1678223349,1778234865
andrewdixonn,US,,12,1673908330,1778162870
koreyjohnson,US,,3,1561227608,1778138808
shivv0843h,IN,,12,1645615451,1777824644
raymysterio01,IN,,2,1670045533,1777983420
bogdanchioncel,RO,,2,1635939396,1736469591
gazbag186,GB,,16,1618790597,1777767685
ksantosh74600,IN,,6,1658572668,1777363000
datangrycow,GB,,5,1677412005,1705995837
mahmoudetman6,EG,,7,1630517517,1778237384
up-the-ra-lads,IE,,1,1671297924,1778214476
teaman22,GB,,14,1590739132,1778179704
chj90,GB,,3,1615324971,1778242199
isuckbigpeen,US,,15,1621560648,1774405440
pktrickz,CA,,25,1605730595,1778173818
szyspa,PL,,14,1673644945,1778075219
mtha04,TN,,31,1545926516,1778238552
7medoo1,JO,,17,1681139763,1686811293
senorrussell23,US,,5,1673530707,1769492726
itsikn,IL,,23,1339101689,1778186421
walter18101991,BR,,12,1639619664,1777983432
krlun,SE,,1,1596322200,1778122061
nanthan_07,IN,,20,1644093993,1777983434
ns_khan,KZ,,13,1612378549,1778212568
glenndoyle,IE,,20,1515383920,1777530301
politecanadian,CA,,20,1611574770,1778199203
vitaliy531,RU,,6,1669619255,1777922645
fsiciliano,BR,,7,1564357617,1773109854
foxer898,IT,,9,1650451112,1778231846
7rlatmddn,KR,,8,1674708639,1778227544
logiverum,TR,,2,1607377913,1775571095
dadwil,BR,,6,1613838685,1778241497
shadow16yt,TR,,4,1606729248,1737916603
luca2421,CH,,10,1670590368,1768436609
strikezxx,ES,,21,1607945637,1777981476
kingofhill1990,GB,,1,1680013265,1744133768
martenherlyn,DE,,9,1652295646,1778193288
joy_phy,IN,,6,1674555829,1777983445
hendrikunlimitedrizz,CH,,17,1673938538,1772998954
wlawless106,US,,11,1607916561,1775604448
gruncho1,BG,,9,1650830889,1768070034
jatones,US,,2,1602790690,1771793258
golfoo,ES,,42,1586613751,1778164853
bheuer1,US,,23,1676054038,1778210775
wescaddle,IT,,1,1665179427,1778165114
acethompson,US,,7,1571923992,1778238561
mhhmhm,MY,,0,1673178068,1702164189
sziszaat,HU,,1,1561889676,1778224789
ntordable,ES,,21,1610481362,1694531410
alphachupapiee,PH,,2,1677752885,1716745812
centity,US,,14,1345313348,1778227183
pandu2345pandu,IN,,2,1675342022,1702276317
rahulbarmann,IN,,11,1674406062,1772784455
vedwaz,AU,,4,1672773768,1778241286
its_josh433,ID,,3,1673090964,1741004164
njp96,US,,3,1606285081,1754490392
ronr25,IN,,5,1663492691,1738642344
benoliver94,PT,,2,1619316730,1733916565
halierlol,PT,,7,1675534642,1700669123
muhammadabouali,EG,,8,1590846730,1746907455
muqeet786,PK,,5,1570541097,1777983463
littlesoulsmile,ID,,9,1680691643,1777983464
tania33128,PL,,59,1672260187,1778240856
sheeshshoosh,PH,,0,1680319616,1777983465
antdrella,US,,19,1640668175,1777608210
papucastro,AR,,3,1610763432,1713669036
handcheesehead,DE,,6,1647280312,1778242635
delgadodra,MX,,2,1673615703,1778206728
zhut111,US,,6,1680122459,1756253423
astana12,IQ,,7,1677518085,1778190499
ovalball,KP,,24,1609474828,1778192952
7saharok7,UA,,2,1674856339,1689934944
wakanjuts,PH,,0,1681143800,1702029836
daredevil4689,IN,,28,1660886387,1778233218
satkalpana,IN,,3,1676801445,1777991763
yazzone,SA,,3,1676790640,1707854656
meyergorelick,US,,9,1607655333,1778223225
amolk21,IN,,3,1310299349,1752679132
ochowine,GB,,1,1612570195,1777983477
jawa213,PL,,9,1671643043,1769611120
hydraehiz,NG,,70,1645986016,1778228190
abikal,IN,,0,1522428410,1727272603
thezads,ID,,4,1674741620,1762824646
me_wanna_try_the_chess,ZA,,2,1660294986,1740502172
carolos_4,GR,,1,1616693257,1737832192
ottobacsi,HU,,1,1675612018,1778237889
rottenbrain8080,DE,,2,1674930013,1777764703
shahwat,BD,,15,1527276657,1777741662
cantnevercould,US,,0,1657599487,1777983485
wahkyoo,US,,3,1668817860,1713043568
chessss1972,ID,,3,1677129592,1778154666
michel_frs,BR,,43,1642375828,1778184028
jackjohnson32,GB,,6,1673743916,1777059061
torben_a3,BE,,5,1675526240,1778163189
monarca01,BR,,11,1677900631,1734486758
minecraft-delisi,TR,,10,1656976759,1756555234
joseph2107,PL,,1,1677869393,1777983491
sbykk,TR,,15,1680887556,1777843149
biancopalato,IT,,7,1659772803,1778242581
hiddengem00,US,,2,1611373652,1777238536
leomagno5871,PH,,15,1569417913,1778134100
dhruv09082004,IN,,13,1662643075,1776961154
geno2323,GE,,3,1669139336,1777983496
emirozdemir10,TR,,14,1671882057,1777912665
cheeserain,PH,,3,1678591824,1730503271
benw1000,US,,13,1649022853,1778172429
zel558,TR,,7,1666367296,1778148178
gorrionblancoo,ES,,3,1535878638,1778150711
diogobsoyer,BR,,5,1659443283,1686007638
marcocesaresolinas,DK,,1,1679061106,1688444203
saanjayy,SG,,9,1673509108,1777993756
sunrock69,IN,,6,1587722959,1778057029
phiphi197306,FR,,28,1670685706,1778225020
chataz,CO,,14,1625714245,1777983504
axel19881901,AR,,5,1611264705,1778200823
beauxtoe,US,,2,1676628374,1708301499
leotrb,NO,,7,1674139931,1776668025
mpakho4hou,RU,,4,1659777499,1778242271
somebodyyouusedtofork,IN,,1,1679201546,1777983508
pinpin26,CZ,,17,1609428883,1759179781
kushal_4,IN,,11,1674769736,1776015307
supawetty69,US,,1,1666722206,1774083551
bismillahgodsaveme,ID,,1,1668945805,1777904863
nicoilcuoco,CA,,38,1672008540,1723154974
niksazaja230271,HR,,12,1674577459,1778225386
chaos_26,VE,,6,1670284674,1777983513
tvpapa,AR,,1,1679262120,1777983514
nix0o2,PH,,5,1674183242,1777685182
cooldude3556,US,,34,1677258399,1758071708
ayzikh,ID,,8,1664161122,1777689630
blackpegazuz,AE,,4,1675242784,1778225203
goodgold1,EG,,2,1646396919,1760115270
nilofoyen,ES,,4,1535485812,1775211417
byronball,EC,,7,1608682734,1778176314
bihunsuppe,DE,,9,1670496498,1740734159
jaylokes,AU,,34,1660458782,1752398219
chinga07,KZ,,15,1677445329,1735054037
x_a18,PS,,8,1676395820,1689284637
cadorus,PL,,2,1675787805,1753533862
aniket_97,IN,,5,1671276560,1702814934
8a2celona,ID,,6,1597403991,1771246744
evajasafa,BE,,0,1678393855,1707167671
maikrooo,GB,,7,1612803911,1777420449
mmimek,PL,,1,1674740378,1773520758
gateways7,US,,2,1593555186,1765459951
ruizoni,PT,,3,1677778714,1777764990
electricitymage,BR,,7,1667819111,1777497142
michael19221,US,,33,1639751464,1778206424
anak_zamri,MY,,2,1674866605,1767866042
mrweeklyy,EG,,8,1670253092,1778181783
ofekd1,IL,,9,1674898591,1773257905
tavarilsthal,BR,,79,1597498450,1778235044
muslehur,GB,,8,1313286142,1777910886
elwahch,DZ,,10,1673386947,1777983535
frodoftea,MN,,5,1672569773,1771573078
chichangggg_09,PH,,4,1678027460,1741864271
hem_707,IN,,2,1635507430,1778195711
loosersweeper,GG,,28,1612745591,1777983538
pruppisemil,SE,,3,1604314771,1776109421
skillnotincluded,US,,5,1613684179,1777983539
daltonlamar,US,,5,1657939274,1777948802
shatuis,DE,,5,1607284293,1761998197
tommy250ms,PE,,10,1575811488,1777990645
harshvardhan_2212,IN,,6,1628600254,1737218806
searphion,CA,,2,1607290197,1724155339
vlganesh2,IN,,0,1591497532,1777983544
dante_yandiev,RU,,11,1653043249,1773029985
langfordl,GB,,7,1673343074,1777886535
zielschieber,CH,,0,1654024300,1778195427
coopersebastian,US,,11,1650913824,1721157295
deepdisher,US,,0,1673460816,1743090814
sanatanichad,IN,,3,1670893567,1777983549
fiskontiy1,RU,,19,1674295263,1778220324
montes713,PR,,3,1676469447,1778199497
marcusdavidsson,SE,,2,1518632770,1778241022
yoojunkey,KZ,,6,1636889759,1777983552
sic433,SE,,6,1608646552,1777983552
canisdeus,IT,,10,1644271507,1778224032
removedusername93921,UA,,2,1673303117,1771661139
isdan05,US,,25,1611961187,1776699732
kili76,DE,,7,1598610865,1762135008
amrodass,LB,,4,1672521068,1775162420
x-7576135171,XX,,0,1674258286,1728417556
silencio1958,ES,,5,1673783271,1770599166
protas255,PL,,5,1603396101,1689349754
bdrbadr,MA,,5,1673778576,1777599490
styllszn,NG,,14,1675641535,1777784529
esanty,CO,,84,1627421636,1778121964
bryanrigot,FR,,7,1666524389,1777983563
georush,GB,,8,1262920798,1777387513
z3us24,AU,,2,1681393231,1777983565
bignoje,AU,,1,1677893203,1778230781
siryessir11,TR,,10,1679412509,1722244710
ez4zator,KG,,5,1643294745,1778144759
theodorelag,FR,,7,1605983821,1768688505
altinne,XX,,0,1681899913,1682931526
renniv,US,,1,1233365223,1777983569
alejandroavaloss,CL,,4,1527438924,1778208043
leonardobendinelli,IT,,4,1675687750,1720118518
jkairus,PH,,2,1652924740,1777983572
aldahir3,MX,,6,1639546175,1745689057
omar109_thereal,SA,,15,1672738485,1696564115
cassftw,TR,,7,1634221510,1777452313
iarsaa,AU,,8,1669902186,1765025041
t0mmyshelbyi,XE,,6,1680762534,1685405362
hynzzo,KP,,5,1669385548,1751205094
7r1574nn,BE,,7,1645204034,1778146779
amir2505213,IN,,17,1657783283,1778239665
zeewanshahi,NP,,6,1675137640,1759056104
dangrzy,BR,,0,1622496431,1704410955
jioldjear,PH,,19,1652591478,1778107495
darkest9t,US,,3,1625868556,1778220748
figgy25,US,,31,1675960621,1778181622
ahtithegamer,FI,,18,1673939378,1772203253
nazzzz111,KZ,,2,1677159455,1777204606
shobhashisnayak,IN,,16,1673435287,1778217917
fruktpizza,SE,,8,1608497045,1778233883
king_gainer,PH,,2,1675071731,1760351941
1asfaruh,KZ,,3,1677517489,1778225079
eisaapeittaa,NO,,3,1639765231,1778225415
erenigl,TR,,3,1678212155,1703949220
rocboi84,US,,24,1668716318,1778214898
cjlambating,PH,,11,1656260986,1774349642
griff59,CA,,0,1673743499,1778090474
shuuma1,EG,,2,1659078534,1762356173
burgerritoo,US,,16,1674894954,1778224398
camiciabottoni,IT,,4,1610488249,1778242408
tingkuu,US,,2,1576647107,1688177764
bsd11122,SA,,35,1612035392,1778233681
schorreschorsch,DE,,2,1548623725,1756749870
gfurr6,US,,3,1673613409,1762930506
pacrom99,IT,,14,1648625229,1778234926
illegalalien22,US,,10,1673636031,1776985595
pasi0912,IR,,23,1673778053,1734536781
klmacm,GB,,3,1668744586,1777745876
practicetobeatmyfriend,CL,,0,1670336665,1742557476
spankmemore,BE,,18,1509379633,1774443276
chaa9,PH,,5,1670204390,1697123812
mohitq,AU,,33,1595002429,1778154092
13_baap_hu,IN,,11,1679735839,1742650870
x-1185963581,XX,,2,1681139056,1714403216
hvorost2,RU,,2,1541796482,1761816769
mrgilito,ES,,6,1641569619,1778231014
pablmqx,GT,,3,1648403519,1736813374
juani887,AR,,11,1610735572,1778175127
danniel0031,MD,,3,1676907886,1778218297
atiq12,IN,,10,1533050343,1778235915
naclpiel,GB,,0,1676919277,1683231414
armanardadavidancheta,PH,,2,1679833089,1696911812
andrej1811,SI,,4,1592378808,1752754835
yrrel25,PH,,3,1621085199,1739688676
rexylore,PH,,0,1683215084,1683346800
ripdope,JP,,3,1681210250,1777181287
caros29,EC,,10,1644558482,1712078774
chessss1234556,PH,,3,1679804719,1777983614
konradszachmat,XX,,3,1623442963,1778239255
lucas5038,BR,,0,1611433659,1736800466
clemzer24,FR,,10,1628636365,1778181126
jh0nrh3y,PH,,3,1672675566,1761898610
equinox027,US,,13,1578935302,1778213707
tavomoralescomedia,MX,,3,1672437178,1719493891
raedalou,TN,,5,1676661313,1777983620
capripanda,DE,,3,1637783533,1736787089
skar1997,MK,,0,1678176635,1757706758
selvasubasuji,IN,,3,1567274155,1730461318
zodiac7926,US,,5,1673233576,1778213027
21wolf21,GR,,5,1604946166,1778242637
ydusbdsoldv,SE,,7,1670329315,1778230971
tumbabumba04,SE,,6,1675702199,1700243686
niklas123356,DE,,24,1660956421,1775042771
sufexro,TR,,0,1653404349,1746090922
andrej10011996,DE,,5,1677015177,1777023661
newjeanshanni,MY,,20,1675895679,1777636690
yemmy89,CA,,3,1673920454,1772734442
mrcriz007,US,,13,1399702696,1778171949
2point6hog,TR,,0,1674483924,1689710513
frederbuhl,DK,,2,1532897955,1722024464
n491708,TR,,0,1674514552,1690879370
danielmogollon,CO,,1,1653174873,1778171184
framikoin,SK,,5,1673098064,1778235996
slash10292,US,,4,1673801029,1778198303
bendert3000,RU,,6,1679387800,1778216766
pandora_773,PH,,15,1682609603,1688906712
sandwichtunaa,EG,,24,1677424682,1778234355
gaspasch,FR,,16,1646854629,1777832959
mananop007,IN,,7,1670778364,1771788294
ajg818,US,,3,1675219789,1778218377
fartuno,RU,,25,1649836208,1778242815
salgemar,ES,,27,1659534210,1778226178
normalomat,DE,,0,1680895331,1692350061
thehenry19,CA,,14,1665684866,1736037913
affanamir29,PK,,6,1571377538,1746012817
damnslash,IT,,3,1677352940,1709584642
ori123ko,IN,,0,1680808096,1683933999
jamjen93,GB,,1,1607958948,1688116307
tendebil9,PL,,16,1668114404,1742336038
javifrias-7,NL,,14,1625412080,1755097827
massivenerdd,GB,,0,1676033578,1778161053
morbintime41,US,,4,1673135343,1687324892
ryansensi,SA,,8,1676539399,1778157832
ripple23x,AU,,10,1645696689,1776865525
assassincastle,IN,,5,1676485692,1716270098
weenywarrior,US,,18,1667937722,1748598972
iriezion,US,,4,1448589551,1729958301
thiendashh,VN,,5,1621320503,1776167108
salammarat,MD,,2,1673349608,1719935932
archishog,IN,,4,1679292360,1755510760
byambasuren88,MN,,2,1638976809,1738222435
bernoir,ES,,3,1670952853,1778185028
frankyp17,US,,9,1619889767,1778088932
fedexpeon,ES,,4,1610574521,1778173041
comanche_1,CA,,23,1623250844,1778235977
thedestinyyy,AZ,,16,1677944610,1774377688
tomasnolan,IE,,26,1378669537,1778192702
gaugaugaugaugaugaugau,BR,,12,1677205306,1778233734
andrei_92,RO,,22,1607186786,1776871494
moib55,EG,,13,1676109280,1733501551
budegdeg,PH,,0,1676913690,1775751217
jpunk666,MX,,0,1681186145,1704441665
sahan_k12,LK,,14,1673167014,1747240306
lweezii,US,,5,1602314554,1768604845
peraltitita22,AR,,3,1605669546,1695674626
tosi_06,CZ,,14,1670831463,1772022954
abhaykalia96,IN,,50,1610055781,1777489453
sxturnw,IT,,4,1671822085,1766662204
feodal95,PS,,10,1608216635,1777271787
gab_ri3-ela,RO,,5,1672060449,1776098372
giacomocozzi,EU,,8,1654943725,1778242703
lazarnesovic,RS,,1,1506707321,1699087003
creedxd,FR,,3,1355256410,1778242166
guslovesmath,XX,,11,1679870542,1778241860
songtrendoinay,VN,,19,1663875716,1719916870
krewposter_123,KP,,20,1676006485,1765787157
matiebalo,RU,,4,1648138835,1766951374
mu-dede,TR,,15,1653841998,1777229643
jitzejp,NL,,3,1606308910,1778222451
thecrg7,PE,,4,1629783381,1768953290
daredevilangel,IN,,2,1498554815,1753452113
piececontr0l,NL,,6,1587922505,1778235554
tovar91,US,,7,1601081860,1778217561
jimmy_buckets69,PM,,22,1669918522,1778174488
swaggertoobold,US,,7,1653947131,1778199528
sujit17g,IN,,5,1606398736,1778174932
waveyfxnt,US,,22,1577730927,1778189742
alexsw11,XE,,12,1553081206,1778237312
feshibor,RU,,13,1644913821,1776782092
0xpang,SG,,4,1658844056,1705337005
kingadrian305,VI,,46,1587536654,1778212092
bobby_fisha,NE,,31,1674832514,1757055693
madtyler1113,US,,7,1605750562,1761510139
mynameischetan,IN,,6,1609257009,1778233520
felipe_bastos_b,BR,,8,1610033445,1778234518
locallistic,PH,,9,1672072616,1772376636
jungshad0w,US,,6,1633729318,1761748270
koolarbi,GH,,6,1532362105,1735710679
gunthersan,DZ,,9,1616186231,1777222054
tooktherook1,US,,3,1675912726,1761900790
juliusconartz,DK,,11,1665821937,1778226304
eric-z11,DO,,6,1508346285,1756141620
babyrhyno,IN,,18,1657743353,1778098272
byekun,FR,,13,1549148075,1778226563
jpcortesgtz,MX,,44,1611430372,1778208346
dynameer,PH,,8,1446204790,1778183548
onditi,KE,,18,1674186938,1778234877
sukhoi-killer,MY,,10,1677668576,1777341015
millon_don,RU,,4,1680278474,1768557983
cesare_67,IT,,120,1613150103,1778241788
bells1,US,,20,1602390383,1777934601
lajdzo,RS,,7,1659355016,1777771385
mgeliko,EU,,5,1682181750,1778225589
gabrielfreundt,PE,,10,1516145370,1778185616
donaldriddle,US,,4,1350173377,1710486817
mirzarsalan,AE,,3,1646145234,1770048100
verazykina,RU,,94,1641042958,1778235224
saimanishreddy55,IN,,2,1653900885,1778149403
nickstormed,US,,7,1573767790,1776427315
supremevzz,FR,,23,1613863567,1778154067
sillybirdie2,US,,24,1674073426,1764166848
lebroom_james,US,,8,1614590555,1776974651
kristorev,RU,,3,1621965347,1778057560
burimipz9,XK,,0,1674140185,1778134042
drbacher,US,,3,1605711549,1778210701
moorthy1989,IN,,11,1537037048,1778214913
rubendelsu,ES,,9,1606041160,1707924989
bm_pt,GB,,30,1654792072,1764979336
medjochessplayer,PH,,3,1674299286,1746324643
legend_ararat,AM,,6,1681696757,1778202359
brianl1994,US,,6,1366253546,1778000431
yafkata69,BG,,19,1670674664,1775679754
ciccio97x,IT,,3,1679907568,1771511373
otabekmusurmonov,UZ,,4,1616155279,1778237566
toprakral,TR,,10,1613652641,1777847381
kaba12345,DE,,3,1639833922,1778234002
theendri99,DE,,9,1634040169,1778227620
duddec,RS,,11,1672760556,1778242378
cheeseburgy,US,,23,1635731235,1778182408
cruzortega,CO,,2,1617545041,1761561060
k1tqmm,PE,,7,1681008608,1748620873
tanguyettango,FR,,3,1612093061,1775116760
priyali,IN,,22,1247757661,1698600367
enachemihai,RO,,36,1518020916,1778229022
eddichoi,IS,,1,1674327521,1692026875
fatsoplayschess,GB,,1,1672782273,1696672733
tomas_james,CL,,6,1669044111,1778212760
axteriel,CL,,10,1650292345,1777915303
jak0,US,,11,1416505672,1773515711
ruzserin,ID,,10,1681997884,1764562989
izi104,XK,,7,1612352770,1771241885
carolper,ES,,17,1612636010,1778219473
grionn,PL,,1,1675622338,1730153012
juanxi2212,AR,,2,1617372749,1733697023
hugovargas,CL,,14,1517553075,1770572810
glauco1203,BR,,53,1651247618,1707209189
chessman08,US,,19,1213486804,1778221645
nanox69,IT,,7,1616344466,1778223836
shaun135,US,,2,1436438905,1727363311
bojomitrev,BG,,6,1647901696,1773167627
adrianoscanga,IT,,5,1678721969,1778234464
djdogscute,US,,6,1666189198,1686851240
bielarczuch,PL,,4,1654723966,1778241603
masonv14,US,,3,1673130953,1778200084
tuku0912,IN,,1,1586434768,1692584962
andi2006andi,AL,,9,1674286752,1772302248
ooulehh,ES,,2,1675691845,1778229286
ibrokhimdjan,UZ,,11,1672381647,1777195415
irisbimo,NL,,34,1666029218,1757192992
tijnisbeter,NL,,30,1667380554,1778159099
flemdizz,US,,16,1568612077,1761254238
ratterz1,GB,,55,1674130955,1776978975
daryusi,DE,,16,1672431436,1774808433
gloofchie,CA,,13,1627101026,1778210225
kevp123,CA,,1,1682130494,1684884695
julio_delcid1789,GT,,18,1631406179,1776444463
rahuljain279,IN,,2,1491327784,1758812804
mark44k,EE,,13,1672147189,1772715836
klerr1,PH,,3,1676653674,1767579009
joecc02,US,,10,1625881600,1778186474
katia2196,GR,,4,1606577355,1726136914
kissa33,FI,,8,1482268501,1767010922
swevenroro,GB,,0,1660245985,1768339689
robertofrancino,US,,12,1675453606,1722793995
tiagotoko,BR,,19,1671845649,1778169633
mlm289,US,,8,1635190657,1778199065
ayanokojikiyootaka31,TR,,5,1680861214,1778066882
vitonico,IT,,0,1681746626,1759000580
ferdisnisna,IT,,8,1680190515,1770556670
abdoabobakr14142000,EG,,11,1677088297,1692852133
viking123456123456,IN,,13,1673197234,1778239006
zyzzler1,DE,,7,1672791487,1777029172
vimarshsoni,IN,,3,1680537170,1691294021
shan07021991,IN,,9,1675796661,1778233851
remidebordeaux,FR,,8,1668957930,1778229911
noakhigh,US,,18,1543618300,1778218516
miriamjudith2008,US,,8,1666705159,1700673106
zynnto,US,,5,1615276806,1778087130
unarmedswaddle,US,,4,1665354163,1692660455
ikkson,HR,,6,1667996813,1777364602
titchdub,IE,,1,1675018992,1775283160
unknownvisalt5,US,,3,1682518837,1706700893
daniel28721,FR,,4,1664222045,1768343158
jepsen2104,DK,,4,1621420698,1710158536
sapphiretrapdoor,AU,,1,1549686576,1729036104
asser27,EG,,12,1607379284,1745117453
yenik1,CZ,,9,1574104157,1778218628
abdulsubhanqazi,IN,,14,1609671382,1768247900
pierrotlpb,FR,,3,1678287916,1763996525
mcchandler,US,,9,1616463796,1778236558
didyouknowthemuffinmans,US,,0,1674760041,1765828191
django12654,AU,,20,1462685326,1776606687
yuvarassharzarb,MY,,4,1673068448,1776949300
mandoliv,FR,,19,1618147869,1778242779
yoiomyoungtimer,FR,,6,1659511990,1778242522
epersclaptsjinees,BE,,10,1610008070,1736959280
ratatamiamigo2,PL,,6,1671918395,1720781473
beanzmeanz,AU,,12,1674267825,1778059365
koba1210,BE,,16,1594831022,1778097498
marcof107,IT,,15,1668894838,1776277156
lucyhikaru,ID,,3,1671351139,1735338128
bimox2,ES,,6,1606765767,1778104844
elenderveredler,CH,,5,1675534903,1777517213
darkslayer95,TR,,21,1675622318,1778241676
bigcalvy,US,,22,1659842876,1774851334
jh3265,HK,,3,1672237865,1778242307
idesofmarch7,US,,10,1617477184,1778196919
kennchong,MY,,5,1662272867,1705966059
levanduc2009,VN,,4,1681636058,1777911052
orozcodaniel,US,,35,1596183593,1770848539
ypuchy,ES,,9,1636309003,1778205744
marlie9590,GB,,8,1675427038,1778097692
karimovitch2000,MA,,28,1617453326,1776939303
nils_84,CH,,17,1672523294,1703103727
ferlang,PH,,4,1681287135,1771826823
arunmadhavanaj,SG,,21,1651471444,1778204771
armbhchess,NP,,6,1679055943,1765555110
donggon,PH,,4,1679838120,1761119909
hippygt,PH,,2,1672150087,1778210571
lucasjonesgamedesign,US,,4,1659741768,1740574171
xarshan,EC,,2,1667096675,1764029415
staplemuncher,US,,15,1658597087,1778217539
ssantirb,AR,,2,1653497044,1778213425
killerwale01,GB,,3,1518987219,1778242493
deveshgodbole,IN,,21,1597234162,1778167393
jorgeshaytec3,CO,,1,1498699752,1689909249
valdemar0001,UA,,3,1679323465,1732117477
henrydolphins,US,,8,1661632456,1777752961
jadales,US,,3,1613752027,1778195944
larsklee1993,LU,,0,1506414821,1688373659
cplmayhem11,US,,9,1675945469,1778174893
ricardo_ferreira-sh,BO,,10,1552538660,1777251709
sokong90,DK,,9,1671033883,1778182374
rasmuskaljurand,EE,,5,1673637153,1773447495
romeoxray,PT,,1,1507427046,1728523663
blainbutts,TT,,15,1405009591,1777863692
metra23,US,,3,1610400505,1692420657
koren77,IL,,9,1569147028,1777964949
igotyou123,SG,,0,1664977255,1744234755
ignacijus,NO,,12,1522683234,1778190123
jpoyanco,CL,,5,1584705462,1743285738
balthasarvd,DE,,25,1593904031,1778194727
abdulrahmanamr,SA,,3,1424801301,1778030830
hayden-tran,US,,30,1597007795,1778044754
morvan16,TR,,6,1612109524,1777226857
elonpumpbtc,PH,,1,1682423428,1685431800
zlilly,US,,4,1282726232,1776892374
bialyogon,PL,,8,1667806979,1763626636
goofball420,US,,17,1589692742,1778239684
carlitobodonal,PH,,6,1538453957,1777977000
dremod,CZ,,4,1645434278,1772979480
1qba111,CA,,13,1679429297,1757608239
castillo225,MX,,0,1673371131,1731943871
shah285,NL,,0,1663131584,1730988154
fishandtoast,SG,,1,1612797393,1777868006
jedwinciv,US,,13,1605412561,1778199003
q_u_a_r_k,IN,,12,1661667921,1778153405
romainstm,FR,,1,1615150332,1748199812
zer31260,FR,,0,1600862526,1693162971
andreiz99,RO,,16,1608147696,1776439303
crocicchio,IT,,55,1644009663,1778107518
eddiesund,FI,,22,1615222145,1773497481
ranamux,PK,,12,1590580396,1733951665
stekjek,IN,,0,1677604943,1695978144
lebber32,DE,,0,1675509339,1770815547
adrianacelentana,ES,,7,1613047186,1769185754
girl_who_loves_life,IN,,2,1641040034,1777861414
crobi2099,US,,2,1684289786,1725617367
n46010568,MX,,0,1684066866,1685495976
technologicaltricks,IN,,7,1647667949,1777803435
nghuuluan,VN,,9,1675332120,1778238729
mcclive,US,,8,1677702924,1769096309
kaloyani,BG,,13,1673425430,1778233880
elsilencioesmioo,ES,,0,1683126599,1775512322
mackeyz,SE,,2,1675528775,1778178337
zedned,US,,8,1674749582,1717591418
denys123123,PT,,2,1612094042,1758891167
cerrad8,FR,,1,1645557478,1773158443
michalbrx,PL,,16,1555928899,1778155301
sunilbhatia2006,IN,,5,1647089604,1778207027
justusmagnus,DE,,1,1677617227,1721246663
sixovec,CZ,,9,1674125788,1778138988
andrylonga,IT,,9,1608664630,1752326055
hoehfy,DE,,3,1657294184,1696522187
adopilot,BA,,27,1649538800,1778242953
hlalal,DE,,15,1637668062,1778229803
imichaeltal,SA,,24,1600716545,1778235537
flap_chess,PT,,0,1607355222,1778187152
lilayee,RO,,6,1568141504,1757897579
villalong4,CL,,312,1667950518,1775972612
drewberry5628,PH,,6,1672924505,1706193579
mynkprtpchesso-inactive,IN,,10,1675862628,1690348213
carlos_gle,MX,,19,1681886891,1778217613
polposcacco,CH,,23,1608847406,1768051786
bryce-jrs,FR,,0,1672781110,1750181171
impratical05,IE,,9,1680636550,1696945717
ethangood002,IE,,20,1662606795,1778101094
maxblaes123,DE,,17,1655292855,1778144111
kanishtagarwal,IN,,20,1634998475,1772298532
genandz,BA,,26,1670678051,1778238997
dareal95,US,,8,1506350578,1714796913
mohamedz525,EG,,16,1676756690,1768260700
howler411,IE,,3,1635594047,1707573266
olmorac,CO,,12,1619117200,1778219204
nievesnerea3,ES,,5,1643731343,1778159704
ibraa_chess,SE,,0,1673206139,1695563157
luchett,IT,,7,1642245601,1775758032
asax1337,NO,,2,1481579743,1771823113
i3laze4,HU,,10,1656340877,1777625963
fornaxop,IN,,13,1669728057,1742662354
pliniopaulino,BR,,9,1643832750,1777400987
imjosermourinho,RU,,9,1671458470,1748888521
microwaveman5465,US,,6,1674318855,1757801783
pensacolabound,US,,9,1661972171,1768538593
loble94,XE,,20,1484578525,1778174945
bayerwald-kini,DE,,16,1672763896,1778186386
juandegimenezperez,ES,,2,1562359131,1720384723
manix703,UG,,3,1606768935,1768259510
vhpclk,TR,,10,1543772253,1778059092
uiop9090,JP,,1,1678724831,1719672660
linusfir,DE,,15,1672249935,1750965210
ridimi,AL,,20,1639523093,1729977756
zdrooo,US,,6,1672640989,1778204188
thepsycotichyena,PE,,36,1511084235,1745920060
iftekhar_jihad,BD,,6,1680962487,1755944459
chessoverbr,BR,,8,1679600469,1773244365
laurentius6,HU,,17,1614859196,1774107423
dinisius8,GE,,1,1680007472,1687932297
pe1487,IN,,4,1605591583,1778226656
gio5127,IT,,16,1672699010,1778150563
vadimdryzhkov,RU,,2,1662375385,1697965670
carlabels,SE,,2,1646287775,1758307465
lastchance1317,US,,25,1447511914,1730765589
davismatemate,ES,,8,1680207655,1777045905
stratosph,FR,,1,1608307204,1777977889
zainalhawari117,JO,,5,1672234566,1775920440
enriquegonzalez2707,MX,,36,1658942230,1778115735
aschonnesen,US,,5,1672525742,1778221183
mhansmangadang,PH,,5,1674180917,1728697172
walterobrien2005,MA,,24,1617904246,1776266661
ice99687,XX,,0,1635179107,1760969080
diellr,DE,,7,1673574198,1723821873
drukarkaszachowa,PL,,8,1648566057,1775380877
billbranton,AU,,12,1674192464,1778243073
nasari90,DE,,5,1678638604,1777841486
matzu_mothafaka,PH,,6,1675173232,1745733333
shubham_m_shah,IN,,7,1673329302,1761966968
fredenc,CZ,,4,1611341593,1773087279
kei_senshi89,MN,,11,1602994147,1742830942
onurdogan3988,TR,,14,1589498999,1718625115
jagadesh005,IN,,0,1655112823,1709468060
pazy69,GB,,1,1616790804,1729267438
axel4321715,PY,,4,1586501483,1776710201
almog_sasson,IL,,21,1516561494,1778239640
x-8801241176,XX,,9,1675185425,1766548855
flipynsy,TR,,3,1612512515,1748252091
koke1118,MX,,6,1584255167,1778231195
dinisroxo,PT,,4,1680089085,1778011138
tree-limb,US,,6,1679418688,1772248052
bkmk22,US,,3,1665530096,1771468709
onetwothreefourfivesixsix,US,,2,1668798215,1758307609
x-1931828656,XX,,9,1621324599,1701792088
kubilayt,TR,,7,1576203867,1755295769
majkel420_gicior,PL,,9,1672656256,1710763639
jaquavi0us,US,,3,1677189158,1777983912
nureke002,KZ,,7,1674872165,1706382346
joel061006,DE,,8,1674471347,1761858941
harryvedeci,BE,,15,1672228153,1774049279
juanutrilla,ES,,7,1606919755,1778174783
piotrkorpak,PL,,4,1672688791,1778078557
jschosek,US,,5,1668456367,1777940799
nathancrqx,FR,,21,1664529201,1778236721
jamesmohn,US,,7,1507761876,1776987112
mirovisk,BR,,6,1606071990,1778187098
yashmehta0,IN,,9,1683027913,1777983919
martinhorak1,CZ,,0,1668165516,1688678847
mangesweden,SE,,4,1671366975,1778232584
henry-newman,GB,,14,1489591313,1778239906
adriano15s3,IT,,1,1676292203,1719580236
topaz61,US,,6,1608256380,1763845445
zxeemx,EG,,5,1466743530,1777983924
yalig777,US,,9,1610839631,1778131203
coolwig,GB,,2,1670091672,1778194708
sellyyyyyyyy,PH,,4,1659194300,1747490867
peanutpacker,US,,2,1672297114,1691753618
martincek,IT,,17,1462965509,1776317948
keryanbou,FR,,5,1564591331,1778183527
dontstopmenowhey,ID,,10,1542639913,1778237836
iamidiot3674,GB,,15,1598910121,1741529416
akqjax,US,,7,1605750012,1778136274
vasthebarbarian,US,,4,1509150079,1770930691
d3vinci6,GB,,14,1622037361,1778109524
mwoods33,US,,6,1636946497,1747692118
lemonzzz21,PH,,1,1679104812,1771121692
failedasianng,ID,,18,1643693545,1776826373
hocuspocus92,FR,,3,1671904360,1700046533
anatoliymakhno123,GB,,2,1676368618,1777983936
nathanpyka2,US,,9,1671550371,1736538762
danielcheckmatek,US,,10,1644963570,1777983937
stonerjesus666,XW,,5,1333754151,1777452917
ismaelorenzo,MX,,4,1675137518,1713158055
p_bhavsar,IN,,37,1665424572,1777544834
radna08,RU,,7,1613705980,1757744966
sawtepanse,US,,7,1677509304,1778180365
nine07441,TH,,10,1636811349,1778220838
jaylas23,DE,,12,1609797640,1767473387
siddl37,ZA,,10,1679606107,1778242177
2pac_secret_account,FR,,24,1538318569,1777983944
mahatmagandih,SE,,15,1589230519,1777836914
r3c2f5,US,,8,1534964229,1777418900
yunussssski,TR,,3,1682971444,1775120393
valdi1970,KZ,,1,1635612189,1739366146
ynlbndaso,ID,,1,1668844817,1687340883
danielr111,US,,9,1629825776,1706081313
teokapa,GR,,24,1660481894,1757533754
chachos7,US,,8,1678125437,1778242170
thardy26,AU,,1,1684325885,1692705597
davidecappelletti,IT,,16,1545657355,1777549588
reeseboyd5353,US,,1,1681837020,1717090626
lemabchess,CA,,10,1649804916,1756079928
baselyousrehaine,JO,,18,1623934521,1686400855
wranklan,AU,,2,1620094082,1769070855
bloxyzz,ID,,12,1673935417,1777339088
metwhan,TR,,6,1642590120,1742904791
kingkk29,IN,,33,1482947309,1711904417
istam4,TJ,,6,1673258762,1778002147
fatihemer,TR,,11,1592142841,1726331937
a1inz,PK,,12,1681224970,1778222226
blisscosmic,XX,,11,1679697479,1734777089
duyhihe12,VN,,3,1675242179,1758358346
me_and_friend,ID,,6,1678099990,1776903973
wyrzer,IT,,3,1513012965,1770072508
toxic72,IL,,5,1433239643,1765756119
bshara_m,PS,,7,1565362614,1777983964
bloooos,JO,,19,1676496035,1776409858
meruem127,FR,,15,1670115787,1775637969
zmudzik1,PL,,5,1671008277,1694339435
bbiggusdickus,DE,,5,1674049965,1778065030
samygovind,IN,,53,1590664760,1705253387
ineverloseunlikeyou,GB,,28,1675872341,1778178750
bigricefarmer,US,,7,1670950779,1777983970
nontaskont32,GR,,6,1610230675,1777983970
michaburgie,PL,,3,1610662425,1778192880
diegofx,CA,,5,1607123827,1767614408
jeeonereddy,XE,,3,1230459843,1778159116
jakeymatt4,US,,3,1676601777,1778173898
cwmoveit,US,,20,1673998240,1778223081
sebhmc,CO,,7,1610139100,1764795495
janatiomar,MA,,20,1682781504,1778177665
orangepik,ID,,2,1615511605,1774437633
nokkia3310,SE,,5,1646828895,1778235886
rysiu69,NE,,8,1610453853,1777401622
larvaop,MX,,10,1610066936,1776975462
daniel8600,AT,,3,1551642183,1778097094
cagdaskuss,TR,,7,1678439074,1777871032
maxi1983,XS,,5,1264067553,1777393270
arash13541354,SE,,4,1633989187,1778185099
stripedranch,IE,,8,1600545310,1775466920
simonornot,EU,,20,1671595692,1777916175
hiragiiiii,PH,,6,1677570842,1777991188
vanditareza,ID,,1,1676279930,1728236799
lucky101005,CH,,9,1673209966,1748340164
dutoto,DE,,0,1657012445,1778230473
pawnstays,US,,9,1676380738,1778239017
idfczakon,RU,,4,1658928063,1776417215
owkeyz,PH,,1,1680510109,1704893507
moony2001,CA,,11,1670744390,1775740014
ehabtsai,MY,,1,1644772378,1778229028
loste3e,IT,,12,1675079080,1778144313
misbaksels,BE,,26,1664095123,1778222448
dontyoublink,DE,,25,1566804359,1778242160
rehaann1,ID,,26,1657743926,1778006774
siepedipasio,IT,,39,1666978703,1774693872
nikitamiley,BO,,343,1675319722,1715324462
warre_dg,BE,,8,1667567175,1750674994
rahid69,NO,,23,1491759928,1778189591
mossrx-inactive,IE,,0,1672541474,1777983997
learning8430,US,,5,1632416632,1778195202
antonicij,SI,,6,1518012210,1778241806
ivan4335,HR,,16,1592743526,1778160852
shartlordd,US,,1,1679903304,1694566269
xadrezusuario,GB,,6,1632215682,1695329854
schachboss1978,DE,,8,1672417946,1778239833
sirsume,US,,4,1673239889,1778215117
kidnora,HU,,35,1674080080,1777760879
ironman2020alive,US,,5,1584838160,1778192943
tomathy12456,AU,,6,1647255184,1778240879
aagam_09,IN,,37,1677247377,1777967813
zirongabriel,PH,,11,1678523794,1773801436
neonn0,TR,,1,1673539370,1695356163
marcovagnetti,IT,,7,1454585197,1778173512
fettimacfettfett,DE,,5,1592572549,1773080199
yeubongdaa,VN,,20,1684494104,1758074021
ajinkyawagh108,IN,,30,1682141316,1758285015
samaz1345,AU,,2,1610255799,1778126483
wayynoob,IR,,1,1680389052,1771239975
abeldega,XC,,8,1609099764,1777992648
markhughes199777777777777,GB,,1,1659459657,1777984013
jackmay111,GB,,6,1673894277,1778240820
ethanos1234567,US,,0,1680607975,1686666468
zhaaaniii,KZ,,4,1651409789,1777581611
spectre206,US,,7,1646866493,1764779146
nauman01,PS,,12,1545036398,1777888717
bitcoinking25,PL,,5,1619375022,1705658324
hanribabe,AT,,7,1579634749,1778185634
hsnaslana,TR,,1,1599998204,1778236550
netrextss,KZ,,6,1679951276,1747293745
pavelike58,RU,,2,1670603309,1686662842
magnus190018,TR,,6,1679066413,1743162744
wool9wastaken,AU,,10,1636356426,1777717508
zackmahdick,US,,7,1677630024,1731167526
bahram4141,IR,,5,1649264160,1691859976
pepeee_t,VN,,17,1671284440,1774341949
daniel0harutyunyan,AM,,19,1682100178,1778236045
sebcornwell,GB,,3,1643481693,1728136289
fishguyf,IL,,10,1682611042,1778230735
killerwrld,IN,,17,1600844103,1778239254
mindjitz,CA,,26,1585850458,1776463852
snuggen126,SE,,12,1666187768,1778229228
cedi125,DE,,2,1674552231,1686743666
mowael86,EG,,13,1610321101,1696798272
chelski12,SE,,8,1624715626,1778232128
nikotaylor05,XX,,6,1655935781,1778211680
jeee07070707,PH,,0,1664521242,1771923263
zonkerrek,PL,,8,1677091714,1777489887
fuctrumpandputin,US,,21,1668298778,1778214512
akusukar,ID,,9,1677648642,1778218707
calub_xiandrex,PH,,13,1674476274,1778214071
vedipen,PT,,23,1525694182,1778082489
margianni,IT,,19,1675541576,1778242809
j-trapp,DE,,26,1675684245,1778183809
grabiszon9,PL,,13,1624749944,1777575163
nowhere_mind,ZM,,16,1648310303,1777984041
davilitoo12,ES,,2,1675949250,1710624393
jonaslean,DE,,3,1660037452,1778221810
gourav_19,IN,,2507,1673862112,1778242560
denim_dawg,US,,11,1607070349,1778216361
creaminator,US,,0,1665123628,1778101637
fudge2134,NO,,3,1542444817,1739362402
longjohnw86,US,,25,1293065403,1730594944
boesing97,BR,,1,1656206499,1778164147
creatonik,BG,,6,1671678815,1778137596
ahmetmurati2020,DE,,113,1592589629,1778180216
bharanitharanrbt,IN,,15,1669540207,1773751003
ishanraj88,IN,,13,1671218243,1778240125
cyy0o0,PH,,9,1676385380,1770858845
titled-p1ayer,US,,6,1681939915,1687406137
mikecordova92,CA,,15,1677289442,1778203897
alessioxta,CH,,5,1606475231,1722139583
rahiyansafin,BD,,7,1607274937,1749459358
tuomas001,FI,,5,1676390520,1778212984
gunner0010,US,,1,1674453956,1751485014
bibekdhakal_1,NP,,6,1676135087,1750153749
phil0019,DE,,4,1615223213,1711191478
juanghjgfhb,MX,,6,1664125476,1696890443
gunju_123,IN,,13,1375171858,1773187333
kensflightdek,AU,,0,1510101126,1777276740
michelches,DE,,7,1675262285,1719219750
painxsphere,PH,,4,1670290838,1697528288
maaaaaann,UA,,2,1678908425,1722547337
luisito1972,ES,,13,1668806941,1778243101
priochess,PH,,3,1674987082,1705233070
ickard,IT,,15,1654899041,1778019182
medawax,TN,,4,1659737483,1777968623
xn_macius,PL,,2,1675674971,1740602850
nikosbtw,GR,,15,1672920233,1766355707
milan_ni,NP,,9,1618840697,1714312529
fold1zera,BR,,7,1632438335,1772909978
doktorrrrrrr,TR,,3,1675581576,1778150772
gerardoh29,PH,,1,1680755931,1746880432
funoverrules,RO,,14,1611961802,1777984070
bunco_83,DE,,7,1672084136,1777984071
finalfill,IE,,9,1601411591,1777992327
oleja11a,RU,,1,1681315190,1765288754
karunaa_shankar,IN,,32,1671032634,1778058558
niklasschmid,DE,,10,1610010240,1778184677
ivimosli,ES,,9,1608762802,1761931387
nbrtokyo,IN,,1,1660321919,1697368724
ljberger12,US,,10,1677469975,1778196647
parsad23,IT,,10,1618602641,1778173036
dennisamisi1,KE,,42,1663559697,1778214288
guilhermehenesi,BR,,3,1685230999,1773705403
roadrunner_11,DE,,6,1659019246,1733060620
bielzito05,BR,,9,1621557740,1771949749
trikkerzera,BR,,7,1615512030,1777984081
blackpuslu,TR,,3,1683480830,1778214162
knucksbrah,AU,,1,1604911040,1707046194
shiftythefirst,BE,,2,1664805152,1778243160
maticha-tl7k,MA,,1,1682162986,1777984084
nircontente,IL,,1,1671630792,1778232198
maybecizzbor,US,,4,1685941799,1689979118
lonewolf0009,AE,,4,1646820145,1778192718
stojanplana,RS,,2,1680890655,1777984087
raloplayschess,US,,6,1648993567,1778134540
alenz111,KW,,12,1633222772,1770631765
nasczh,ID,,6,1678628286,1758365553
joeyfiorentino,US,,5,1682671626,1691278857
julianmue,DE,,13,1672538772,1773849945
1fluffy,SA,,4,1662050815,1777381731
unxer,XE,,10,1682594146,1777719588
drakosha13,GE,,3,1685049776,1772481868
bhima2222,CA,,15,1683571900,1771281345
speedoflight69,SG,,2,1673331582,1721290736
grossmeister_bakhit,KZ,,1,1664679704,1721484960
gujamekokishvili,GE,,6,1473325177,1758013453
kartikkkshinde,IN,,5,1680975709,1691151840
eyal45,IL,,7,1685531971,1777888087
aksksoaoj,PH,,4,1686267282,1706156308
ttttf4,SA,,1,1687001789,1740729233
randomb9,GE,,6,1674643099,1778223701
chammonds,US,,6,1639511475,1778241720
ouwbie,ID,,72,1664799368,1770816199
el_potato69,US,,8,1667972101,1777771673
jaredbiggar,ZA,,58,1685361950,1778180262
riskyhari,ID,,6,1619379128,1777680967
me2free4,US,,2,1672285702,1749622987
gmahmedf,PK,,6,1683241713,1778242517
bryanbuenoo,BR,,4,1673741829,1736993906
architvankani,IN,,13,1613938614,1778233899
kaichloe,US,,1,1611789411,1778100358
justpaca,US,,4,1675135023,1744745842
pants40,IL,,23,1652248003,1776586962
kaiiiiiiwm,DK,,5,1586034290,1776252883
anthonyeden,GB,,17,1672533563,1776870173
jozko858,SK,,6,1610908802,1778140595
rexdrazz,US,,0,1672026732,1716480458
bonnera,US,,7,1531855643,1778172319
anirudhm22,US,,6,1614282770,1778199375
ayaan2332,GB,,11,1675877065,1727020043
smallvilled,MX,,2,1677176631,1767664996
lonkica,RS,,1,1662208044,1778228570
benjaminniesen,US,,3,1371863609,1771452308
et-hop,FR,,9,1642790579,1778147740
aliffnz99,MY,,8,1673007750,1705739164
pavelburza,AM,,13,1672497298,1777597814
amanchaturvedi27,IN,,23,1652001850,1774774870
ivymoff,US,,931,1611844062,1778225006
mymmsdd,GB,,29,1673460412,1778238619
jdawg1490,US,,1,1681206564,1777984122
boutine77,SN,,26,1585781792,1778241019
tomaslaco,AR,,4,1682309010,1755542558
anteportas,HR,,20,1357052922,1777984124
cambitinhodorei,BR,,1,1606929283,1776114028
dreyes95,US,,5,1682029808,1777932666
buggzyhi,GB,,12,1671198967,1763732315
deepwho82,GB,,3,1659045519,1778237389
kazzieeeee714,JP,,29,1681055178,1778219841
joaovitorskype,BR,,17,1652269188,1768680671
qwcry,PS,,17,1545922815,1775073349
chickennoodles23,US,,6,1657337473,1777145570
mantoryo123123,PH,,6,1678116835,1692704549
schogggi,CH,,4,1672353029,1778226423
37ndi,RO,,11,1661538084,1751126999
vinayprakash10,IN,,18,1662178987,1743234324
boulderboyee,US,,10,1670049378,1778162844
samskiii,SE,,10,1589311450,1691435219
uncsami,XK,,1,1683671225,1776889748
torgrav,NO,,2,1677525676,1736705983
arulgandhi,IN,,9,1609573833,1776590363
reckonward,TR,,1,1673565375,1768466350
dre7m,SA,,6,1609511020,1777675936
brto007,AT,,4,1591951497,1772599409
noexittt,TR,,2,1556814607,1748120856
chess_is_great1,SG,,7,1609672621,1774437383
kolia34,UA,,3,1677070613,1724581020
javierucho08,ES,,4,1614170810,1774529019
ugandan_knuckkles,TR,,4,1613460897,1778231744
joh693,DE,,7,1610383469,1763103472
kakashi0290,DZ,,32,1624919738,1778238260
dan1e_2077,KZ,,1,1680081266,1777984146
dunv,US,,7,1674846375,1778229751
jvfrancisco,PH,,1,1686906418,1708672708
ajoy95sg,IN,,16,1578046247,1771403913
jones786,ZA,,5,1627899033,1778239725
fructolu,FR,,14,1617474816,1778211600
gambazin,BR,,10,1569536262,1777522823
sudippramanik,IN,,5,1661765462,1743950784
shotbusgangstar,IN,,4,1673195097,1777984152
ruchitp11,IN,,7,1672991991,1772785974
sametawnl,TR,,10,1675964614,1778243343
errqqw,IL,,13,1659960680,1778190603
cinesebuggato,IT,,15,1674216094,1777733343
mostafamohamed18,EG,,3,1645460733,1774323250
perongelukbriljant,NL,,0,1610318660,1778239426
pkdibbun,US,,10,1548208531,1777764411
schnapsihd,DE,,3,1665427699,1776415135
gogi29,DE,,6,1607866837,1777827801
bolomistrz,PL,,0,1657536915,1778241975
jelksduncan,US,,16,1674838845,1775526680
leoncio1119,US,,68,1666593318,1778183043
luismichaelgonzalez,MX,,2,1636738506,1778208542
treendale,AU,,11,1605184899,1777557674
vanhaleneddie,NL,,5,1615755560,1778220596
badbunny2519,US,,3,1668982061,1778242966
htrain129,US,,0,1672741953,1778168220
sisi7200,FR,,10,1625775912,1778186196
das-schwert,US,,15,1623018231,1775849500
ralphmoore94,GB,,8,1672529424,1778233995
7o1nks,MD,,19,1681746026,1778090431
skittledilk,BG,,0,1660328613,1743289983
ramblestill,US,,6,1242777520,1778160914
kjw1994,GB,,26,1665839688,1778228077
auzza7433,BO,,3,1682732685,1752734878
thequokkas,AU,,8,1682061098,1778221698
henimals0,IT,,4,1648032959,1773192856
dallasprice,US,,5,1534519761,1777927955
javieriturrino,ES,,0,1679849504,1756456904
fadytereza,IQ,,70,1682082303,1778176022
kbk38,US,,2,1423758763,1778220067
tjoggolas,SE,,16,1609617099,1778243260
fionka1,PL,,5,1650479138,1775314004
bogax29,IT,,13,1609463267,1775167727
ispadu91,MY,,8,1634887645,1730341621
alfacres,ID,,2,1684990927,1777984180
sguitton,FR,,2,1659707376,1778242618
bigb1844,US,,26,1608672187,1778242047
rautiainen,FI,,5,1521139141,1772782497
elcarm0,AR,,2,1656337057,1739884316
hasssane007,MA,,11,1642363223,1778180141
narnou97432,RE,,1,1654707398,1778167412
gitano79,CO,,0,1667788891,1775819973
prathviiiii,IN,,49,1675161010,1768449803
qwerty24638,GB,,0,1682301167,1777984187
moneimon,ES,,2,1387667052,1778235644
renansanttos15,BR,,1,1612001126,1778151753
avishayziv,IL,,2,1616519784,1771269888
rishipunja20,IN,,5,1662562368,1752737580
ohmag,AU,,5,1678248503,1778218815
sametc55,TR,,1,1686203926,1765652475
arronluwan,GU,,9,1670978836,1768494764
otabekz,UZ,,17,1684353230,1774343575
luceferrar,RU,,1,1680492756,1725425679
davtsno85,CR,,4,1657556470,1717219653
simplex77,KR,,11,1678716251,1778217571
h0tpajamas,US,,7,1344403566,1774073682
queensknighthood,IN,,8,1667280661,1777984197
ahsgh,IR,,10,1648145022,1772145285
mikee_g,DE,,8,1679260418,1778243109
benimacle,UY,,7,1603923599,1777682805
querozen3,BR,,0,1659821511,1778127256
karthik_harilal,IN,,4,1675172723,1721832138
jg0312,DE,,17,1672656170,1778241341
nietzschebrah,PS,,6,1679230736,1699303113
bird_is_the_w0rd,CH,,42,1646319177,1778222822
stavo4k,WS,,23,1675579683,1778243253
vittray,RU,,2,1654689391,1730648351
gnos5,BY,,26,1562335988,1778226045
mickomagsino,AE,,3,1612424004,1777477150
zbrlaa,FR,,23,1612071458,1778206792
tilamuta01,ID,,1,1670804977,1774187231
jasc2020,PY,,3,1607914409,1703814538
hero9710,CA,,4,1631335024,1712635050
blazis44,CZ,,9,1677593221,1774252464
flacrh,ID,,1,1687266879,1706718988
yevhenfedyniak,PL,,6,1664656006,1773424953
i_prob_wont_win,US,,12,1489972605,1778148911
untolled,US,,2,1672101652,1726237388
x-4001158670,XX,,1,1678716672,1717068824
s3mih9lr,TR,,6,1670528613,1752437005
purdesibunjara,US,,0,1663904859,1777984216
shanei56,CA,,10,1670874653,1778111943
rednicc,RO,,13,1677409579,1777984217
gumbaynggirr1,AU,,4,1674902576,1694758145
hakanygttekin,TR,,29,1679151401,1778202863
cheetoleflare,US,,7,1551570977,1778208503
nothumanpjan,NG,,2,1679851412,1776964216
jragucci,BR,,8,1652032074,1778209774
berrt0,FR,,3,1683195333,1702763961
demon1120,US,,0,1615952251,1690644155
samuraivannn,PH,,6,1677096782,1777984223
anush31d,IN,,12,1677390016,1778044433
solo-bobbemalle,IT,,11,1631777062,1777984225
jesus0099,GB,,33,1674150325,1778047367
chrisoberti,FR,,20,1639510133,1778162139
onrkock,TR,,4,1551109305,1778100739
8movez,PK,,4,1678025935,1692465755
eeka506,EG,,4,1684955691,1689228214
pterson,AR,,0,1677634019,1727057047
wuilberanach,US,,13,1637962504,1778131312
momg123,SA,,4,1677745619,1704483227
iam_wind,VN,,4,1620287900,1760694711
maybee99,US,,10,1606290371,1702199148
x-3831625281,XX,,6,1681400913,1739452963
jp_rex,IN,,8,1678263873,1773682074
abeeedddddd,PH,,2,1683003296,1778212509
geopro30,CY,,6,1674933863,1777984235
bittu_2205,IN,,8,1620887532,1777984236
ooscar12333,US,,8,1664322856,1774225723
gl2909,BR,,0,1686140471,1689499655
ichdereine,DE,,12,1599981011,1778238847
riccardo_uk,GB,,12,1605556363,1778167572
kidpresentable1,IE,,0,1678355048,1778160777
ohno1971,NL,,3,1619251671,1778243272
chesswala0008,IN,,13,1685864398,1776321418
destroygui,FR,,13,1610557764,1777718838
beluai,BR,,19,1655654249,1778206699
brunotheg0at,BR,,16,1608495504,1774558690
spantinho,DK,,5,1631795318,1778186352
thnsnga,IN,,6,1638723998,1749357526
sapphire001,IN,,6,1627655158,1778093931
san124414,IN,,7,1501063842,1772704798
damir20131,DE,,0,1677500065,1777984248
schwarzy560,FR,,0,1613673393,1778236542
duecce,IT,,2,1605976331,1721737174
challenger19,US,,43,1333386657,1778208938
faris076,MY,,2,1677075158,1713706809
smots21,LT,,4,1676205081,1750950429
aaditya11122,IN,,1,1682680013,1740480280
maxlapointe,CA,,2,1608612754,1778101005
florida47,NG,,14,1682332354,1778155791
dinosaurdoombox,US,,32,1680395773,1777984255
rmanheimer,US,,9,1625945550,1777984256
arkeuus,FR,,1,1630858387,1757612967
i_love_dogs_ineverysense,UA,,2,1688371997,1723983612
exessiv,DE,,0,1674258391,1777984258
alex293838,VA,,13,1679486168,1778154579
xakezxake,XB,,12,1680741500,1778058018
kazys112,LT,,7,1614968563,1689444667
swayamp013,IN,,30,1685097113,1778223780
sc0tty14,US,,10,1610414931,1778162998
livelaughlovefemboys,GB,,5,1686443110,1775928098
blackmartin007,JP,,3,1682256738,1776011698
bbranda905,BR,,3,1674523908,1777980206
binoo994,CA,,34,1605377827,1777135651
ritalinmisbruker,NO,,15,1623260308,1743283142
saskichess,US,,1,1684799807,1754871116
neqshara,PS,,2,1672099556,1748009993
naharshreyas,IN,,7,1598189832,1776532064
mamisora,TR,,0,1689329785,1699985749
gogotodorov,GR,,2,1563885689,1726118958
rasit_e,ID,,3,1677893187,1770474418
rafsun_mahmud_shanto,BD,,6,1688825990,1699606325
malipaa,ID,,3,1688290469,1775840154
nursultonxonshodixonov,UZ,,47,1674361472,1767814455
sportsarefun,US,,3,1616243147,1761396249
emircarslenyontar,TR,,3,1680425518,1775077793
aleingo,IT,,7,1670586966,1748673911
rohitr15,IN,,13,1682934979,1702608147
boladearros,CO,,1,1678289515,1777984276
lightv123,ID,,5,1676522868,1769167994
simon200000008,IT,,12,1669556688,1762337679
aydgdbwlb,PH,,4,1681372760,1777984278
legaia88,US,,27,1676852487,1771780001
pambazo93,MX,,3,1683669394,1771188766
ybowz47,RO,,5,1664348482,1777984281
abusty,ES,,6,1663179160,1707393002
doroshenko_m,UA,,1,1682189637,1777984282
styveris,FR,,16,1674502217,1740606956
fakher_88i8,PS,,12,1612055055,1778236470
neoduck,EE,,7,1660065368,1777826426
jimi202008,GB,,19,1684609546,1778191288
bossarbind,IN,,16,1678959864,1776351890
wisequarter,IN,,18,1596635008,1763217114
rjchauhan18,IN,,6,1679416654,1771933864
peres57,PL,,3,1608482504,1732475950
sdebargas,QA,,7,1683830298,1766438835
nt095,IN,,16,1688319540,1778236981
edward2626,MX,,0,1653926728,1777938489
ii_leo_ii,GB,,7,1684611972,1778071464
vdpfrankoniachess,DE,,0,1686919493,1777318889
theluxe93,MA,,36,1673101147,1778193891
anwesh6969,IN,,4,1663051626,1738584703
krzypol1,PL,,1,1675885362,1777984294
kirko2,UA,,7,1593768929,1777984295
gotlar,FR,,11,1609540765,1778102306
kontioko,FI,,1,1655912009,1775921192
afterallblank,IN,,17,1669180885,1715056532
jrcomerun,AZ,,5,1602007089,1777984298
char1408,XS,,128,1610631090,1778225675
denisnadal,IT,,1,1686838970,1692276601
daviakmal,ID,,3,1680273368,1777984301
tu_sugardaddy,ES,,4,1672696675,1778243308
markywhy,PH,,0,1681840820,1777984302
artakmanukian,UA,,8,1683144933,1761796207
carravells,BR,,8,1607898457,1777478324
mmsha221,IN,,1,1682388994,1692699000
osaretinwen,US,,16,1675443226,1776889540
oscarluisalvarez,AR,,11,1585059475,1778217013
alejandrapv,ES,,17,1623098890,1770904757
xsaltysmurf,AU,,22,1591718418,1777647833
mehmet1701,TR,,3,1667850617,1777975051
imkg30,IN,,11,1689688030,1757846679
curriedpi,PK,,17,1674307710,1778173523
speedrun_boy12,BR,,0,1690429251,1690843548
herr_wald97,DE,,1,1606673058,1697285996
chessmojstrgm,SI,,15,1593113688,1768518900
thomasloper,NL,,1,1685623069,1778243481
simpy159,CZ,,14,1609407557,1765187266
jengga2,ES,,51,1653004873,1778205480
pa3lon,NO,,1,1487183066,1775108379
gustavo27845,BR,,4,1690315872,1694482409
odinzeusdeus,BR,,19,1666385351,1777984317
marschris,IT,,15,1587741033,1763145067
gunzz123123,SE,,0,1679591012,1778083466
elix1rrri,MC,,3,1653002800,1691227260
barobero,TR,,13,1678899125,1778234407
haidoan090909,VN,,5,1681804159,1775956166
aditya_6458,IN,,5,1622543173,1752060978
aepifani76,GB,,8,1674324854,1778243472
reytriton,ES,,6,1612902718,1775236633
made_maxx,RU,,2,1630916030,1742194397
roobin28,PL,,1,1635004611,1778229467
zieinsky,AR,,17,1616212265,1777590020
krisssoo,PL,,2,1653234217,1768574911
josebarod,XB,,41,1680185784,1778201544
faoul882,FR,,19,1680183315,1698327482
red82com,US,,0,1291183042,1772637224
poohshety,US,,2,1617801274,1777984329
lillo_fpv,IT,,3,1674522094,1759439147
nadirr_11,AR,,3,1584937845,1778204225
exrunnerxe,CA,,8,1615099189,1778184013
nob123321,PL,,12,1618926012,1777207641
cvtcvtbr,RU,,2,1674849046,1768546987
bkapaj,AL,,37,1685447793,1778242276
tablebraker,DE,,3,1644008987,1777984335
mkrkmz,TR,,7,1605820643,1778234007
superkeeper3,PK,,1,1684520521,1718806807
karuk07,ES,,9,1609418206,1778156583
kingjaffejoe,US,,3,1577653764,1691325015
simobianchini86,IT,,9,1684852473,1778226570
gioru,IT,,3,1609615726,1776454144
gasper123321,SI,,6,1576672168,1770470477
ozzyaccept,SE,,6,1674818933,1710409035
pokerpro95,LT,,9,1672407439,1778243471
ur_nub_07,IN,,8,1674651565,1777984342
cristeduardo,PA,,26,1634265886,1693086294
katsuyakujo,AR,,17,1673334060,1777984344
bediboss,CA,,0,1589766895,1752012480
ellakai,FI,,6,1567596287,1778181513
sankiew420,PL,,1,1675144400,1747158577
mattshare,US,,1,1680860404,1778125055
wizardjjj,US,,12,1619012899,1778215479
aaajez,AR,,6,1674684404,1777894347
ggbranto,US,,3,1672273513,1777241026
richnfamous,GB,,1,1516296294,1778226870
eggeri,FI,,2,1545694331,1776190926
hllart,UA,,14,1688717644,1777984351
joker_57,MA,,6,1620404023,1759222174
moltisantik,FR,,1,1653639685,1698352618
ted_uni,UA,,15,1643936070,1777154798
donriad,QA,,12,1669391305,1778056026
mikewazowskitemp,IN,,6,1660394001,1778230468
joshuachett,US,,6,1665190951,1773115215
gemmini98,LU,,15,1660737694,1774515079
itsdebugger,IN,,4,1680375666,1778204468
srav_one,DE,,2,1684750965,1777984358
nhchlhet,GB,,4,1661267513,1778070498
dvm5444,US,,4,1623718510,1778216064
tonytonz,US,,0,1676620368,1778169476
elcabbages,ZA,,4,1659303428,1778092274
ramitchauhan,IN,,1,1529607460,1778235756
absiks,BY,,6,1682945099,1765890942
yaishue,IN,,10,1641627067,1777984364
natohermits,TH,,16,1651293532,1778161513
shub1402aro,IN,,13,1461498629,1775758170
vinodhini7,IN,,12,1655566434,1778054053
aabiskar2060,NP,,6,1672764631,1768921749
scvipro,VN,,2,1680257745,1758939937
syuuyh,KZ,,1,1689419946,1701877581
akku_akku,IN,,2,1670836433,1722925008
jonsnow1152,FR,,13,1617445915,1778033431
rafaglezzzzz,ES,,6,1673368705,1774352659
ignaciomoisesap,MX,,1,1604785410,1777918247
leoncunningham,GB,,1,1642874548,1774305377
kyabito,FR,,13,1673732078,1777743142
cyhst,GB,,10,1674136564,1697418455
chessfearlessdo,PH,,5,1677595611,1732509966
frenchfire420,FR,,9,1659944226,1778007967
jwalkerrr,US,,10,1679592603,1760218131
linigha,FI,,12,1638510752,1753139400
kavishtripathi,IN,,4,1636264875,1772785772
x-0796863791,XX,,0,1678554949,1693341045
lollottavalalli-inactive,FI,,1,1688507654,1777984390
ialcandros,XX,,1,1668557144,1755584157
magnuscarlsen_le_vrai,FR,,11,1675084966,1741938167
bvjfgs,UA,,8,1613720139,1778164715
crudele84,PL,,1,1674236678,1778241764
ivaylo77,AE,,5,1609352748,1695223306
spectacularmessi,TR,,3,1683969931,1704915960
abhay123r,IN,,2,1620028367,1763555423
l4vr0n,UA,,5,1628189785,1756159692
oneupontime7,BG,,6,1662134463,1778224035
meechomachomucho,US,,18,1673623957,1777921562
asafgu123,IL,,4,1638428400,1710360455
alimohamed1994,RU,,22,1612590670,1768767602
saad_sh12,BD,,17,1678198020,1778216890
shacolonee,PL,,3,1614717008,1761512855
july1809,DE,,0,1674480954,1778095607
btnd8,HU,,11,1634757908,1778176938
tescres,MX,,1,1547881014,1778181339
ahmed1992222,LY,,5,1686965981,1778243088
piggy2710,IN,,16,1585929686,1736452768
ryderkelz,US,,2,1676232211,1702102397
akeel96,IN,,6,1579250056,1777743162
drookc,US,,7,1257465893,1749136923
taskmaster70,BD,,31,1685888108,1777391938
davvidkiller746,US,,18,1606619294,1749524107
vertushock,RU,,7,1591194395,1777984410
mvxyzxyz,IN,,31,1680114000,1773336138
david3ky1,HR,,65,1682028285,1778189018
cellsonyin,NG,,4,1680706551,1699907229
gothic_forevercheeselover,IN,,0,1691684065,1700756042
blubbea,NL,,3,1642981227,1696224702
3dsk1,US,,13,1676900062,1778164725
sshuwry,DZ,,13,1679588258,1702675740
gl497br,BR,,19,1613178104,1778209928
sonicintux,US,,14,1671382215,1765560858
10kinga,GB,,10,1689339343,1778230873
kaimaizz,HK,,14,1674155415,1776029924
rjemson,PH,,5,1680395801,1759571176
muangg,US,,27,1672524666,1778098567
mrjokerr07,TR,,19,1612999345,1778162537
turkishdelight9,TR,,10,1674680179,1778239912
cle1000,US,,2,1588873053,1778241925
alrevenger,DE,,1,1676690177,1777984424
halemaj21,PH,,3,1690471656,1769267242
samareezitheneezy,US,,26,1501025343,1771123661
tengalaho,NZ,,3,1683367128,1777984426
bethhascooties,AU,,2,1672995554,1777984427
lucas_ras,DK,,6,1635493319,1777984428
abhishek9690,IN,,3,1593242067,1777388548
abuzooomo,US,,2,1674574198,1719378756
raycab03,PH,,0,1687709924,1777984430
diodak79,PL,,2,1614246897,1778200551
lamo2112,DK,,7,1480855600,1734362033
johnmukh,IN,,3,1628837765,1777984433
swollassassin,US,,7,1532377887,1778242670
habanahaha,US,,2,1682003933,1711504567
abhimanew99,IN,,5,1673334321,1778153339
hms009,GB,,4,1664317746,1721648994
erkototo,GE,,3,1637340287,1777984437
mahianu64,IN,,14,1683872863,1776754686
valheru48,TR,,1,1604485256,1774365190
shoteken,XX,,5,1632136506,1713804462
diffffffffffffffffffff,MY,,3,1687620750,1777984440
babaseifi,IR,,8,1676060609,1777984441
mithuishkar,IN,,4,1642399284,1778214361
dantheman0001,XX,,2,1633343614,1699566222
whiteandblack8x8,IT,,1,1678696532,1778182801
kolodoori,BR,,3,1676427042,1778157962
amando1337,BR,,0,1685063247,1778169609
vanheimviking54,BD,,5,1683146392,1710437874
brngzl,TR,,7,1692644767,1778181813
afro_jr,US,,4,1671278755,1751467545
leihtexan,TR,,0,1672415021,1774117984
ahmadsokrat,EG,,20,1642291100,1747172323
itspassedyourbedtime,US,,1,1611869505,1708025738
scorcianikolai,BR,,6,1658791798,1778197202
kraca_31,CZ,,5,1612793576,1778154923
trola29,HU,,16,1681587050,1778180001
gerogemazo2006,CO,,0,1601606891,1777674634
kolobok_chess_chpok,RU,,4,1672284528,1697412627
bonolo-t,ZA,,7,1686392159,1773489961
ddogzog,US,,1,1669693382,1778242695
x-8467750899,XX,,4,1673207884,1710616295
italianscorpio,US,,20,1675717041,1778217632
poufacha200,AR,,3,1688320966,1777984458
kimhak300,KH,,5,1685953967,1713692253
mollywerv,RU,,1,1671277975,1724882931
redcut_roronoa,BE,,3,1675012608,1776430600
saint91n,AU,,20,1676238372,1777984461
essexdane,US,,11,1624995528,1778240818
algi30,ID,,1,1693144058,1743851753
mesasunny,IN,,8,1634618137,1762274574
zapperzine,GB,,7,1592487651,1777843587
aangelfdez,ES,,4,1690147096,1777984465
flipp00,DE,,2,1679513739,1777576108
adni456,CO,,10,1631297329,1777513714
lucabussi,IT,,1,1678358742,1777984468
merzyops,IN,,19,1669220214,1776755085
midoalagib,EG,,15,1667827345,1778151009
ruvimvkk,US,,7,1669388781,1777226996
omarelbaathy,DE,,6,1683321481,1773624891
ab69450,IQ,,5,1693006594,1777984472
malsimtk,DZ,,2,1688820497,1776631907
i_am_sontae,US,,10,1663908656,1778226753
wahabadennyc,US,,15,1674673771,1778200328
pettere77,NO,,3,1648927349,1778159685
dhalicesco,US,,22,1643659497,1760032802
arsenal1411,US,,1,1692104765,1777314611
satis2,CY,,8,1691754673,1768048924
iskarios,FR,,2,1679837985,1778158719
chris_mccarthy,US,,18,1606152247,1777948327
lakaaaas,CZ,,6,1672491492,1747826261
s4j6e,PK,,11,1671857716,1777590211
jilljoshi1410,IN,,7,1606215013,1777984483
alain3122,CA,,12,1608435299,1778193883
jp_lev,CA,,29,1648522663,1778235163
devarsh20,IN,,5,1622697676,1757833533
obediahs,US,,6,1673239217,1755529998
albertrajpoovai,IN,,19,1673765395,1778180861
simfan11,BE,,9,1607898836,1778242119
trinityboucher,CA,,30,1665865739,1778234350
atkinj3,CA,,3,1573678874,1777984490
mstinamarina,DE,,5,1673552344,1760628867
allthatmumbojumbo,GB,,3,1682534937,1698234751
cj3252,NZ,,21,1636876358,1775572329
august3puttpar,SE,,3,1678740641,1737543739
subzer0xdabit3,US,,6,1675868911,1773165694
aryaman141,IN,,7,1689163512,1729249454
ghadeerahmad90,SY,,2,1694959146,1777984495
makalewilliams2,US,,4,1681421815,1776652566
kmj94,FO,,10,1682941099,1778236139
therealking_13,IT,,0,1690573069,1763811534
benf4799,US,,14,1642467212,1728173501
gmbt_1,SA,,4,1591051558,1778061497
ademoxii,DZ,,35,1675251658,1776467750
blitzchess97,AU,,5,1461113597,1775969857
theagentyusuf,SG,,12,1671866808,1717258867
mzalto,FI,,10,1657140039,1778209073
bersserkkk,UA,,12,1674201035,1770400243
willrak,MG,,3,1581250604,1778221824
sandorn1,DE,,1,1591840512,1729629664
asb323,IN,,2,1607929717,1777900592
charasichesiya,IN,,6,1681149332,1703176444
mggus,DE,,0,1491382204,1778241522
cebash,RU,,8,1677774960,1777984508
noobdks,DK,,21,1625400587,1778056810
ianc901,US,,7,1682907198,1777611351
hippophilos,CH,,1,1669871181,1778148235
sandpaper79,CH,,5,1658407430,1714547345
elongmuskkkk,DO,,21,1675405421,1723727867
deadkiller3tb,IN,,10,1672072651,1770051901
shobhitm270,IN,,4,1556034376,1719333895
splitetcharakter,CH,,25,1656188260,1777848960
mertmelk,TR,,16,1685616578,1775448469
janchell,IE,,2,1605270604,1699374182
ethan169,IL,,7,1592211962,1777471079
ajayyadavxv,IN,,11,1676187222,1777623069
sajibabes,GB,,0,1674861377,1778229000
tuloxrfuut,UA,,7,1694413584,1750369200
esbenlesben,NO,,4,1482403684,1778167641
therobber890,AS,,19,1615888547,1769330352
kambarkylyshkalyiev,KZ,,3,1645705090,1772271597
ldmarcano,VE,,23,1615327519,1777984522
flyingjat1313,IN,,9,1691428972,1737285544
fin4b,IE,,2,1676292315,1750172992
abner0584,IR,,3,1623658407,1763680567
donnycr33d,ET,,31,1678418059,1778194176
jav1977,CH,,19,1656792994,1761941435
inaibi,DE,,11,1672845939,1777512317
halttheautomaton,US,,9,1691697213,1755454899
smitty3520,US,,22,1594668746,1720585232
phantom0786,IN,,34,1639299462,1773773964
deeep69,BD,,2,1685620805,1777984531
mrccrtn,PH,,4,1693128785,1697852072
bwalks34,US,,2,1693167976,1701695276
chessmanthemonkeman,US,,19,1610254803,1737968043
ahmetmniachtchi,TR,,1,1641722272,1705605107
surgy_plasso_romiea,US,,10,1607012060,1778178414
drozan1,VA,,6,1671925227,1777568146
gosiau-daan,BE,,21,1683822765,1770557038
josecarlosma,BR,,1,1696793007,1701274613
disceve,PH,,7,1673263324,1777984538
rom1lr,FR,,5,1612094714,1777984539
rahul_rp007,IN,,13,1685560273,1776523758
tschuutschuuu,DE,,7,1645128127,1773821935
evgenymaru,XO,,4,1667996440,1778183847
ahmedesallam,EG,,5,1693303363,1778243179
damergon,FR,,7,1509309966,1777984543
fac2496,GB,,1,1525541770,1771674639
chankim40,US,,13,1414894954,1749669110
avocado00,IT,,15,1609512587,1774606859
lawentilla,PL,,1,1673181952,1740953580
pratik3106,IN,,5,1672060482,1739770646
y-navigablering0,XX,,0,1695029713,1706762490
knightsrelm,US,,12,1531237065,1778242835
snak3n01,ES,,8,1614983154,1775063912
did_tad,IT,,3,1685701543,1757155521
barakat699,EG,,5,1694976841,1776207697
dongchitriki,VN,,1,1698229236,1705748043
draqua0,IN,,3,1692953790,1723472331
schuppenheiner69,VI,,10,1675332107,1777212713
illia_voronoi,UA,,2,1681820973,1777984554
nalin_gupta,IN,,12,1435261204,1774876796
becknebror,SE,,0,1659302705,1777757078
jonnyboyyy05,US,,3,1695251669,1711317491
koddedu,NO,,6,1672312106,1777483465
havik77777,NL,,11,1655581363,1772361632
kerimseven,TR,,4,1695390642,1777201691
rsahue,IN,,2,1691063292,1777433887
arabian_falcon_90,OM,,2,1526444001,1702786885
ditdet,PH,,4,1680330925,1777984561
pcan154,BR,,7,1608446415,1770579899
alex_halu,DE,,9,1671822820,1778240673
walker_277,MY,,0,1688071879,1778055101
bergy014,CA,,1,1693142560,1778114266
lapatatemasquee1,FR,,8,1682758873,1778235653
lleessggooo,AT,,0,1680201739,1756880542
davidson456,MM,,24,1695174585,1777984566
holodec,RU,,0,1487142833,1777984567
pavan4sastra,IN,,2,1690296930,1756905914
knightinwhitesatin1017,US,,0,1695760483,1700847686
leccehomo,IT,,2,1656966429,1778154221
udikkemaaa,BE,,13,1676465383,1778231917
xkstaraa,CN,,1,1697107059,1777522522
deng2nen,PH,,3,1680097506,1756016935
mathewmulvey,CH,,8,1514473282,1767791471
thisnameistaken4,US,,4,1651599033,1778198194
hiboulyon,FR,,8,1670241746,1778194551
tabyretka2232,RU,,8,1694248084,1778082467
szepaine,US,,34,1338424794,1778205251
holeinmybagel,CA,,0,1671912914,1767924198
heroesnvillainsdaily,US,,5,1673234187,1778114357
k_night098,IN,,5,1666447182,1737479299
mahmoudmustafa111111111,EG,,7,1682379735,1778183277
dajaanna96,PL,,0,1694686170,1710511687
anaqwepoi,IN,,0,1696366127,1777053395
danieljkj,DE,,4,1674391627,1777984582
begenchgurbanmammedov,TM,,12,1669546746,1778242921
walterstollebeesel,NL,,4,1669055992,1778242869
limao2003,PT,,21,1669136810,1777471274
aec85,XC,,16,1673337366,1718172288
ultraslan19051905,TR,,5,1681473845,1712385824
wifebeaterxxx69,IN,,5,1699431443,1703248929
egoriy007,RU,,1,1621341579,1777917631
savagebobi,FR,,4,1661505542,1769977344
oltrei55,IT,,4,1696614918,1775982117
nambachess2,IT,,1,1696679190,1777984591
harisharis92,BA,,3,1675533134,1777984592
abilashcx,IN,,1,1694875173,1778164125
takis_ts,GR,,2,1676459945,1752611837
doomcon,US,,2,1483951527,1712183730
whats_upppp,HK,,4,1671358675,1778226006
ajaysharma41461,IN,,12,1697776851,1773989875
smoked_gouda,US,,0,1670430227,1703920140
chamod01,LK,,7,1693326791,1774973631
pierre-a-l,BE,,2,1584347614,1778179805
t_alganem,SA,,21,1569243879,1778180315
nagarajuyarnam,IN,,5,1681981013,1778235484
lillimonello,IT,,11,1679498039,1777890652
rdh123,RO,,1,1675695072,1776784569
hidraninogrencisi,TR,,5,1698610828,1777984602
slk15,KR,,20,1673933731,1778223154
pinuss,UA,,5,1608843609,1777831924
pawnizpingerz,AU,,3,1550416580,1738999625
sarachine,GT,,6,1530063460,1773134872
udbhavhj,IN,,13,1693123450,1778178148
sndman,US,,29,1536763128,1778191201
aodxpopo,PK,,0,1670090240,1778131061
trogunn,GB,,2,1656278709,1762029606
chesswithus,US,,4,1471543049,1778201477
puplonius,GB,,23,1400618652,1778186680
marco8otto8,IT,,3,1659891108,1769356647
rajeshuritichess,CA,,14,1697496209,1733842976
nandhaprasadh,IN,,0,1695980295,1775088417
centurion9,IR,,14,1566865506,1777559351
falzar_concluant,FR,,15,1668594863,1774389731
timme1000,DK,,4,1673944017,1778222897
daideptrainhatvutru,VN,,2,1677239309,1777984616
bonightmare,DK,,27,1676138925,1778237048
sardanaaditya,IN,,15,1642524591,1778232693
shubham_5327,IN,,12,1677340092,1775319753
premiumnose,NC,,0,1600974337,1731400423
kostasboukos,GR,,3,1675705880,1776831988
asher_alam,GB,,0,1542408648,1701970647
ferp37,ES,,21,1611862864,1778243814
streng5,IT,,4,1609525722,1778243258
eldar_005,KZ,,2,1672994657,1737007613
deepesh1409,IN,,7,1593018118,1771608949
sasmithy123,GB,,10,1681575877,1777984625
hayhay8,CA,,1,1610866023,1778241377
rico21k,KZ,,19,1611415957,1777984627
mohanrayan,IN,,14,1699249943,1778165019
ernele,MX,,7,1675474108,1773494974
eduardvrana,MX,,3,1667872423,1778243675
rohit_0p,IN,,2,1695033509,1778084662
rexxxzyy,ID,,3,1682106900,1778230759
lucius-zogratis,PH,,3,1700485019,1766483058
ambes5000,CA,,11,1589163209,1777510919
freedomwingss,ID,,1,1674033787,1733752188
roy4444444444,SE,,12,1647751559,1702992343
adrianoaaa,BR,,2,1685066667,1773618578
arunrazz,IN,,2,1551611812,1761643388
jgard24,US,,9,1604900885,1776218785
prch12,IT,,14,1658251913,1721360929
cjeanlouis,GA,,157,1685347877,1709903952
tacetdinmutlu,TR,,6,1633453219,1769462220
ramankeynejad,IR,,26,1671258953,1775682968
mr_fischer_reborn,US,,2,1641791120,1778220275
wallygreenmonstah,US,,6,1612916628,1778221242
superbaloo3,US,,4,1607391594,1778197478
damilo74,MX,,36,1651709892,1778228428
checkmate021000,IN,,22,1693970582,1752144100
spo7er,DE,,2,1669336901,1778226622
biginsincity,DE,,0,1662717590,1778236578
wangootolaggy,US,,7,1675373545,1776354932
mamed005,AZ,,12,1647795454,1778233092
stanserr,PL,,5,1613140029,1778059305
ninethetzaw,MM,,6,1684659221,1778242260
jwmon,US,,3,1617498398,1778227142
yunusemmre,DE,,28,1623785413,1778225483
mixitrixi,NO,,1,1365365750,1701421895
corruptresonant,CA,,6,1645036322,1778212634
anas_aref,EG,,25,1689071294,1778187292
snow-bjj,CH,,15,1604684682,1778238813
syme44,FR,,1,1606998599,1778103812
1feliz,US,,9,1426811478,1778207992
runningriots,AU,,3,1680346007,1778242906
flora1,US,,23,1356579360,1778186510
sepatu_rodaa,ID,,1,1616412072,1740040068
nallac1x,BG,,4,1670854402,1777453043
nhardcastle,US,,2,1699297736,1778242090
mjarboniss,NL,,4,1662143670,1777836004
ezebarrado,AR,,10,1675359967,1739549577
chessblazers,US,,4,1609536529,1778202621
john_snayder,PE,,3,1629253976,1777484398
burnit666,CA,,127,1676934615,1778127947
adamsialb,PL,,31,1675804765,1778241861
pholohlapane,ZA,,10,1517226369,1778227666
osman784,CO,,2,1604098149,1778182895
damrock31,FR,,4,1671574321,1777288499
haddhaddhadd,HK,,10,1626855296,1777984667
holmes_alone,PH,,2,1678866525,1778152227
vanshhhhhhhhhhhhhhhhhhh1h,IN,,18,1672420129,1777984668
ardaonurm,TR,,5,1694267655,1774036826
siepderuiter,NL,,17,1667770931,1778242891
samliamlucas,PH,,3,1694738773,1777984671
bjorndol,NO,,15,1664001792,1778219900
abdellahdahas,DZ,,4,1696591926,1771230726
chesssport88,AU,,4,1482461092,1778243045
cetinsenol,PS,,37,1659379739,1778242061
tcm3334,US,,0,1680572210,1778192603
keldonis,GB,,4,1239991953,1778182862
saiyamaggarwal,IN,,24,1657953291,1778172404
dheeraj_2008,IN,,7,1697353242,1711043463
lilychang,TW,,4,1621615751,1731243913
hageyb,GB,,9,1673183382,1778214868
jorjo007,MD,,3,1626989825,1778092019
iaarias,BR,,1,1628033533,1777984680
divalukidipaulo2023,AO,,50,1691792923,1778231177
thisalthisal,AU,,8,1528938690,1710187463
eewrwqrdfqwerd,UA,,9,1684596156,1775505204
cas37,ZA,,4,1584964394,1777984683
aze_staz,FR,,16,1635529300,1777050171
lokmane2point0,DZ,,11,1685101828,1750852522
olivergalarga34,MX,,12,1535775351,1778198500
poesjas,ZA,,21,1618833413,1777064764
aidanlakstins,AU,,4,1674450180,1777984687
kekere23,IT,,5,1678995484,1778172488
bushimatabi,PL,,1,1689605670,1777984689
penschi,DE,,1,1628535350,1717433073
bliblibluu,FR,,15,1676143818,1777071365
sanji1277,IN,,4,1689586711,1777984691
deebak05,IN,,22,1677078794,1778175697
kurukuru2nd,PH,,46,1645162821,1778237528
aliimrox,PK,,18,1515602311,1778242622
xterra411,NL,,68,1515219680,1778210434
seriyee,TR,,38,1621330197,1778243217
fluzus,AU,,1,1675097633,1778191075
1mba1ancer,RU,,9,1669034286,1707211241
carlosdavepangasian,PH,,8,1669983571,1777984698
raviiashii,IN,,1,1638537723,1778226730
hamid4460reza,TR,,20,1658661012,1777984699
parttimetoni,MO,,9,1674851152,1778241016
dieter25,ZA,,2,1605612921,1778243498
xadrezolis,BR,,0,1685211292,1754059487
evamape,ES,,1,1701816999,1777984703
mathiasmahieu,BE,,0,1679212120,1778241385
kamran111kamran,GE,,62,1591980545,1778229023
alban1909,FR,,1,1696084071,1704581395
ticalastyle,RO,,1,1616511289,1778237577
jakaaa69,PL,,2,1686583171,1721124546
mohancs03,IN,,15,1680604817,1778242988
ev207,TV,,2,1684707781,1742769450
kalubeg,US,,12,1669620409,1778197993
zozo_zozo_zozo,US,,50,1677892576,1778197683
ihhvmof,KZ,,0,1701009932,1777984711
sanjjngu2008,VN,,27,1701233752,1777984712
dev12363,IN,,3,1697197681,1777906533
durga2048,JP,,6,1695014653,1702856978
nithinj2904,IN,,2,1636610179,1760558943
orkhan09-inactive,AZ,,11,1683540395,1707300571
pixelfish57,SD,,28,1633108812,1777797191
bagnuscarsun,PH,,3,1694875687,1770190776
chaitanya_1972,IN,,24,1658341596,1757061930
pratyush719,IN,,23,1682694748,1778169207
shinxss,US,,12,1682101076,1776357763
irmd,XX,,174,1313351280,1778159773
guilhermediniz02,BR,,8,1673277589,1773333794
boboingtonthethird,US,,10,1539892118,1778205077
djitariu,RO,,14,1545933678,1778187729
chachachasi,US,,2,1393200951,1774363441
pacynek93,PL,,6,1617966163,1778220230
classicbroom,DE,,5,1611089499,1778243107
hermes73magic,EC,,0,1701571245,1778200730
iislassteel,US,,0,1633365086,1777252322
ruste12,RU,,4,1682879989,1778241804
potato66692,AU,,3,1698909167,1778047732
holllybishop-inactive,ZA,,15,1677220679,1710581098
alejandro2428,MX,,22,1672770281,1718994274
yurilamg,PH,,0,1692757473,1777984730
leinadsemaj,NL,,9,1672765952,1778130626
topchev,BG,,10,1605774791,1778235529
christophersmith2113,GB,,11,1646267002,1774614507
floooo99,IT,,2,1685885913,1778098078
iatethewitcher,US,,8,1695918799,1778181574
dylan17736,GB,,0,1698414413,1777984735
frosty221,US,,10,1603214271,1778179644
notoriousd0ng,US,,16,1665953658,1778205865
thorthebest,NL,,2,1671720454,1778223826
essjar123,ET,,23,1662034495,1774519212
doctorbees97,GB,,7,1586454000,1778139337
g_g_tn,TN,,28,1678920602,1766588684
markantony100,AU,,1,1696210823,1777984741
kenpbaz,BR,,15,1571031859,1769085820
callgen,FR,,9,1641257828,1778193002
timon4ik29,UA,,15,1667868667,1768592517
player1551,RS,,2,1616085946,1778145102
fvicent1495,XC,,16,1688416306,1778189692
7xisal,SA,,12,1699719688,1777975383
micke59240,FR,,6,1632036643,1778235796
pols_agai_pols,IN,,25,1679545864,1777628676
spunkyinsaan,IN,,38,1673505428,1777173480
wrimere,US,,18,1391127236,1778192573
jnillos,PH,,6,1607369746,1778207676
ppcarl,ES,,6,1641409193,1777984750
imhotepannubis,ES,,1,1672057042,1778238746
tranchedejambon,EH,,59,1664022173,1778009940
bigmarn4017,AU,,4,1683208269,1777984753
jdkubaa,ES,,6,1680617185,1777332107
belal_medo,EG,,3,1513126256,1777984754
ahmedesm,EG,,9,1555958863,1732048788
pjm_75,FR,,14,1670426708,1778239948
rbooooyz,FR,,6,1543507725,1777051628
migoumorane,FR,,4,1677408075,1778106831
aung120122,MM,,2,1700578405,1767874803
muntazimhurra,GB,,16,1688385932,1778230438
4lay,FR,,0,1582397823,1777984760
ssskender,AU,,54,1692452066,1778222318
dullychesster,ES,,8,1390582119,1777505336
dhruvam15,IN,,6,1585403729,1776832875
hosein4o3o,IR,,11,1698389742,1760382489
andrei_yaroshevich,BY,,1,1673133419,1777984764
ukod13,AL,,13,1612519214,1778238927
rayenchoukou,TN,,16,1592838035,1777676181
anteb7,HR,,9,1672438716,1778097751
norbert35,AR,,18,1610760530,1743860550
juanar25,AR,,9,1615831718,1773451976
cnnath,ES,,3,1698670800,1778182351
mastene11,DZ,,2,1699566819,1775307908
nicholashessler,US,,2,1611855013,1716988082
hamitdko,TR,,14,1676153902,1778168793
latracurius,CY,,1,1651159687,1765128840
mvzdrn,TR,,4,1688987436,1734458314
belenfo,CL,,29,1679773532,1778219019
mattendres1,US,,0,1679602049,1777984774
blackfrozone896,US,,33,1651983907,1770576907
linus771,IT,,16,1676805570,1778175632
suredifar,PL,,13,1677392334,1778242866
einsatzweaver,PH,,6,1646322840,1777842809
diogoluc,XX,,20,1691489097,1778215402
vbalaku,IN,,16,1662401799,1778213338
kingslayer_6,IN,,0,1644087751,1721141900
stickychocobarr1,GB,,2,1698161847,1752168644
gaelo63,FR,,8,1685293042,1778226013
khaidat2,BY,,0,1700317334,1777984782
rubenaldo1,NL,,9,1618053129,1778242178
francesko003,GR,,6,1686524595,1772554168
mileb79,RS,,9,1680522354,1778224232
funzones,GB,,1,1617488383,1778238622
alphaoflegend,US,,9,1700513928,1778211278
player646ry,GB,,5,1621712316,1778219720
gfddfvy,TH,,15,1690494505,1774649198
lullilukas,FI,,21,1607626281,1777984789
soniaeshual,ES,,7,1535833075,1778233089
keirnanla,AU,,16,1667631676,1777464294
jsudon,ES,,29,1694866992,1778173781
austinedc,DE,,13,1645644874,1776504482
jagger293142,US,,13,1575080719,1778243958
anc465666,US,,8,1681264404,1769528738
hxgoogg,ES,,6,1668957780,1773759287
oaramar,IN,,11,1685946584,1742317690
hrsh1301,IN,,19,1532173740,1773198844
jugurthajug,DZ,,32,1653469708,1778240284
atdri,BR,,4,1688149202,1770230027
abdulloh1222,UZ,,3,1693494468,1777984799
adampreston1,CA,,19,1612714393,1777154719
sulaimansu,JO,,162,1670614675,1778240950
rauldragneel,ES,,2,1606162149,1777116764
cremga,BY,,6,1681319976,1729758885
jowppe,BR,,3,1699530005,1777984803
alejandrox_aa,ES,,8,1614423448,1777978665
deltapro23,MA,,18,1685356326,1777447747
fluffy_bunnyy,RU,,2,1683359459,1777984806
johancruytf,MX,,10,1666658708,1777991087
marikd211,RU,,13,1668782673,1777984807
edi61,DE,,37,1566649810,1778242109
salmanhaiderk,PK,,24,1680053260,1778154544
dr_johari,IR,,19,1668890788,1778243866
jedi_kitten,RU,,17,1676279611,1762259843
taavithecat,NL,,5,1689350268,1777984811
darach_vadar,IE,,12,1664265910,1778238919
dontgivea,IN,,64,1632298520,1743920610
x-6843092350,XX,,6,1690990822,1777984814
theydontknowmeson6,JO,,10,1692960471,1757232817
pain8176,PK,,12,1678045573,1761087131
1972oscar,ES,,0,1686833875,1778243662
12356667hgsgsfscsydgdgdgg,IN,,6,1685944580,1778184323
dieuhelios,FR,,33,1641019931,1774519540
chessual-harassment,GB,,4,1654969945,1778149825
yjk007,IN,,6,1677659984,1778224536
dinodjk,HR,,11,1672236172,1778239229
jojo_on_the_beat,PH,,6,1669726332,1774003817
maarmik,IN,,20,1637598386,1778229078
bretongabo,MX,,5,1636738295,1776821520
saddsoul,BR,,3,1682697625,1726509986
luchog29,UY,,28,1690998978,1777984824
mlk_splinter,PT,,11,1609374538,1759673429
aidenh73,US,,26,1608049551,1767391863
x_joshua_joestar_x,ID,,0,1613034626,1774858504
heshamshimy,EG,,8,1682105977,1763056933
patthecatt,US,,16,1660685070,1778089573
sukrukaplantr,TR,,6,1700209956,1778218015
faris0990,OM,,9,1607167996,1778240532
dusteeyy,SA,,13,1664555365,1777984830
kevin132111,FR,,10,1677584896,1777984830
prabowo68,ID,,13,1623732758,1721547484
menoobdontknowplay,PH,,9,1675852699,1773830573
juanalineus,ES,,2,1691165834,1778243533
escobargustavo,MX,,18,1642205537,1777236577
jline80,PT,,9,1612475060,1777195895
cl500f,NL,,16,1681295086,1777984835
ou_mama,XC,,1,1669205104,1778240424
pippomio,IT,,10,1498511568,1777984837
ibaranasic,RS,,15,1662713841,1730874948
papertigerglasscannon,AU,,0,1683539015,1778228264
ayoubtimgad,DZ,,5,1682206429,1765827417
sahananayaka,CA,,3,1678774181,1771895119
mahmudunnabi,AU,,2,1682483141,1777911715
bran12346,GB,,1,1558814125,1744892356
losing_game1,LK,,17,1681414130,1772518484
dmnk17-inactive,DE,,3,1695140425,1707586356
captainsalesman,IT,,2,1700816579,1767439625
ahmedmzl,IN,,27,1339306575,1778238463
tswizzzl,AU,,9,1678319550,1778221277
jperandi,EE,,5,1566157936,1775468346
thefiend231,US,,3,1634654239,1778088972
tahababai,DE,,0,1697066215,1715833644
dalgat009,RU,,2,1680781406,1773063739
tatarin163r,RU,,2,1679512305,1772167507
gangtae_06,MX,,2,1685752989,1741932579
therealahmedashraf,EG,,126,1675078298,1778199947
chaithugeminitv,IN,,4,1528643202,1777984853
kevinai06,IL,,5,1687638139,1778238302
karminebenzema,FR,,4,1693246986,1778240460
daredur,FR,,3,1639773999,1760941452
gubernaculum94,US,,5,1683757380,1777984857
luizqueirozzz,BR,,3,1676714429,1777590751
facu_rava,AR,,5,1601004996,1777750167
bbankaii,TR,,12,1651044936,1759338187
gusty2000,US,,7,1685134885,1778220567
joaovictoras420,BR,,8,1670957906,1769302042
xenotronia,US,,37,1615495734,1745356522
rakforwaste,IN,,8,1676156552,1777984862
maesfiguez,CR,,0,1443414129,1756615223
juanma75,ES,,7,1553861151,1727996621
nynick98,US,,10,1695911335,1778217957
shanky_chessblunder,IN,,43,1639460553,1778230251
rejreyed,PH,,7,1682416245,1778179437
dkrkekt,SE,,10,1616797054,1776981327
drag_max,IN,,8,1692674968,1768904002
ngregouze12,BE,,10,1692471729,1778242221
sawmeer07,NP,,0,1693755259,1755512093
kevinramnauth,US,,14,1592467456,1754851758
productofnyc,US,,12,1432661925,1776453920
lmaohahahalol69420,MY,,7,1611638617,1778231785
robinsonn01,UY,,1,1676504118,1776555441
ninogtv79,IT,,10,1677485294,1778243789
altliany1,GB,,0,1697669864,1705781258
mrolmoss,MX,,9,1685920326,1778214951
ahoodbetts,US,,2,1606159773,1778092362
bereguejhonson,BR,,26,1641822595,1778070704
mojachess1,KE,,3,1680279305,1778237122
patomay71,CL,,30,1689349216,1778244057
ajflores17,US,,14,1671232588,1778197093
sami1510,SA,,9,1617395156,1778196819
magdyabdelghany23,BH,,0,1699172275,1777984880
henkdevriesch,NL,,9,1696413681,1772546156
yaqoobbromand,CA,,38,1559418920,1778243270
nenadvasic04,RS,,7,1674164198,1760343752
penaga,US,,9,1617025622,1765594279
david2403,MX,,13,1604011916,1748051263
minozam,IT,,4,1461826972,1778240394
queenkulbir,US,,10,1608774791,1777984886
abdoomar990,AE,,1,1693056246,1777984887
rozzantbarna,AT,,4,1678126686,1778241899
josse-db,BE,,7,1653660778,1777377895
elaukiel,FR,,3,1609602168,1778087575
iskww,BR,,5,1695392811,1778237068
06rajput,PT,,6,1662491251,1778187742
thedriver23,GB,,4,1605736354,1778234419
le0n9949,RS,,4,1625828110,1768815873
castrofobi,TR,,6,1699019105,1763068892
wabnou,MA,,14,1675941074,1777829775
jakehodgio,GB,,3,1653058411,1778214548
fra01789,IT,,12,1618819644,1742900498
helal_vkz,AF,,3,1696419225,1777984896
turmaaannn,JO,,18,1678384935,1735383666
dolomito99,IT,,4,1648040573,1778235402
kiddynamite37,XS,,5,1611267019,1765293433
adaptkun,XX,,2,1692198324,1778156577
adityajadhao303,IN,,2,1688734172,1778242667
selhsary,EG,,2,1365191661,1778178595
metac0m,ES,,3,1361800179,1778242935
vdvsgdchess,UA,,10,1682253929,1776417878
bvann37,US,,0,1687041386,1778207251
lxcor8,CO,,14,1684723302,1778208765
akillerpickle,US,,33,1600466708,1778193247
kesang3,CA,,3,1653005578,1778206328
elo_mordooo,PL,,8,1674163055,1778220091
pierre2386,NZ,,3,1672956620,1777878974
ashh007,NL,,3,1420812891,1778230424
thecheckmatekidd,US,,3,1663385866,1745118117
koehma,DE,,3,1660220079,1778244024
sanweyne,CA,,3,1555016889,1778227889
tisoybarrameda,PH,,1,1567830750,1720273813
unsuspiciouscoconut,XX,,17,1676975587,1778234694
hernod26,SE,,10,1693777810,1777331054
cariyesiken,TR,,4,1673176902,1778141047
kikkeliskokkelis22,FI,,0,1684746089,1765870311
aditya0061,IN,,27,1637073189,1773569026
oreoooooboy,KR,,16,1677872491,1778223972
comentaristabr,BR,,14,1666396915,1777410138
gazgolder_ua,UA,,5,1663790766,1778239377
rupresht,CA,,8,1608678246,1778240699
thaumaturgus123,US,,7,1691529535,1777510213
d4vid04,CZ,,13,1591284265,1747754659
abdullatifterzi,TR,,2,1608770162,1778243623
raju_kiran,IN,,7,1676462253,1771912021
jqmack,US,,9,1608920160,1765129653
rliddle13,AU,,7,1684822979,1778197212
mbldevilrays,CA,,40,1608828170,1778243974
saurabh527,IN,,13,1585221689,1758983416
herjavier,US,,4,1613702061,1777919548
yangg11,BR,,19,1657939247,1766620307
chessspirit23,IN,,19,1682442461,1778155046
ndisn081,KZ,,0,1689703983,1762697282
bbbz1,US,,16,1679702115,1778243775
code6275,US,,51,1603242204,1778095235
adimishra01,IN,,1,1681314755,1772054157
taengpusa09,PH,,4,1698938012,1777984931
liridonberisha21,AL,,21,1661433353,1777994786
juancdlr98,ES,,3,1689793977,1778243270
arqtiotto,BR,,8,1674008270,1778202310
efemolo10,TR,,0,1500901331,1708090647
bmctcmm,VN,,2,1687971744,1743306083
zapadoodledo,PH,,9,1612259672,1777773692
chobomanner,KR,,4,1688744838,1760266054
lamtht,VN,,11,1678200531,1778128237
cakirca,TR,,1,1647801785,1778174380
almoqbali11,OM,,9,1677179594,1778154031
rai_mudit,IN,,9,1672835404,1776374056
yayououi,FR,,7,1623262662,1778162542
bulent3485,NL,,2,1693383208,1771530979
littlefinger14,NO,,2,1409748860,1777218450
rtm91,IN,,13,1672516311,1778240275
doctor_sprinkles,US,,0,1661020073,1755294662
matastyle11,RS,,1,1675631237,1714591644
atharva3013,IN,,19,1653638244,1778243931
spelto7,IT,,3,1640860354,1778183573
rajatb045,IN,,3,1639664754,1778214690
montimontimontimonti,IN,,1,1690212671,1748766915
perinbaba,SK,,4,1531862677,1778237353
maccymac007,GB,,1,1648155583,1733146899
hgattiker,CH,,3,1673453211,1768293307
rythumofknight,IN,,10,1670763359,1713166043
mattericala,TH,,2,1697864740,1777793035
raghu41,IN,,46,1610816448,1778212467
adibou85,FR,,3,1608389718,1777840121
x-5098172177,XX,,9,1654696892,1709821831
gambitkrulowej2137,PL,,7,1615807143,1778189008
guiana0,AO,,2,1667816198,1704350504
joe_pope,IS,,25,1679089678,1732711425
eg5ih2hd,TR,,0,1702723760,1704961068
vedatoksoz,TR,,1,1702978363,1749808419
salho95,CY,,14,1680894344,1778241438
dfdasdfasdf3434124,CO,,17,1624404933,1778159253
tiagomtorres,BR,,20,1543167154,1776988246
konkaran,GR,,9,1691052040,1778175716
gienekgg,PL,,6,1702150207,1778234475
marcomadureiramaciel,BR,,30,1643564541,1778092267
dimitrizzzzz,GR,,30,1694380200,1778237347
niiigerek,PL,,0,1688723819,1714034037
ljubisa234,BA,,9,1659902335,1777564481
frank90777,DE,,2,1675425606,1717489710
bor7799,AM,,6,1673989824,1774807330
sajaalsalem,GB,,11,1640005708,1778240523
mrgetrektttt,BE,,5,1671457253,1777922000
bungkukopyor,ID,,8,1679899997,1774616981
angelocaeiro,PT,,0,1690581151,1704844170
borjomioriginal,EE,,0,1644336843,1772975956
megan2013,UA,,6,1638630778,1778231610
rafadrookie,BR,,8,1699205484,1708634482
jahjko,PL,,5,1525985797,1778237269
omarooo117,SA,,11,1634927302,1778242338
ilya090,GE,,5,1268326111,1778085221
dashnaire3,PH,,0,1683212873,1775838626
spartan2118,US,,3,1694965158,1757270559
maxwell534,GB,,16,1493834802,1775753831
cheezykoalabear,US,,16,1589408230,1778235566
aswineekumarsahoo,IN,,14,1644517209,1777738438
jrw82,NL,,1,1595836074,1778215331
quocxuyen,VN,,9,1700057884,1763617135
henrikwinther998877,SE,,0,1668520018,1712823458
lucascts,BR,,10,1659977557,1740022482
ali1006685000,EG,,8,1647528842,1720996746
korsyco,FR,,12,1554664400,1775162151
rms314,CL,,25,1683764595,1749743265
alhrarii94,LY,,0,1697063074,1777984985
sth9189,PL,,3,1658936325,1764320007
siap_bassens,FR,,4,1688566269,1778239837
sharath_017,IN,,3,1671860885,1778231150
tingen11,NO,,42,1639603032,1778192518
juansebastianrios,CO,,9,1653338325,1738758559
tw0911,JP,,17,1612190625,1778060817
sulakshyanpudasaini,AU,,4,1687675504,1769198533
gmericdubois,MA,,22,1666537756,1778242386
mohamedelgbbani,SA,,2,1517826056,1777745134
isi696,ES,,20,1610880149,1775628655
greyo0217,XX,,7,1612876597,1730392227
jkch83,CH,,8,1583160150,1777984995
frost1995,IT,,1,1586644463,1777283989
danimahar,PK,,1,1684611052,1735556750
ahmedaah72,EG,,11,1664277695,1754256837
sereb_san,MD,,3,1699726076,1778150405
schaakmeesternico,NL,,5,1638282370,1766656860
mholmez,GB,,1,1677273086,1778217747
sbaldess,DE,,1,1700256414,1725261560
vipinkumarkeshri,IN,,2,1689964248,1777954305
rbrogan0,US,,4,1605970757,1773169439
rphilipps14,US,,1,1691936771,1777945710
stanmefesto,BY,,8,1697365245,1776422728
przemek36,PL,,0,1675346332,1777985004
veeskee,RS,,3,1694212324,1776350073
ioannidisthanos,GR,,2,1697633867,1778242340
thebulkseas,MA,,4,1688840981,1769734692
young_blessed,CU,,7,1698463239,1777985007
itrymybeessstt,US,,14,1616161933,1778167442
kervinnnnnn,PH,,7,1680444490,1775901175
emanueldlopes1,PT,,8,1672100713,1778096729
isuckatchess1517,IN,,13,1602059623,1777754513
papaard,AL,,8,1673782027,1778243394
oelchess,IT,,1,1686819945,1703836029
sunil99999sunil,GB,,8,1700334819,1777985012
gonfloo14,ES,,21,1632820075,1777963972
shannu022,IN,,5,1703065309,1715352844
ridondo78,IT,,0,1612282332,1775143157
dulat_ashimov,KZ,,18,1697133773,1760174340
danielarmas1014,XA,,4,1693304913,1778234664
hypercapitalist,AU,,4,1566656572,1778233913
harshmistry19,IN,,19,1681367257,1778072889
fiftylaster,US,,40,1613797471,1773698302
tulasi1610,IN,,2,1693636173,1777985019
vasu526,IN,,3,1702402264,1772605789
mukaddam,PK,,59,1236274368,1778232539
bryceguy0,US,,0,1664739277,1740097394
anitapradhan27,IN,,22,1696548346,1778224338
pascalkufel,FR,,14,1534669370,1778157899
tonioliet,ES,,7,1700414322,1722599099
chexmexchess,US,,33,1619553938,1775774823
pikacharm,SG,,6,1664099659,1777882315
winvic7,KG,,0,1675251281,1778241317
mesatozcan,TR,,2,1683735533,1778220032
thesmith2112,IL,,7,1666091422,1778156015
chesst25,NL,,18,1608553820,1770677875
naveen01042020,IN,,5,1585756849,1758447852
sergeyomelch,UA,,10,1681879779,1777985030
niczor99,IT,,1,1677047953,1734529013
kunal19993010,IN,,8,1700560641,1778237346
carduus3724,DE,,8,1647543781,1778241533
aliakbarelnurl,KZ,,23,1701096572,1757027508
beerkayg,TR,,11,1687554968,1778222221
qamblerino,SE,,0,1613164802,1777985035
cemetery_fog,PT,,8,1690543211,1778200616
asgharsaeedhans,PK,,2,1580050604,1778237623
rajeev1982,IN,,6,1585123526,1737965341
bahrikzlc,TR,,1,1611688968,1737664716
07_caiobernardo_07,BR,,0,1686276531,1757018382
danielhbdlima,PT,,14,1698164185,1778244085
abdullah100021,SY,,65,1643705916,1778241918
louisoch,MX,,39,1677093753,1778204524
gabzzchequemate,BR,,41,1607472182,1777727305
annina19,IT,,28,1521316457,1777665373
aureldimax,CA,,3,1671916461,1778240780
peterryan23,US,,6,1604280023,1776856055
josedaly,GT,,37,1405398250,1778236939
itu246,ZA,,55,1663249269,1778164377
alas15,MO,,2,1635262185,1778222021
taniish27,US,,11,1663070470,1777985047
justinhullander,US,,8,1397172870,1778180866
sslane,DK,,4,1591646181,1736468844
ianomous,US,,1,1679880497,1778220353
heligonesh,UA,,1,1675212545,1744296562
anupghute,IN,,13,1687681551,1774457151
griddmab,US,,29,1673991359,1778122731
dreambigstudio,CA,,5,1638594759,1778165767
j_aparicio,CO,,2,1703880926,1777985054
ivankatery,BO,,46,1639865157,1778214389
kalydrezsue,MX,,5,1682975686,1751982300
faat3107,ID,,9,1563080744,1761814853
lisandrojg,AR,,12,1628564410,1778208292
moserpascal,CH,,18,1676403811,1778145726
kayrdamlo,TR,,15,1645027445,1770412788
kakarotr7,IT,,7,1677140687,1778239183
elcoolarrow,US,,36,1607912683,1767397902
ghostfacekyllah,DZ,,5,1630266247,1721611762
brndnmchl,US,,4,1666663431,1778209066
danpchapman,GB,,3,1673531534,1778238575
rojasag,MX,,17,1687964552,1778203251
shstealth1,US,,3,1598305559,1778218568
kingozmo,PK,,7,1607982531,1776328199
norman9133,UY,,6,1691143165,1766936348
a897,IL,,5,1563044588,1777220784
gody64,US,,4,1361800563,1778204901
fadil2211,SA,,4,1697420004,1777985068
darklordtheo,DE,,21,1678911819,1778234423
kgjnfk1234,US,,13,1675969034,1737493194
1papapapa,US,,12,1612670490,1778211989
alien234566,NP,,4,1654063158,1778138466
915133oa,TR,,1,1689801656,1715604358
sloppythomas,US,,10,1638568530,1778194690
tekton20148,DE,,55,1586717839,1778222016
mesiobuccal,FI,,4,1698246312,1766319266
thebigwaaagh,ES,,1,1703185759,1775069043
mls7781,US,,1,1694042319,1774102141
vladejo,BR,,7,1630642939,1778166233
awwm,US,,3,1509391605,1778105612
aspecialmind,PS,,48,1693367476,1778239896
pishbolwidsos,PH,,0,1681641737,1771556487
grimesy104,CA,,98,1597947611,1778208036
checkerspolishprince,US,,2,1605108839,1766000036
playchesswithbatu,TR,,6,1669922604,1740847684
prinsknud,DK,,4,1475583453,1778010254
neverfaster,TR,,141,1689265949,1778168340
oibaf1980,ES,,1,1683647024,1733613492
minsaisabahan,MY,,5,1673787665,1778231886
itev24,KZ,,4,1690122210,1777985085
alexpowell1212,GB,,9,1636300228,1778244109
daxrtx,US,,8,1665957285,1763338440
shadowmeff,RU,,3,1688256906,1776232629
surya_kirans,IN,,21,1672508497,1730796946
marin881,FR,,15,1608219126,1776720486
jmvazjj,ES,,2,1611920481,1766426156
cwaters123,AU,,7,1671747814,1777985090
tricsiii,HU,,4,1682307223,1776285193
the-visionary,CH,,9,1673273751,1778179697
drhumburger,IQ,,0,1701077742,1704812687
avitarkr,GB,,18,1671500814,1778242159
antonylagrange,AU,,4,1702759562,1777650996
chesstermacher,PL,,2,1606465155,1778178799
upstagepizza,US,,15,1686805985,1778178517
jeremyj3000,US,,4,1679280090,1767488764
bsmoove,US,,22,1273943724,1778231494
odinmartinez,BO,,15,1673862113,1778064810
opy_phillips,US,,5,1666217381,1706645389
azimmulloev,TJ,,27,1692685723,1778234346
surae1724,IN,,3,1590251657,1773411284
vinothrajcv,IN,,12,1691499621,1778222936
adrianhannay,GB,,7,1609102701,1778214837
tsutantokhun,ID,,62,1481267384,1778240655
metwix6,FR,,6,1646218678,1777985104
salsakungen88,SE,,8,1667400342,1778175251
rony043,SK,,7,1544257419,1778143998
m-a-h10,SA,,2,1673988140,1778111821
shugzz,GB,,24,1636351014,1778214845
mattyice678,US,,2,1698332645,1778210029
complexit1es,US,,8,1623517160,1777985108
danlord123,GB,,13,1672052899,1777985109
karunak21k,IN,,210,1641991745,1764872892
sidalinys,DZ,,4,1665100417,1777608317
algalibu,ES,,5,1532639514,1775235144
kvsmadhav,IN,,5,1296008646,1777985113
jeosahin,TR,,7,1654338915,1768668218
stavroszzz,US,,5,1618084690,1778211921
marcosrguezf,ES,,3,1657463437,1778239280
etiennec7,FR,,12,1618052337,1777985116
ialva77,MX,,8,1662004917,1778226275
aeryst,IN,,15,1534657777,1777912506
qihangzhao,US,,139,1676040062,1758987651
heisenburg94,TN,,4,1679590879,1772921595
abd-alrahman1996,SY,,11,1675065912,1757099670
thechesterstone745,PL,,6,1673049378,1774450980
aldouss88,PL,,85,1619786250,1778238644
wilf_2306,GB,,28,1662229866,1777930071
funzin,US,,1,1607986136,1778180838
varinder89,NZ,,6,1585206511,1752716986
xomkaaaa,BY,,6,1665678070,1777979749
tglegend0007,IN,,22,1693912999,1760103942
ajdr88,XX,,1,1389712222,1778243717
supahbatata,PT,,4,1550683110,1769976276
surfinbishop,NL,,2,1529345691,1778215314
gtsingal,ID,,4,1702675366,1777985129
isfan5953,UZ,,3,1605613176,1771961940
tiagobv,US,,14,1668780642,1778226066
rudikx,UA,,5,1677147588,1748034384
raydylan,US,,13,1197826235,1778242881
kqbrx,IN,,2,1688834681,1775027367
vandunk111,DE,,8,1648329325,1763948833
caffeinated26,PH,,1,1615838260,1760499599
stra1fezxc,FR,,3,1674846545,1776532761
silentwatcher123,IN,,8,1673788118,1748342473
jitsechess7,BE,,10,1674389164,1773403916
sacke4pawn,US,,0,1676324884,1778009496
karolusek,PL,,6,1620131516,1777616595
slimdamagician,US,,21,1641572470,1778241611
mdsajal,BD,,14,1693326212,1737333028
mugambo0110,IN,,39,1595789714,1778240909
maroonasia,XX,,248,1618993732,1777734407
krishnapdkt,US,,13,1647791150,1778202332
m_rix,FR,,2,1673736232,1778103861
winnerchampion141,US,,1,1675271329,1744568158
stanislas2019,FR,,0,1679149646,1778242386
matvey_28,RU,,17,1684274334,1778077084
vitoant,IT,,17,1629377570,1778161686
murinoguera,AR,,33,1558294201,1776357975
eric_v12,PH,,1,1702924595,1765601090
wissam1311,SE,,8,1590960122,1712625891
luizceliopascoal,BR,,7,1702586261,1777572503
bavlysoliman,US,,5,1702865807,1776788274
erk1313,US,,14,1609911859,1778244289
pikiuta,AT,,12,1676673368,1778226820
rookie1534,US,,17,1611689794,1778113934
johngoltusa,US,,0,1698378032,1776969110
patty1398,IN,,14,1606117646,1777985155
thiswassonotright,XX,,5,1700422188,1778243713
daniladad,KZ,,5,1628537934,1771704420
xinav0102,KR,,7,1673497799,1777999014
gt5huni,AU,,7,1613034905,1778193386
wlxn,ID,,0,1700894663,1777985160
pomila,IN,,9,1593180871,1778236286
seanspawns,GB,,2,1603369557,1778228655
ariovistum,DE,,1,1674163154,1776797593
robocob52,ES,,9,1666603533,1775416395
toha96,KZ,,4,1669555557,1776940402
touristeye,IN,,3,1624855270,1778165597
ashk1988,GB,,14,1607547485,1778226067
craigalaiga,US,,21,1680798413,1777166666
decose,GB,,14,1607658526,1762709824
naomako,US,,11,1642194532,1777985168
chintan1799,IN,,39,1575304300,1778219952
rokskillz,US,,3,1641165404,1778243400
miguelaso95,ES,,3,1676848454,1777985170
pentagosthlm,SE,,2,1594571097,1778185815
zivilecia,LT,,16,1525967750,1778187984
deeznutzzzsss,DE,,2,1699514878,1705927376
steve1160,US,,10,1631580139,1778196028
draymondgreenshow,AU,,8,1678580057,1753141533
seeyouyeah,RU,,36,1532186668,1778239472
mehisvasar,EE,,4,1680716791,1775589756
cevat88,IR,,16,1551090426,1777838138
elegance_jo,KR,,7,1687003280,1777985177
riccardoy,IT,,4,1609955416,1777891936
szachy84,PL,,2,1606824428,1778243760
oreo,ZW,,0,1673407937,1778193193
isidoor,BE,,20,1326998453,1778179227
thxr,BR,,4,1614661499,1733844721
abdullaaahh108,GB,,2,1674237897,1778214122
vanish71633,UA,,7,1699393520,1778163549
yazidghaya,DZ,,1,1692051302,1724193192
danielchung688,US,,2,1685299557,1711545930
tooombucket,AU,,6,1678505615,1778243394
akipeki,RS,,4,1615105795,1760927495
vitugoat,BR,,4,1700685787,1714501777
ranjiiiiit,DE,,12,1673346160,1778228484
ajay1691,US,,14,1485662223,1777831010
danthehoff,AU,,2,1667042260,1772291616
hayttom,CA,,158,1544727233,1778239479
will0557,AU,,5,1702180240,1714535279
avikakkar,IN,,1,1690806771,1757825268
claud19946a,IT,,6,1612006046,1776843992
ilkkalehto,FI,,13,1512481765,1778168924
nex004,TJ,,4,1608493153,1778236477
jeremiebrat,FR,,8,1543752925,1774699661
s-fire,IN,,13,1688304530,1765811326
remy_kimi,MY,,7,1680065874,1777523139
pluckedchicken,CA,,1,1272119818,1720146533
jukli_007,UY,,4,1606967653,1776811715
korak12k,US,,1,1191918456,1778196560
5ourav69,IN,,14,1526571131,1777787798
lazychess6314,US,,21,1617129378,1778187376
hahahahahuhuhu,KR,,2,1614745662,1657921551
fdaworks,ES,,2,1614628355,1777976042
karakobak,TR,,16,1613774628,1642416372
rizkyadhip,ID,,0,1617197624,1643762396
asif_kadiwala9522,IN,,6,1599832153,1777985545
mkiriloff,DE,,1,1547642241,1718959294
reich39,TR,,1,1610481286,1644314155
frankensmell,US,,5,1593155247,1764290084
gajoslava,CZ,,4,1611249120,1724510716
svchar,PL,,0,1618822750,1622596533
rudylucena,BR,,26,1605750716,1778239254
marouck,NL,,3,1550598838,1778223839
joshsalter25,GB,,0,1613315668,1637200450
harrydickinson1,GB,,0,1613413375,1767677693
kingmoley,US,,21,1616345876,1778203454
spr922,US,,2,1495676030,1752115057
rohamkhof,CA,,2,1596574635,1686970149
rian_sgt,ID,,13,1617090735,1714791028
galludiego,XC,,20,1510607352,1769250928
fredo599,XX,,0,1591488643,1778221036
yaaaaar,PL,,9,1612111752,1778243191
isaacdunkel,US,,19,1612271138,1777998228
markjosephcrisostomo,PH,,4,1615968172,1777985560
ndu80,BE,,4,1592856945,1777985560
ketonggeng619,ID,,9,1616979847,1778213597
mehmetadg36,TR,,1,1606657549,1778150278
leibold1,DE,,1,1606815358,1688230715
ulate33,MX,,11,1593390043,1776374880
evenowskispel,PL,,1,1618035841,1743495664
hberker,US,,22,1514751365,1777733732
rebl7,XX,,15,1549674545,1777800810
korocoffe,AR,,19,1613094571,1778195040
batoh79,CZ,,4,1599835642,1777889771
gabbar0506,IN,,9,1617715617,1756545170
chris_l15,GB,,1,1606742746,1777985569
lanwen22,FR,,5,1612206200,1744738944
danofa,IE,,1,1613953919,1699663644
mallow0815,DE,,2,1618599266,1778238260
juliantvgc,AU,,8,1567145904,1778242199
schowajtentelefon,PL,,5,1607360147,1778242554
satinoid,BR,,1,1613392238,1764510120
cdfe23r4ed,US,,2,1564159556,1778204864
kayan,DZ,,19,1587917355,1754183941
them4fi4,GR,,8,1618864215,1778244430
ghiblimor,IT,,2,1601324449,1778166885
amineaitali19191919,MA,,6,1562287242,1776988416
artem_sun,BY,,9,1582459760,1772102142
beth111harmon,PL,,15,1448800994,1776710064
jiriceek45,CZ,,2,1596549214,1774805340
lliiilliiilliiill,FR,,1,1611597381,1777985582
kgor,PL,,1,1591137382,1645268293
adudenamedjon,US,,2,1615016370,1767945387
epatriot5,US,,2,1618156389,1778227601
inefff,DE,,2,1591882656,1696683130
fz2937,IT,,7,1613988813,1712748392
giargiarbincs,IT,,15,1615155329,1757877396
merwin1,NL,,24,1482951437,1776041269
hippyjesus67,NL,,9,1612013783,1680422334
fluffybunny02,US,,4,1570853360,1633009575
ninobeke,BE,,0,1615241008,1680006410
superfat3000,GB,,7,1612549954,1756710019
hjottas,NO,,7,1609351166,1773770582
nimish_op811-inactive,IN,,18,1599207855,1777985591
vtonus543,IE,,14,1611269173,1778224871
joshuaalleyne,TT,,7,1608785010,1652141300
jorditert,ES,,36,1616586530,1778179318
raphbel95,BE,,1,1617978216,1662219872
orionerra,FR,,1,1533303542,1746003120
tricky_rickyjr,PR,,1,1619975302,1645485168
dmitryalbov,RU,,3,1604473709,1637223763
sweetsaucycheeks,CA,,11,1614130867,1775931020
gt_2026,US,,23,1606670969,1766808157
streetplay,OM,,1,1620418430,1736805927
ni_dak,GB,,5,1606054819,1777543685
hyc196883,US,,5,1616230309,1778176557
fjordito,CR,,47,1588811566,1778199604
moebiusp98,MX,,72,1603503133,1778243171
reicop,FR,,6,1611220051,1673592411
alixounet,FR,,3,1589117340,1778232874
bilton442,DZ,,6,1611348511,1777753927
niravta,IL,,4,1503419457,1777985605
caligula1998,GB,,20,1494524193,1778189929
amaral121,BR,,6,1609753692,1778233415
francescodogali,IT,,11,1618295961,1730051942
masonf34,US,,10,1611192402,1778189435
verrystrav,RU,,20,1434874612,1773442933
fresh0721,CH,,10,1615542317,1778238314
mttmllw,IT,,9,1617697906,1771421518
julio057,MX,,0,1607854718,1625470132
hadam05,HU,,6,1588014143,1778097890
alber116,US,,35,1613669606,1777851554
magnoceros,SG,,2,1590606354,1665119153
tbonzai,US,,8,1616689978,1776124877
captainsyme,US,,5,1552102467,1772424261
hello12335,IN,,0,1596045201,1630022042
kaluji,IN,,2,1595947361,1754238257
hydra9111,US,,13,1362030040,1778113090
harthin,GB,,2,1611062456,1777939426
cambyse,BE,,11,1536020031,1774093509
asoedo,US,,27,1477176138,1763411732
joshhh1996,PE,,0,1610669134,1669238937
jaseywales,GB,,5,1594058340,1777163264
ysnvsky,RU,,4,1573902960,1626757847
domymmo,IT,,3,1611068022,1777968078
fishdmc,AU,,9,1604746011,1778018117
georgebabbit1974,CZ,,16,1614675056,1766393833
parhambahador155420993,TR,,0,1616783911,1634001967
touch444719,BE,,2,1615114592,1778230695
joshua0113,US,,13,1529719194,1777985628
samusasuke,BR,,14,1562076912,1700149458
phenixblue,ES,,2,1605537603,1773262652
pad1818,CH,,4,1600163339,1778218856
alexcalder1,US,,1,1590349550,1634108754
zc0rpion,DE,,1,1619610566,1692550248
andrewlast1,US,,82,1595841287,1778244797
steelsinew,IQ,,2,1594120924,1647559614
jobrosnipeu,US,,33,1589334584,1766558324
sledgeham,US,,64,1615226804,1778205254
roo1448,US,,7,1590694891,1777662960
reyiman,PE,,6,1502597153,1778171586
wbchesslover,US,,3,1560880217,1685163507
ahlbet,US,,29,1613795311,1778217334
izardthewizard,US,,8,1572550092,1741738317
eicet,AT,,0,1592469033,1778183842
anthonymaiorano,US,,7,1612962862,1777680168
chayze101,GB,,12,1598538276,1772819508
angelotalay,GB,,17,1614633621,1778157073
maboubou,FR,,9,1606511003,1778171999
calvin0625,US,,2,1612109677,1651906417
anuj699,IN,,5,1597128136,1753152208
cochonou19,BE,,21,1557592859,1778193002
l0myr,FR,,1,1584394873,1777748752
lxpqml,FR,,11,1605213422,1778230056
hbtpl,PL,,7,1623250160,1776984539
robbierob09,US,,7,1620059519,1777991534
jamescookpandp,GB,,6,1604580093,1778177560
springbreakforever,US,,4,1613266019,1713886743
karambotow,PL,,5,1611423532,1778242380
tatterin0,NL,,1,1618780646,1777985653
faidali2222,EG,,4,1627000199,1777985654
filthsmoker,SK,,11,1607976531,1778238001
gaforb,GB,,19,1617886940,1766073468
sb_12345,US,,10,1436645343,1778073143
ksana1,RU,,13,1564171078,1701794025
idkchessverywell,VI,,9,1606239485,1778103390
danykrerkez,BR,,2,1627351885,1638747874
rsmithuchot1,GB,,5,1586037677,1777985659
rameshmaroli,IN,,12,1589017860,1778244571
flumpetto,GB,,4,1587858621,1778244512
jeannnnnnnnnn,BR,,8,1621563766,1777605608
neqative_vibe,US,,31,1608333972,1778090957
suryayadav95,IN,,44,1627787981,1735229365
gni1,KP,,2,1604421959,1778229434
andrewb1985,US,,6,1609200299,1778220447
ilintimofey,RU,,5,1609844303,1643942839
davidcrl93,MX,,19,1588375274,1778180966
theartofe,US,,2,1604881020,1778202260
enngow,BR,,16,1613936094,1778156562
tasmandevil1,US,,22,1566013516,1778217303
vikrant10101,IN,,5,1605632494,1777985670
lalalee94,RU,,3,1621498467,1732914913
bishopbully12,AR,,12,1626522039,1778161481
zunesh,FR,,6,1604951594,1737324909
madmax8682,NL,,16,1306846482,1778138738
infucius,FR,,3,1610913558,1777985674
mnawazz,IN,,8,1623242520,1772902429
the0nly0ne01,DE,,7,1611648172,1777985675
mebg30,IT,,6,1615143057,1755717460
skorpar,MV,,16,1592148033,1778230582
chazmasta,NG,,11,1613075474,1695664186
kypotter,US,,1,1611604230,1778231802
takebackplease,BE,,2,1487708152,1777985679
patbasslatreille,CA,,27,1610231009,1778209128
adrienneadri,BE,,214,1604399664,1745172577
dcrum5,US,,5,1606140801,1778244839
cinnabun04,US,,7,1594745304,1760970504
pepelepew42,US,,28,1611361976,1777985683
jaytama,US,,1,1605437311,1776567871
wojc,PL,,22,1605622272,1777610681
dijonmosterd,NL,,8,1589298167,1772121933
ben_the_man_2021,PL,,5,1623843497,1778227184
johnne321,US,,3,1315778900,1778244804
codejt,SE,,4,1609017718,1778154949
marsgarage,SE,,2,1605813313,1733426563
mattyheckinsmokes,US,,7,1611271441,1718641567
sifrancis83,GB,,4,1607977490,1778185137
rohukas,EE,,13,1604427614,1766839699
grandmasterryuk,JP,,0,1623741609,1777985692
chessolandia,HR,,6,1613142045,1728974456
krog27,US,,5,1623280105,1749059805
alonsoariasg,PE,,13,1610379627,1778229623
comprexlavix,LB,,2,1607456631,1777985695
orcoronda,ES,,4,1607446664,1777985696
bassidia,AU,,3,1441695499,1775434947
mrhlarsson,XS,,1,1420303948,1777538051
domaz8,CH,,12,1592595522,1778238681
oca159,MX,,7,1606677981,1778117157
cwang_jhw,US,,4,1606255527,1742181272
bentleybigballz,AU,,5,1612752758,1755175874
lukekris,US,,7,1573192968,1778224506
danimal0815,DE,,5,1610379913,1778243500
thomas4875,NO,,9,1538935321,1778229189
loldnz,AR,,17,1628130885,1778199799
vs12020,GR,,6,1594322069,1778243466
spookychristmas,AR,,8,1596471613,1777985706
jozin95,PL,,0,1624650775,1778010476
reubenselby,GB,,6,1576344513,1777926445
ilia0302,AL,,22,1604259654,1778110644
bnesh,US,,21,1610947353,1778205374
dancinrose92,US,,16,1626983063,1776787399
denelis7,NL,,1,1503004181,1636592976
orlandozaldivar,PY,,2,1599057206,1748469122
lfsilvestre,BR,,22,1610646513,1778234760
waylonbratz,US,,6,1562298106,1776206342
kipper135,KW,,9,1617914541,1777582479
reznits,UA,,5,1607765887,1758792034
chandegil,FR,,0,1444468326,1777985716
leloudo,GR,,5,1480210508,1777985716
lilahaden,US,,6,1553131958,1735853059
anakir380,TH,,7,1589353825,1778200297
blinndp5,US,,3,1616737096,1775243447
masterjeff507,US,,17,1614370083,1722517497
victordel1,PT,,13,1611522632,1778242439
avtogpm,RU,,22,1585316188,1765368983
heathertrabal,US,,40,1564673679,1778199193
adrianoromanello,BR,,4,1557184747,1767571097
pawnstaar45,BM,,20,1501629999,1778072831
solidbluegrey,US,,0,1630806185,1639979280
founos,FR,,21,1601055965,1720257145
27lamenace,FR,,5,1612277880,1777985726
bear-jake,US,,16,1610478017,1777852566
andy542,AU,,12,1582883914,1778239279
iodagm,FR,,17,1618869883,1701814379
jmmyplayschess,CN,,30,1618214331,1778242390
rgm28,MX,,10,1632803605,1767157272
pedrico80,ES,,1,1590352743,1650620264
illhangmyqueen,FI,,0,1630221180,1672735474
jimmyjemimah,IE,,9,1605301311,1775390981
kristohs,US,,0,1608522869,1640512035
chesstickles,US,,6,1365293284,1702160054
imogenestorian,AU,,1,1604442771,1773185151
abdulos93,PL,,2,1607374156,1680415099
teixeiraalexandre,FR,,20,1606776334,1748453773
vamosoreo,RU,,5,1573666308,1738086478
fridrikp,IS,,20,1394218509,1777759463
lucaboller,CH,,1,1634482579,1642136049
paggiobo,IT,,8,1614009851,1758211129
elmultiple,CO,,2,1608442569,1771553013
mango4000000,MY,,18,1613009882,1778217549
saphir76,FR,,32,1611607091,1778192572
themaskofbane,GB,,35,1618594958,1777858421
muhdhanafi69,MY,,0,1568320912,1777985744
ischessanyfun,GB,,5,1629399102,1778243533
quasimoto99,US,,17,1286142679,1762386480
sebifloeken,DE,,6,1607201704,1778232912
lordubik88,IT,,2,1603758697,1756160530
abud420,CA,,24,1629248428,1778239574
fadyysafwat,EG,,25,1616801058,1778237295
franciscotp,FR,,14,1607184555,1778241316
billbradfort,DE,,0,1609622116,1764584171
haithamag,PS,,7,1623171860,1778182114
motormeat0170,US,,17,1621362452,1778244951
ivanofebo-inactive,NL,,0,1630665761,1641147860
josephbot,CH,,15,1622295499,1748918021
bollie8,SE,,8,1623611015,1774613824
maximdewulf,BE,,5,1629364970,1772470005
makkybr,BR,,4,1623770218,1778000205
foreverkiddo,BR,,1,1630876693,1740550896
marco88613,DE,,0,1604082548,1642305947
krobyyn,GT,,3,1607233511,1756583148
alexturned,IN,,2,1585859453,1777320392
hinkle66,US,,12,1625070741,1778197244
schiff13,US,,6,1631815222,1777985760
jpteixeira,PT,,0,1452311756,1660308229
shahumyanci,AM,,17,1633304700,1778111201
100checks,CA,,0,1563658400,1656587887
greg75005,FR,,0,1605734676,1765329875
nrvkjd,PL,,14,1581367351,1771315075
colenplyslikagirl,US,,80,1266966375,1778175647
natania05,ID,,22,1603119810,1777985766
rao_mukul,IN,,3,1630497933,1777985767
leddjump1,SE,,4,1635244338,1663977426
rozjebemta,SK,,7,1496593482,1778239554
oscharm,NZ,,4,1610071202,1738275888
marzipanbrqdet,DK,,13,1611776493,1725633428
siddhartino,NO,,3,1576522090,1777820983
laohu29,FR,,11,1627561646,1778192686
drronakpatel,IN,,24,1633424741,1778214482
darkestgalaxy,US,,29,1536638518,1778206355
sukhbir1952,IN,,1,1339096148,1731843050
omeghari,CA,,13,1515701285,1778106979
tompedli,FR,,2,1611431228,1778198941
devilmaycry92,BG,,1,1619275971,1692151507
cavalier68210,FR,,3,1627480638,1775832291
austinblack2521,GB,,1,1618221560,1699450658
julianlopezt,CO,,15,1591273833,1775172805
doesntmatter00001,GB,,9,1613149116,1778244418
leighflounders,NZ,,4,1614454801,1757245526
theoodegard,NO,,20,1549354322,1777985781
mpmilow,DE,,23,1634074543,1778229689
mc4gm,GB,,14,1566144387,1778242809
raithphanar,US,,8,1585204870,1778067622
bsmith5909,US,,18,1625198060,1677279671
costantinto,BR,,2,1608494485,1778243780
exbitz,PL,,4,1614955093,1778178133
cemsay37,TR,,7,1629984734,1777985787
dr0pzzz,DE,,8,1624145935,1773175593
mohamedbarbary,EG,,15,1606133443,1697134538
stagnantstone,US,,5,1635907411,1778241708
koukussa,FI,,9,1605815677,1778242344
bl4ckplsh,PL,,9,1607690039,1778179160
kevinrooms,BE,,27,1363222885,1775676776
quantumdust,BE,,19,1608330735,1778181720
dupdub,DE,,24,1630458858,1645887967
ctrl-alt-canc,IT,,0,1614882255,1744113455
bombom92,ID,,17,1621334309,1746367619
chrollo6,IN,,8,1596027832,1777985795
sudarshanshelke,AR,,10,1596649745,1778212214
biker_alcudia,ES,,4,1613412778,1777044637
campeon1306,CL,,3,1605528389,1709340006
fishers_yoghurt,GB,,4,1608456564,1778223552
kellachess67,IT,,10,1609432916,1778228947
dxmik,MX,,10,1586630996,1778167483
sihuje,DK,,3,1627069904,1778172654
coody47,HN,,13,1615287517,1774442180
falutomencolo,ES,,10,1616410411,1778234110
magerleagues,US,,13,1609726404,1777985803
jairabot,BO,,13,1526759375,1778167451
grimcuprakillah,GB,,8,1612466600,1778244825
misclick123,US,,0,1627160098,1770173938
ada300,XX,,3,1609095078,1689252704
x-0539858800,XX,,0,1610047759,1722970137
jardz34,US,,7,1519258202,1778216013
waz999,MU,,11,1618005239,1777626903
pudpud64,NL,,26,1526368237,1776288866
nicoper11,UY,,1,1612886374,1749268746
chama210,US,,7,1625585309,1765415890
ufc_grandma,XX,,5,1601445035,1762057561
bornaisbest,US,,4,1627563861,1687989053
ambassadormooop,US,,17,1610927299,1777180867
basicoputo,XA,,6,1633083001,1778192740
jscantt,US,,4,1595498190,1696733559
originaler,UA,,8,1624263338,1772989157
xeroxinho,DE,,4,1612392912,1772786929
junddy,XX,,2,1614816969,1752356510
nick_beato,PH,,1,1628271708,1777686385
shookied,CA,,35,1631079302,1778220371
youngark,CZ,,23,1586678322,1768379356
ichigobankai007,US,,23,1576173911,1778210384
cha1500,US,,18,1611407790,1775484484
kitter67,US,,3,1505924089,1778183686
dvorianskiysergiy,RU,,18,1633888674,1778220943
meyerbc9,US,,81,1629227394,1758067746
asdramelesh,FR,,9,1575169943,1778244856
tsox49,PL,,3,1601720923,1777891575
richardwolfe57,US,,0,1608581539,1777985825
jesper6eklund,SE,,2,1490805522,1760194718
atanausu,FR,,0,1515612644,1673192686
bjornex,SE,,31,1571833205,1777132776
cyberdame,XX,,3,1606374992,1762487947
simple_jack40,US,,58,1607734408,1747136037
joepenate,US,,3,1612292227,1698090099
cloudycanvas5,BE,,20,1607195901,1778185309
zabihullah75,IN,,4,1600160004,1680648955
dawild61,US,,11,1483884509,1777985832
tjh89,US,,13,1632961954,1778244742
stevestanky87,AU,,51,1634771590,1777985833
mr_amoz,ID,,19,1615731481,1778242467
lee6437,US,,3,1559080654,1778220175
cin2226,MX,,126,1611115764,1778211387
krystiankijaszko,PL,,3,1622838854,1670804279
houlty2020,GB,,31,1616148777,1776077231
aperezosa,ES,,6,1604054906,1777985838
shmxney,NZ,,18,1634044605,1741005376
vasanth021290,IN,,17,1593179736,1724488428
madyoumustbe,US,,6,1547159598,1778029214
zaidon98,IQ,,0,1633946200,1649310491
chesstrial02,US,,5,1532208808,1777985842
supersuperumanzor,CL,,0,1371486504,1645875627
ithaca51,US,,4,1636472339,1778243823
dazzlingmagic2008,IN,,2,1590339792,1658345021
hassaan2808,PK,,11,1631913437,1777985845
ujkl223,US,,1,1637556523,1644443254
stykken,DK,,7,1638620535,1778178460
juniornovato,CO,,2,1637431873,1645601870
naisunev,NL,,3,1608840130,1777985848
pearlsofa,RU,,3,1582223428,1652536778
qenb1,UA,,5,1623258613,1774272967
brentvdbroek123,NL,,3,1631867028,1777985850
m2fu,IR,,0,1631447842,1770754846
jdawg59,US,,7,1610148386,1650033443
nestelkic,RS,,4,1611248943,1778170018
thomas-lindsey,US,,18,1620397174,1652441376
septias,DE,,15,1632221593,1777404773
tradergrynch,US,,7,1633886983,1756518131
royaltw,GB,,1,1604959368,1778243964
vincentchessgenius,DE,,7,1636186403,1778175327
tylerjohnson1to8,US,,16,1534284608,1660651328
martinmaster9999,GT,,2,1614761085,1778242525
lukehayman,GB,,5,1619556467,1778235781
ch4pach00l,AT,,11,1590852599,1775654532
ruski_pirate,SE,,5,1593959348,1777985860
player7531,FI,,3,1609498895,1778183625
washworthy,US,,10,1632115496,1765320539
i_n_d_e_x,PL,,2,1626527141,1692475550
flavio2610,BR,,2,1627675930,1778244685
theraven96,TR,,6,1618076640,1764696796
pepito9999,CA,,7,1606257478,1778191403
vype7,GB,,0,1607439275,1696235108
shashisubbu3,IN,,0,1610462508,1777985866
zherb95,US,,6,1594022697,1748010615
mcmordax,US,,14,1612366760,1777406448
draganyoung,IT,,3,1608162037,1778189056
eisetomberg,FI,,10,1609866777,1777648157
andor1998,HU,,9,1636737852,1778176657
shaan_m,PK,,16,1507752717,1778190039
davidf7998,ES,,7,1506706094,1729696825
xxemgee,CA,,2,1609088511,1778082320
rogerrubin,IT,,8,1610747851,1778101948
stevewhiteby,GB,,12,1612020730,1777985874
ferdelance11,US,,7,1628740503,1755680081
esdrascabral,US,,2,1446182339,1755336546
diegomtzmh,ES,,106,1614936820,1778219636
jad1117,US,,19,1633742625,1775098143
k5b3l,DE,,5,1630333945,1684497464
victordrv22,ES,,9,1618565463,1681992812
prathameshshetty21,IN,,0,1569648597,1670586241
viktorpoint,UA,,0,1638750597,1639880394
dantteb,MX,,1,1635626549,1777985881
dstar44texas,US,,9,1625971525,1778244660
okan63,TR,,2,1634750028,1639273566
tarandeep1395,IN,,1,1501954484,1765712979
theboltcloud,US,,4,1513367001,1777215632
victorbutt73,CA,,1,1615930743,1639125153
magizhan2k,IN,,7,1637298494,1778241341
tullumm,FR,,3,1634818228,1678575354
mikealfa86,MY,,10,1632064623,1778221552
shakhmat2,AM,,0,1620762688,1659856076
sanoja99,ES,,11,1576640691,1746887705
luisbruxel,BR,,7,1622985601,1778208625
eessraa,TR,,1,1638106289,1777985890
curtrosi,US,,7,1610910520,1777985891
choosz,TR,,0,1619009496,1678007849
phildoh117,US,,0,1530048442,1777216757
haaz1,SA,,10,1580699097,1777985893
drunkenbandit,US,,21,1632354766,1778223804
mariaparat,RO,,6,1562001272,1778237939
billlelapinfourbe,FR,,12,1623860361,1777837429
legacyominous,EG,,32,1582324449,1778204702
chessgrandmaster43,US,,2,1587169778,1764630412
zaccollett,US,,10,1612741583,1778173824
davidnyc,US,,6,1492053243,1778231652
lactationmac,US,,11,1601792401,1771519812
bernix,HR,,13,1275562643,1778228000
wondering_whale,UA,,1,1625396790,1642614323
smbassett,US,,0,1598045071,1644144232
v00d00oo,US,,6,1530796329,1778244708
yungduncha,IE,,19,1593886212,1774894938
varundeokar,IN,,15,1590244187,1778235549
drummondbass,GB,,12,1634709761,1774635455
bbysw,FR,,8,1611696827,1777985905
sisyphusgame,US,,9,1544976122,1755794357
claudiac74,IT,,12,1609795806,1777801291
mouhou92240,FR,,4,1606230345,1767638052
crackityjones9,GB,,8,1609525728,1777985908
redmusician,CA,,5,1636407574,1767331391
zekzekou,FR,,1,1606253802,1672567580
chessbizzbizz,FR,,30,1587299720,1778217098
generaljamesmercury,KP,,8,1555782171,1675426485
i_love_latinas,US,,4,1590787797,1774359689
npc-gg26,NZ,,4,1548251978,1778209748
aloudmouth,US,,8,1491485162,1778103257
andreak2404,IT,,7,1561125621,1777296438
avanishniranjan,IN,,6,1586860371,1746213025
dyrincon,US,,3,1635472699,1778240660
itlloyd,US,,4,1610342842,1778227267
ts307,AT,,0,1607611025,1778244532
thedonald2x,US,,7,1467953849,1777931128
bwex123,US,,34,1614620638,1778051209
dynamitokido,DE,,29,1607952887,1768260166
eugenio6627,IT,,7,1601149874,1778187260
marchma67,IT,,5,1607356814,1740920065
edk2010,US,,6,1624516267,1778243826
upstuck,US,,0,1626736261,1777985923
1laryea,GH,,11,1458424242,1777985923
hellofriend8888,AU,,15,1636410767,1778200119
beginner12333,HU,,37,1610463790,1777356374
icarius34080,FR,,8,1560443268,1778160187
zuzu1013,NZ,,14,1481510155,1778160714
spuss,VN,,4,1636674668,1775031151
jairo234,CO,,0,1637421468,1718412725
dolphinandwhale,US,,8,1635452019,1778121330
gggg2508,ES,,3,1606155852,1778244268
vegmel,TR,,1,1638174322,1646367873
xxtimxx7,US,,3,1637600397,1678274293
varuag_69,NP,,1,1623698588,1778229632
lilmi27,PL,,4,1638965237,1649009692
ala22222,TN,,0,1635438901,1642917019
laurabellet,US,,13,1613324473,1778237581
andres914m,US,,0,1622947793,1770406993
hvsethi,IN,,4,1590068252,1763505179
senolgk,TR,,1,1573657120,1777985936
grebolz,AU,,0,1637421585,1680463247
contemplator11,IN,,7,1510674800,1777985938
pluk9,PL,,2,1605434387,1777757450
mf_krule,MX,,16,1631026805,1778227790
eduardokayona,ID,,5,1615801992,1776919088
blah876,IN,,0,1622611854,1637030272
manelmanel1,PT,,0,1635163071,1641258211
julesbruynen,NL,,13,1609756712,1765435304
souuuuut,GR,,1,1627146275,1647575444
marijndamsma,NL,,4,1614335542,1777101906
swulkan,NO,,16,1600448482,1646120856
tomazlenz,PT,,19,1604958723,1723383007
wacotsu,ID,,0,1632255816,1726956631
haddlt,BE,,2,1607090204,1736375039
z-reminiscenteye,XX,,0,1634051302,1777985948
jamesruddick,GB,,2,1606240285,1761404941
dariusov,FR,,4,1608278572,1778243993
pacisjerome,PH,,6,1618837188,1773120710
randyquaidd,US,,5,1619612720,1777985951
pierrotchess67,FR,,4,1624458920,1778227537
ankur7026,IN,,5,1412240344,1778120385
sidharthabarua,GB,,2,1551079084,1777358932
sleak2,ES,,2,1597019350,1694456298
daltonfreitas,BR,,18,1574715359,1778240346
amcal0624,US,,8,1606881163,1778212368
saalahsaad,EG,,4,1622923826,1777985956
eduardyorettyh,CL,,3,1609028272,1778202665
dynamit76,IE,,2,1299055548,1777985958
chessgongi,IT,,2,1635516703,1672410068
peterahs,CZ,,11,1617987145,1745230383
jkimo2,FR,,3,1499457681,1778219218
va00046,IN,,15,1573877447,1778076630
definatelyawizard,NL,,8,1613481597,1778230675
gt2578,FR,,1,1619809030,1778175979
msstplays,IN,,9,1608949011,1753284221
kopel78,GB,,13,1607375347,1777985964
rayschoon31,US,,6,1605029330,1777985965
krayolad,US,,4,1637093168,1775672100
leroy37,NL,,10,1554752979,1778224001
vperal,ES,,7,1595085724,1650891130
mersenne_le_fameux,SX,,22,1619457590,1778172123
josaho,NL,,1,1582462490,1646545061
cassatt,US,,9,1531587294,1778236142
peverell94,GB,,3,1609027064,1725795637
x-3787132751,XX,,3,1621640328,1673947102
pierresieberin23,DE,,12,1632851348,1778219819
nataltiger26,IN,,16,1536252006,1776725153
yorideva,BR,,15,1614603759,1775176612
akduck,US,,25,1615917346,1778192561
masonleeburton,UA,,17,1606703392,1776617803
ace24777,CO,,27,1595083658,1761712386
lemmer,CA,,5,1271896562,1778171585
i_pawnn00bs,CA,,7,1609489017,1777985977
cabuzon,US,,2,1639412205,1778182628
jeff_ritter,RU,,11,1614722638,1778241140
obitom67,US,,6,1543434368,1768875661
fedesilbert,AR,,5,1612703860,1777680604
stupiet,US,,13,1618896582,1776323410
lucy070,GB,,22,1585791308,1771630932
xdelphix,US,,82,1604880036,1778152296
algarisin,ID,,3,1615473500,1774759171
zapedsuil,ES,,7,1630508074,1778178959
haowenxie,NZ,,2,1551766359,1703274656
spencercrowe,CA,,3,1634070222,1759376338
hiroszumiec,DE,,4,1612915676,1729930920
mushroomchic,US,,26,1454528598,1755048809
amey16,IN,,8,1522396580,1670352930
checkmatehustler2,GB,,25,1490527660,1777985989
bgilly,CA,,8,1304697399,1778220779
schwiftyone,US,,104,1448254903,1778227413
qyom,FR,,1,1634055946,1773349093
tomborus,PL,,3,1617120797,1703792274
darceknight69,ES,,11,1610363261,1778244722
guardedjxrm,GB,,1,1619774847,1770166517
zabababi,US,,1,1623530568,1773142421
mr2120,IL,,1,1628652561,1679294686
piejos,US,,44,1629204302,1778095025
doxla9_alpaka,RU,,3,1634393783,1778119593
frenchvariant,FR,,10,1612607929,1778174475
penitent_de_la_mort,ES,,7,1584957458,1760295983
edwardmanning92,US,,12,1596156162,1711478785
pri_000574380957,XX,,6,1530043708,1669972658
bymbaa1999,JP,,3,1633309701,1642344489
largecherryicee,US,,29,1623806188,1778204998
seamastermd,DE,,6,1636638286,1778235853
thuyle22,VN,,290,1628933741,1777436013
josue-07,ES,,17,1633716833,1778177669
mng129,SG,,9,1610805018,1650678938
verhit_oorpijn,NL,,6,1605370594,1777932790
doubtfulwinter,US,,1,1544635996,1768969708
barrysullivan,US,,2,1611962373,1777657896
gageslater,US,,45,1608572660,1706114853
snunmar,ES,,5,1607283204,1775474200
artisyan,RU,,9,1636567692,1778242713
pmbc22,BR,,5,1625265721,1778197402
cure_za,ZA,,12,1638904534,1750959793
zermattgambit,CH,,2,1606576248,1772302231
chessnoob42o,US,,19,1611163470,1778244212
declansmith,CA,,27,1543541678,1777986012
lacsetmer,FR,,5,1445635961,1778192155
deannerbeanner,US,,27,1594772308,1778240325
mcmosa,ES,,0,1555191732,1778233197
ettore010,IT,,3,1608466778,1778173733
juanpitluk,AR,,8,1606880210,1778243622
lvmhmike,PL,,29,1606267011,1778243091
sarges27,BR,,15,1609866674,1773966301
afroeuropejczyk,PL,,10,1620938848,1777986018
leandroxc,AR,,6,1560372134,1778222893
bryan3064,GB,,17,1613482479,1778241970
anerdnamedben,US,,3,1629567017,1778201069
soapybiscuit,US,,0,1625930371,1644653528
ave3xx,SK,,13,1609079992,1778238350
tronstar,CA,,2,1606452196,1715022023
mr_go74,FR,,5,1610309077,1753359666
adrjuju,GP,,11,1636190876,1778228666
japs33,US,,13,1605391847,1778211159
lucasburstein,US,,8,1461096207,1736300456
esartinuloc,FR,,11,1526911211,1778175060
dave-o-matic,US,,13,1594469926,1778233289
showmakerzz,IT,,20,1605783449,1778243169
tomomat,PL,,4,1624137285,1777986029
loganhutchison,CA,,0,1614798999,1777986030
newvichecs,RS,,2,1590346794,1686730358
floridaman94,US,,0,1606282501,1776483881
basajaungorri,XB,,8,1612335215,1778243294
deepaparth,IN,,6,1629966780,1718398143
ewu99004,JP,,0,1637880610,1704771084
pankajjain_india,IN,,2,1636394888,1778165129
ka89em,PL,,24,1599303053,1767878323
chowell6,US,,2,1479908031,1778196420
subrepap,DE,,1,1624622341,1778191930
anthfb,UY,,2,1610318666,1777986038
winnerprem,US,,2,1564853903,1778198835
walogs,BR,,12,1610422803,1777911734
garyripper,US,,10,1573684329,1699408566
chegosss,RU,,3,1614424891,1678427890
gruglog,NL,,6,1240863931,1776968411
kolorito,CL,,6,1631378603,1778161793
artan28,FR,,7,1608204724,1665011555
mike4vazy,EG,,22,1565883029,1778242565
vikingbox,NO,,42,1544878818,1778242333
pjchang1,US,,1,1628052445,1735337603
jakef007,SI,,0,1632089001,1736710828
declinepress,IN,,2,1605820447,1775739064
kafka_tamora,JP,,2,1635430414,1643426101
oxotorok,CH,,7,1604764571,1777986048
bethharmonshusband,GB,,23,1606259735,1778241837
shezkalightstone,US,,0,1640537953,1778233203
whineycracker52,US,,16,1618537338,1645227932
damiiann,CA,,3,1583124805,1774413210
olimpiqchampion001,NL,,5,1627558306,1778232902
bitcoinbernd,DE,,0,1637869603,1775414523
worfchess,US,,19,1613784371,1778204983
spaetzliblitz,CH,,11,1607694415,1778190387
7elon7,IL,,8,1628354233,1778191133
chrisblomm,NL,,3,1506580309,1778224603
guillereims,MX,,17,1355713906,1778229327
aa65432,SA,,0,1636673233,1688803987
tillounette,FR,,3,1605547088,1778244156
wardiesuisse,CH,,23,1604584627,1778239499
temir756,RU,,2,1636559743,1683282027
scotchgambit64,IE,,5,1578669040,1778241201
isyouisorisyouain,GB,,12,1622724711,1762814413
mmcintosh,US,,0,1529947498,1677081987
stefanino1972,IT,,25,1608220925,1735306934
nad2020,BR,,76,1592697476,1778227848
peterformat,GB,,79,1457793834,1775678072
junaediiloveyou,ID,,7,1617245124,1657208521
castle6666,MX,,8,1608672039,1777986066
eldelbarrio,ES,,29,1640203051,1772520312
iabhishek69,IN,,2,1637206308,1777986068
kziarmal1,AU,,12,1640391016,1700476408
droolam,PL,,3,1615628951,1778227104
lespagnol13,FR,,29,1607937363,1777986070
alpaltinoz,TR,,8,1454063200,1778240028
jmlakes22,AX,,7,1590070915,1778233972
doomthesayer,US,,62,1616706787,1778242369
thatschris27,US,,2,1634400030,1778203009
sreedharakula,IN,,14,1622395048,1778242918
qrdi23,PL,,11,1610835936,1777132963
mattlamenace78,FR,,17,1610912743,1778241729
dustyduke,US,,3,1536786191,1778193194
jandegler,CH,,7,1621359976,1778233782
jmrj3969,FR,,11,1597583711,1768000190
happyaidan,GB,,21,1557956208,1778242337
oschenposchn,DE,,9,1544379883,1778190100
recurrent97,US,,19,1636748017,1778231552
amazingantt,JP,,2,1590728019,1776273880
ode88,FI,,3,1621351735,1776589395
vittlevittle,US,,8,1636531804,1651409128
thesiciliankillin,US,,32,1624474419,1778237661
zilongdavidchess,HK,,0,1603466963,1769008357
alexandrowic,DE,,0,1620826725,1775103881
jolopy333,US,,15,1515466720,1778225222
robinek225,PL,,3,1640461260,1721850745
domeniq784,PL,,1,1620254073,1778109963
123456an789,VN,,10,1600830050,1760761960
kasvdw,NL,,12,1581344020,1771950120
caylacorin,US,,6,1577660464,1778241599
770nelson,FR,,88,1574286033,1778225624
cottone79,IT,,8,1611955742,1778242229
aghmizali,IR,,19,1585211486,1772013205
lsgeneroso,BR,,5,1609375322,1778239456
sichanson04,DE,,15,1592220338,1763817402
b1gdadd3,US,,18,1611072649,1763304487
gman3223,US,,11,1203559865,1778176591
zawny,NZ,,23,1325950671,1778236504
azylumchess,FR,,8,1601182282,1767188659
danzkk,BR,,18,1609485008,1778238666
uli321,US,,0,1638470866,1777907419
fearlessfight,US,,36,1582233499,1778245155
fortypyner,CA,,8,1605846138,1775659247
frankomeza,AR,,1,1607726502,1703940870
leanonruthie,US,,37,1612139687,1778206209
baldassarec,US,,6,1612203217,1694868534
renanb7,AE,,0,1610300814,1735834620
aviersel,NL,,15,1454693595,1691250733
timotty00,GB,,20,1604955416,1776458465
selvam2230,IN,,1,1601927753,1778203899
maybynexttime,AM,,6,1613348817,1778244859
siznack,US,,25,1596133707,1778242019
jake8085,US,,13,1609859749,1778198377
inigoaguayo,ES,,6,1583170414,1705004159
ogzada,US,,9,1630812485,1777824905
imonaboatt,NL,,2,1640128286,1728236132
andremlg,CH,,10,1609163788,1778194276
oleksandrhartman,UA,,9,1608125975,1776266118
sammy1110tan,SG,,7,1566474036,1774421059
saikiasqoooooo,IN,,4,1604598565,1769344957
dbarcia,LT,,7,1505074924,1769810027
cimbrisor,RO,,45,1626286029,1778163436
ginger_beats,GB,,14,1608842859,1746719564
purbayaangga,ID,,60,1634093020,1778244795
rookufdeath,US,,22,1615523338,1765158084
vick_victorious,GR,,22,1605732353,1778193911
jdizzlemadsizzle,US,,12,1621650396,1778210073
max07_420,CA,,19,1622509847,1778203933
patrayguns,US,,2,1515904690,1756522826
exela,RO,,20,1439231475,1773729138
leonhat11,DE,,8,1613482825,1778139131
checkertheorist,US,,0,1617570105,1778244244
mike_sc,US,,2,1633486675,1746245754
tanyashark1989,UA,,3,1638959971,1769285811
justiroth,US,,30,1608078213,1778242701
kfcmax,DE,,7,1616615262,1777215549
puma323,US,,12,1580606713,1778189690
bee7on,IM,,1,1605290225,1769154188
dengal20,DE,,3,1608507396,1778242665
ddio,GB,,5,1603937421,1777986133
gunnar200,US,,5,1445945759,1778128330
russianbearenjoyer,AU,,48,1617957381,1777986135
erbarmen,DE,,7,1624707888,1778235628
fante68,IT,,8,1603878032,1674787167
fctxt,VN,,3,1617419715,1650958524
miladat9,IR,,10,1638363720,1687619822
hbliedung,DE,,27,1555947059,1778219553
zapzaps,GB,,1,1602874203,1674646894
juanchomdp,FR,,0,1584558330,1643900741
j_megabyte,BR,,6,1613957754,1778198537
andreyw78,ID,,12,1640192998,1673850404
tommymcchesschamp,IE,,8,1513874183,1778240631
laimbir,CA,,12,1562633917,1778242383
gmghostfi,IT,,0,1610541021,1764257905
margibso,US,,16,1597678723,1778192220
filatovkg,RU,,0,1637927124,1777986146
xxkatyxx,CZ,,8,1610659247,1777236348
matthew_mcfe,GB,,11,1585845987,1778223675
robertuwl,AT,,21,1618587351,1778245270
andrey812812,RU,,3,1613695407,1747088890
bilibe,IN,,29,1620385539,1778239371
pacowh,FR,,3,1549904806,1660440977
ripssauce159,US,,1,1265138887,1750696526
jabino07,PL,,4,1588187242,1778231956
junior80pl,PL,,8,1488973740,1778177362
tonyaub,US,,18,1630764290,1688550845
spotlesskey,US,,8,1602352243,1777582690
nicosteo75,FR,,11,1502916147,1776525511
dgalant,US,,15,1612065518,1778244022
kunal1468,IN,,18,1637390076,1723830263
mizoguchii,MX,,3,1488034112,1778240263
ymivb,BE,,7,1628783300,1778230305
wizix21,DO,,10,1533425959,1773201124
gwlcheckmate,US,,9,1616849099,1778245319
dreamweaver11,US,,5,1605160285,1778115346
bamordubear4150,US,,10,1606407366,1777986162
h_spyke,NO,,5,1385538618,1776934504
mixandmarch,GB,,10,1619939243,1778004323
nakamuruiz,FR,,2,1617090544,1777986164
mujahidante,IN,,0,1631364634,1644815820
dontylerdurden,SC,,28,1570624627,1773250492
yurukm,TR,,7,1598650966,1778173904
turrese60,IT,,4,1623733001,1776363530
kang-han-soo,VN,,103,1609338056,1774967216
michhiiii,DE,,1,1680708273,1700684699
safik69,FR,,5,1609165596,1778082527
ryanwraight,CA,,1,1657326376,1776211700
pacman2663,DE,,8,1679424375,1771466614
sugarloli7,ID,,1,1608020470,1765491132
bozohater55,US,,4,1650205356,1778242394
guguk16,ID,,2,1618337687,1726057251
yusufp1,GB,,3,1486952385,1714936626
jloch22,US,,0,1674329759,1773012182
888111ace111888,AU,,14,1681693930,1778237606
telbio89,BR,,10,1597442778,1778202387
omegaus,CZ,,0,1676409550,1766683609
gautz07,FR,,11,1647950060,1778202218
diomaiala,IT,,8,1639910546,1778244232
jas4546,US,,41,1686493397,1778244258
paulchrysteller,CG,,77,1690730392,1777926656
tenbuffaloes,US,,2,1687206473,1696001919
jhonnyndrn,IN,,15,1599739621,1778230570
gmcenzo8,XX,,127,1678205849,1702950504
knighttom19,AT,,3,1679091704,1778244129
mondo46er,CA,,17,1663793368,1778147194
beast_from_bengal,IN,,350,1688730677,1778230970
jesus_01a,MX,,2,1683617294,1716625228
simonasstasytis,GB,,3,1605134029,1777055466
youngkazakhuchiha,KZ,,4,1614006773,1765306262
nikailsuneja,XX,,18,1685903578,1778089865
smitjambhale07,IN,,5,1658850587,1757125125
muttayyib,IN,,29,1686931092,1778229584
aroon_52,UG,,13,1660503230,1773528022
thenitt22,GB,,25,1632527763,1778236909
venomyears,ID,,5,1674567014,1774061099
mdemir99,TR,,37,1668270612,1778234524
geniusmaster2,KZ,,4,1674224175,1776272596
yipukimay,ID,,0,1686218022,1774009283
fikrieanda,ID,,6,1666870701,1777986197
kaushikvicky,XX,,1,1607242412,1778133270
iliketoplaychess2011,US,,15,1676828924,1778219340
sqbduuu,RU,,7,1687012562,1696180759
zahrddinwolf,DZ,,41,1446165752,1760626057
e78l,US,,5,1679341240,1778243283
gargantua47,CU,,11,1642220159,1777259050
oaktreeleaves,US,,6,1671771398,1777986202
babblingbabboon,US,,1,1666116026,1775877349
aly_no_lose,TN,,4,1678884120,1777986204
icethecool,US,,4,1405804898,1778244883
erdbeerbrot69,DE,,15,1655703743,1732790678
kushal_sonar,IN,,10,1657970387,1766641767
younggomez,US,,13,1673419255,1778168242
w_01,US,,2,1669983376,1768671946
jszwaj,US,,10,1422751594,1778218486
thebotten,AU,,3,1680050162,1701059173
hfletcher,NZ,,1,1350706045,1749780543
urbanheretic,AU,,2,1617620204,1778178620
vihu_0908,IN,,2,1684949885,1776177941
kskn25,TR,,5,1686521235,1778230723
jadys1,BR,,4,1686087473,1775434056
afika7,IL,,10,1689578000,1777673472
srichesspro,DE,,5,1679091827,1778233728
michaelrees001,US,,6,1674496778,1707491502
jjose10,IN,,6,1676171953,1744596293
puyol15,IT,,4,1674766783,1771839872
jan5060h,DE,,6,1648549427,1778236462
schumi2711,DE,,3,1660822992,1736964081
rooken2132,US,,7,1670380270,1777986220
jbadi,US,,1,1613681491,1775094263
jdinh1125,US,,0,1684456921,1760754244
youngtakyee,KR,,3,1689491907,1763783626
watatuwatatu,PH,,22,1685022198,1777126196
theebiggest_bird,US,,2,1675358371,1696523565
jvrmrls,MX,,13,1605819037,1777058358
fadhilwisam,RO,,0,1498237157,1703864363
drrips,US,,7,1598459049,1778155277
pahmedq,EG,,9,1679348269,1777891404
cyanotr,IT,,6,1690238826,1778079400
licha2014,AR,,2,1592173558,1771793981
hnacho,UY,,10,1640074789,1777747110
knwhhy,US,,6,1682108406,1696995840
johnemmanueltorres,US,,4,1682105772,1764438760
youssefarafa07,EG,,15,1546438705,1778020655
chackachackalan,DE,,3,1689023850,1699513199
legend2835,RU,,3,1676743726,1709831600
sad0012,PH,,4,1679201582,1778229895
liongrin,US,,44,1416880646,1709229419
pa8pr7,IT,,6,1681549553,1778191425
boler16,DE,,7,1649092333,1748330814
ngtienhuynh,CA,,7,1608675680,1775614336
muthinenirk,IN,,1,1695031930,1778228570
electrodeceptor,US,,5,1448851259,1727331898
bigsam89,BR,,1,1663606405,1777986240
yurivilher,IL,,15,1613341856,1777986241
babou3939,FR,,8,1609342452,1744822713
pavelczek,CZ,,0,1683574923,1704962383
makemake24,FI,,6,1675678758,1769276433
shanelavish-inactive,US,,23,1635891369,1716410311
seiyooon,KR,,26,1694803082,1778125866
shadmaan7,IN,,12,1676911776,1721386798
theplaymaker13,HU,,11,1588711274,1769444507
htopopalo,UA,,15,1699165393,1773357668
maycola02,BR,,8,1615344526,1777929023
0x1zero,US,,1,1615004443,1730435225
lukemacmuscle,IE,,12,1677236331,1778223214
bigclub1,US,,2,1688231540,1770870298
walhalla1987,DE,,6,1677238298,1778232835
gnoik,GR,,6,1688162003,1762531665
anaira04,PH,,1,1697136343,1713137033
capcampos,BR,,11,1671608594,1778028797
x-8162651993,XX,,23,1500800142,1759269716
jrkraken,US,,5,1673244228,1777575807
sergheiua,UA,,6,1685570349,1777986256
andriimorozov,US,,4,1578769788,1721149960
mspeedukl94,DE,,9,1672384481,1778223272
chandrahasan_j,IN,,6,1685608784,1778241225
barnardo321,US,,7,1691281848,1771551392
eypcem,TR,,28,1594828869,1778234827
alifnajamuddin,ID,,3,1683850667,1737041419
striped12354,US,,3,1566269135,1778196253
aswk85,OM,,10,1621354803,1778244628
oniros25,FR,,2,1618925670,1778232782
makiim,FR,,15,1672220953,1777986263
ohnomynorman,US,,3,1672165717,1777986264
jmp44110,FR,,0,1608603555,1743361263
dancork2112,US,,9,1670518288,1777986266
bellad_madhu_01,IN,,15,1694787142,1776844141
haroon141,IN,,9,1265728593,1778243949
cihannodbsi,TR,,8,1646514541,1775725180
stevenremish,US,,14,1601483935,1776994024
rinkledinklestink,GB,,1,1672768108,1778245149
luluride,FR,,10,1688793010,1765918759
thinmai88,VN,,11,1615144784,1775762067
eduardoyoshida,BR,,5,1548712814,1778175634
mrbarinoff,RU,,5,1607314120,1777011986
filipmlejnek,CZ,,10,1666715809,1777986274
orwazain,SD,,90,1692529946,1778236795
galacticchess21,IN,,1,1697466847,1722170615
muratsundetov,KZ,,13,1455361243,1752285926
amrrhattem,EG,,13,1681811366,1740164451
bobbygundon,RU,,15,1673687916,1776214034
albinakm18,IN,,5,1673778753,1771525762
nasserasd,MZ,,4,1673289453,1714940887
dennislxt,DE,,1,1693846521,1777813051
kesevan,IN,,27,1273387737,1778219017
alexla1234,RO,,7,1613048723,1777986281
footydeano,AU,,11,1672912087,1777986282
ngtdnikmat,NO,,12,1696353554,1760238199
axlnose,US,,1,1672516684,1716559817
samuelsis,LV,,23,1669934054,1777417435
santoro206,IT,,13,1625342129,1774470590
holicoin,CH,,4,1653856914,1772105861
lebronzejameees,CA,,6,1608710623,1777872669
gurohelennordby,NO,,6,1521835878,1778241072
justiwa,XX,,1,1676292576,1751833907
bielboi96,GB,,0,1668773940,1713879845
dangerroth,US,,11,1615256319,1777833848
barni213243,HU,,2,1670772863,1774546118
jsunda,FI,,2,1676846537,1778216542
ekinzynp,TR,,18,1611572096,1739982908
petar_boljshoj,RS,,20,1673714834,1725881271
uuzumaki,IN,,94,1629750411,1760615957
maite25,ES,,42,1579704963,1778238058
akviji,IN,,0,1701597810,1723713391
liscanod,VE,,15,1675800039,1778173024
1jkra,CZ,,0,1678377310,1778226946
osiris25110,FR,,2,1605729438,1777805333
dybberg70,NO,,6,1609936663,1778214804
ujwal_chettri,NP,,14,1673271412,1765340481
valll49,FR,,0,1642535953,1762450601
michaelbrown1921,US,,3,1671647034,1778212302
gulisav,RS,,6,1673904182,1778190877
mazmur30ayat2,ID,,14,1612149849,1777276153
subham_2910,IN,,27,1686553089,1778162815
avtomaglaperidze1511,GE,,5,1536692088,1778183427
man_1400,SA,,7,1612958307,1770498804
luis_ao,BR,,6,1684764814,1771207317
ceaser3247,GB,,2,1613135844,1778245386
antcat63,US,,89,1490660013,1778190978
gdieubon,US,,3,1459529515,1778099987
fr_yash,IN,,15,1692622655,1777986309
klinkerfaust,DE,,16,1613776255,1774561354
raja2748,IN,,6,1593794071,1778245481
tonymorra94,IT,,4,1692619122,1778243278
warm_rooster,ZA,,15,1677493711,1778110166
joaquindiazs,TC,,6,1588258332,1778175976
slwmotion,US,,59,1578850508,1778058870
lollolok21,RO,,8,1672321542,1739695028
cajunrook,US,,6,1272669806,1778195060
eventrider1,GB,,18,1584260686,1778243755
pi_kappa,GR,,9,1607977198,1778237141
dark_nebulae,EG,,11,1623853446,1778166834
hairy77,DK,,3,1614249235,1769899268
olyster00,FR,,10,1676367984,1764413433
nei8888,US,,0,1681968309,1772566198
radojicic,RS,,12,1346677741,1778005086
jpurizar,CH,,7,1574420504,1777640803
oden_11,US,,16,1662421559,1777883901
jimix66,XC,,14,1610285082,1778188457
jojo7evans,US,,4,1633377887,1760211184
moneim999,SD,,16,1640077732,1778241909
asoalwan1811,IQ,,5,1620865638,1778240679
leil20,IR,,0,1700813407,1777986327
pignatell1,KZ,,11,1656257326,1777053038
halvorhaugen,NO,,7,1385414989,1778185573
binith18,AE,,20,1670792916,1778235848
ale_ale_alejandro9,US,,28,1673361329,1778035000
toooooooooooooooommy,GB,,1,1635365853,1778017777
walkmart07,US,,5,1677891592,1761827305
dansacc79,IT,,2,1605222144,1778239621
maradinho80,DK,,13,1556016404,1778244964
nphaase,US,,17,1660462719,1778182974
micahthechessguy,US,,35,1673232445,1770218381
deuce501,US,,4,1690847003,1778238609
crabysp,LB,,18,1675606117,1774648636
remzcool,NG,,1,1697896110,1778011183
avoidrl,DE,,2,1671904144,1776594627
sergigv1979,XC,,8,1673200364,1778233893
joaoslva,PT,,19,1515379272,1778167891
dawidcyza,PL,,0,1630442031,1774525656
cristiano1971,IT,,5,1607108873,1778235000
caribbeanplayer1986,MX,,3,1674015295,1778218995
max98233,FR,,11,1655393625,1749706511
petrijb,GB,,10,1617634060,1775286818
dazuboy,BR,,28,1635439088,1778240912
quentin33270,FR,,3,1697997479,1767732932
glennplayingchess,BE,,3,1673070673,1777986346
mrnoob6009,IN,,2,1625579728,1776652792
calixteaccarias,FR,,6,1611507206,1778232367
geg77,XX,,36,1645619255,1723550395
totarius,UA,,3,1698787021,1713399449
crandino,ID,,5,1696258578,1739718670
nikodem_iii,PL,,24,1687274948,1778226337
queensultimategambit,US,,3,1692923963,1737268680
evilcarromerochichipe,PE,,7,1651526403,1775568635
kerkiking,TM,,6,1396621400,1778190181
sarge210,US,,20,1672932076,1778180394
royprimmer,ZA,,8,1679248614,1778093731
s0riano,PH,,4,1679121322,1778235393
late954,FI,,3,1679398356,1778244049
pramod1000,GB,,62,1475699814,1778245460
kenny0410,DE,,2,1640197740,1778183598
sqdrq,IT,,12,1687717258,1777995166
reinrara,PH,,4,1666577102,1774811816
tomhelix,DE,,12,1651602398,1772739232
nirajsharma-123,BE,,26,1667043567,1778202394
taifalsaleh,SA,,21,1637251283,1771603210
y-primitivesymbo,XX,,0,1632565456,1706727134
raiyfureytha,MV,,8,1607235876,1778219638
chuvasombria,JP,,1,1402407294,1778130751
yalosharaebana,GB,,7,1693937804,1778193899
stektl3ver,SE,,5,1640214333,1778236706
abdelhakmedmenaii,DZ,,5,1704377142,1720811728
tisfortony,DE,,6,1680344750,1778243158
openbridges989,GB,,0,1666689357,1716156099
praani_19,IN,,23,1679655085,1778170974
juliocesargr,VE,,8,1630449033,1778130798
scattivo,AR,,5,1697374999,1778243920
ben4055,DE,,18,1594037872,1763911875
jorgeavendano,CO,,6,1587248199,1772220140
mpalote,BR,,3,1640380417,1778236664
kerimovazer,AZ,,10,1472305106,1778104220
sykabird,US,,7,1592854066,1778225121
apanchu2021,CA,,7,1529965490,1778174471
aminechadli100,MA,,7,1685382213,1756640948
paveljaros,CZ,,11,1658491604,1778169674
circlethedog,US,,12,1673326386,1777943582
miopet01,SE,,0,1672864202,1778229192
connord99,GB,,7,1624493243,1778236548
isacht,FR,,11,1702580934,1777986382
papi_eman,PH,,7,1683296708,1778245195
tropicoo12,BE,,23,1698240052,1777918176
sowgodii,US,,5,1479751312,1778184657
shahedmohammad2,JO,,13,1514470939,1759999514
jmewoodruff,US,,0,1646863037,1778245520
theusualyak,US,,4,1686543776,1778186294
timis25,DE,,3,1684766448,1714838198
ahmad101213,SY,,24,1671746788,1777986388
sovereignn_1,PH,,11,1653391441,1759379868
aleszar,NL,,3,1694361821,1759685855
daksharma14,IN,,23,1588493153,1771266441
rcrich,US,,1,1327969401,1778241912
lslxbrnv7,PH,,1,1684025245,1778230858
salmanalmoumen,SA,,21,1578776891,1777986392
niltonmachadochess,AU,,5,1682335055,1748150724
iec21,CA,,23,1605585892,1777059062
skoryna20,UA,,5,1682236251,1776824776
hockey_1111,IN,,41,1491319711,1778177842
ofg7farag,EG,,6,1704776878,1777986397
veer1909,IN,,4,1693926789,1761236073
pablogoja,CO,,3,1676736991,1778206273
knightking_7,US,,11,1603220742,1778225524
sankalpkedari,IN,,5,1695813871,1777219369
vvkrish08,IN,,16,1669521140,1777156762
leevi22,FI,,4,1603554132,1775254246
slatre000,CA,,67,1672947681,1777087371
mra_69,FR,,3,1696352784,1778151605
krisalonso,MX,,2,1679244942,1778019627
nicos6801,FR,,0,1681419683,1778101448
klnchp,FR,,11,1672780259,1777889645
coin145,US,,14,1655996702,1778116715
andrezimba,BR,,61,1683670734,1777986407
shankyvh,IN,,0,1703778773,1709657550
transatlanticterence,GB,,13,1627670678,1778229776
vlad2121212,UA,,0,1606766207,1778178218
sbleurph,CA,,7,1685465154,1778159804
coronel_mostarda,PT,,9,1664757989,1707131307
mahdiayadi11,TN,,13,1568149744,1777986412
msprea87,NL,,15,1685904778,1778221425
tijay11,US,,9,1650218918,1777259520
scoubydoo,FR,,59,1612708826,1778243957
nazar25_06,RU,,1,1704107649,1715080789
ae5ambe,GB,,2,1550168000,1778181660
valemira,AE,,722,1564587525,1778066173
babspaname75,FR,,14,1694309807,1773533085
carloz420,FI,,78,1589708518,1778232548
user_767367373,IN,,13,1620723733,1778211597
100-bhagya,IN,,12,1684741641,1778217427
thinknmove64,DE,,9,1686127674,1778225566
rjamarillo,PH,,1,1604443528,1767360240
chessticless187,US,,13,1634935332,1778182298
obedreynaldo,US,,15,1670105819,1777986424
mmarin23,MX,,249,1633198832,1778214685
rutledal73,ZA,,1,1673379103,1778171676
zakawb,IN,,0,1702147458,1765102996
darkonraw,US,,7,1659827178,1778006518
mirkecburek,HR,,19,1512567933,1777986427
ayanokoji1283,IN,,7,1704278983,1726674283
abdelrahmanorief,EG,,18,1571252970,1778141475
duffend,SE,,1,1667735116,1725168939
dp_bizarre,UA,,1,1650790106,1777986431
fz07422,US,,9,1691192109,1733270801
ceetienxs,PH,,0,1664034548,1777986433
idsiana,ES,,5,1675120321,1778194228
superduperpro121,UA,,5,1638633443,1757703848
stoneschest1,US,,2,1700882104,1777986435
sahara_twip,IN,,38,1423835193,1778197206
santamikalaus,BY,,6,1665581070,1776549115
boardgamefanatic,US,,11,1602906407,1773410943
davesullydub,IE,,88,1674418452,1778245542
mohamedhany787,EG,,6,1687462659,1778164134
womack1226,US,,16,1596208491,1778111372
ichunddiewelt,AT,,2,1694430177,1760262225
divyaaaanshu_rj,IN,,7,1683437746,1776965933
padmakumaran,IN,,14,1595398526,1778238973
konninn,IS,,4,1404424459,1777888878
cameren99,GB,,23,1674996441,1778189956
enfj-t,SA,,42,1668104242,1778207246
julianca3sar,AU,,10,1698153979,1778244896
tangojuliet20,MY,,21,1673032409,1776840960
akaitsune,NZ,,21,1589819510,1777968093
eneiassl,BR,,0,1702917314,1762737604
allavoy99,ES,,9,1607207882,1712227453
whyamistillplayingman,US,,13,1619450902,1776184514
realdmaj,CA,,10,1676001303,1777426858
david2196,ES,,10,1606149056,1778152653
feek-cz,CZ,,0,1660896745,1770535636
bhyt876,US,,0,1612488925,1778215845
seb_roberts,GB,,6,1660043888,1777766426
merts61,TR,,6,1572123691,1778191638
alexzhukov1988,NO,,32,1664136787,1778181461
diego_0908,MX,,25,1670445289,1711933772
ahmadail707,SA,,8,1647906446,1777999549
ryant961,US,,3,1600615031,1775997643
playwithnanu,IN,,6,1647629940,1778242330
adrianfmkr,DE,,6,1691497030,1778245622
grasshopperus,GB,,100,1568556390,1777986459
invictus84cop,US,,4,1507818706,1778189148
eph1221,DE,,3,1671116988,1778245441
cage-a-lid,PH,,0,1702723514,1716701048
joshua2023desu,ZA,,46,1683713226,1714976657
simoniuslongus,DE,,10,1659991763,1777456297
just_another_fruit,GB,,10,1611230360,1777986463
scottyd25,US,,24,1540400288,1778177400
ryanwass,US,,1,1666885262,1778200988
srudhinvs,IN,,10,1582137954,1778243598
popparrot1,US,,0,1465950064,1725808184
pecko83,MK,,1,1280418770,1756623628
jacelecamus,US,,13,1697585704,1778201188
levarlynch,US,,8,1595004065,1723836067
juanito974,RE,,29,1620148266,1778245653
1000elocrusher,PH,,3,1695623351,1770222173
srcnklcrsln,TR,,7,1684188445,1723562247
zimpanzee,FI,,14,1663842650,1776150242
12334938484992928dkh,DO,,1,1700602889,1778023241
whytuxz,CA,,2,1667627813,1778193182
yunoworthless,ID,,2,1686254296,1760581170
erbecero,IT,,13,1611499590,1777411238
johann269,DE,,7,1674683213,1773577759
acejack13131,US,,4,1690579480,1778110642
douhew23,VN,,1,1671861085,1778236545
noone_nothing,KH,,2,1690365490,1777986479
dirk10587,DE,,10,1662715040,1778200887
sujathachakka,IN,,6,1542435347,1778139684
po8oq,IT,,2,1677177993,1772629554
tamirshi,IL,,4,1656879269,1777149564
rumen_simeonov,BG,,5,1570473489,1769100865
hadiabdat99,DZ,,11,1678191358,1777424578
sheluvshugo,PT,,10,1670851918,1778118763
x-7279356309,XX,,6,1683296605,1768986853
smartb0mb,US,,19,1490928938,1778228451
pointless137,MA,,4,1693586506,1778243287
ersin_oktay,TR,,7,1662473862,1778235337
alantrk,AR,,8,1530069853,1778119797
julianvazquez27,AR,,1,1607583699,1706373117
chessloverabolfazl,IR,,8,1692461417,1772254857
touralon,ES,,15,1388755496,1776773733
olehannabanke,BY,,8,1694695569,1772184535
sukunadeptrai,VN,,13,1702998593,1720765978
sssaleh1,US,,26,1603639501,1767547027
kebn29,CR,,1,1700871758,1777986494
hiteshk0,IN,,7,1650289969,1778218694
keksi415,HR,,1,1683281040,1770379678
top_panos,GR,,8,1672526767,1762270802
serbia_utd,RS,,6,1672607479,1778223992
zackfromearth,US,,16,1575363906,1778068895
pietewong,ID,,13,1661355127,1777459328
virtue_limted,US,,0,1702757437,1778203450
ssry17,TR,,11,1650219855,1777458287
bosu65,RO,,11,1670825364,1778233653
shubh1975,IN,,2,1668618202,1778179657
coombs_shotya,US,,74,1607922531,1778241531
msf60,LK,,0,1526643153,1772945202
coffeeshaman,GB,,7,1667399519,1774046209
nicocapo2411,BO,,2,1692831305,1774926613
liromar5,AR,,4,1609995649,1777346976
zzyki,FR,,2,1564102203,1754330737
onurozuvar,TR,,14,1629473966,1778179110
blessedassurance33,US,,0,1704032504,1778212627
jahnaven,JP,,4,1680410860,1777986510
mtw11,ID,,3,1704291682,1726831094
huh6huh,MY,,9,1629544100,1767542652
avimo,MX,,7,1468351682,1778028591
noahemneborg,SE,,5,1617093670,1778005172
yasoss78,TR,,9,1666640060,1773998247
proftyntc,PT,,17,1498608448,1748148875
maltraoz,DE,,7,1607108343,1778243833
jamose05,ES,,15,1604569817,1778158602
imohvmed,EG,,7,1685313064,1778210112
howard2111,XE,,8,1679751477,1763115732
momojjsjsh,ES,,8,1670178578,1777927429
mohan24011989,IN,,3,1669272814,1778229766
patarinski,BG,,2,1693400554,1778244666
negatuabel,US,,5,1529624267,1777856775
dorianoriental,IT,,19,1484920229,1778072025
supyoshi,IT,,18,1528140465,1778239392
coprinus_comatus1017,US,,33,1675640513,1777147056
sampatil663,IN,,6,1685282925,1777986525
iammrnegative,XX,,25,1668786529,1778239402
musaroos,KR,,0,1700032555,1777986526
sabopashas,TR,,10,1671808297,1757106585
kekasan,KZ,,6,1674974558,1767172117
ahmetbey21,TR,,3,1677927292,1724243360
saetta999,IT,,199,1700592503,1778243059
leva07,ES,,19,1523187751,1778242728
jasan99,DE,,0,1496526795,1753287216
wh1te-angel,DZ,,20,1643303476,1777986532
lucasteless,BR,,5,1615557908,1777986532
muchakamale4,IQ,,1,1703759560,1719959013
uig473,IN,,5,1674215234,1722585988
teodorobg,IT,,7,1665762262,1778223432
nymountainair,US,,4,1606954786,1778171381
quasikid,US,,8,1677633733,1778189441
rohankashyap21,IN,,21,1689952660,1732969019
hixam69,PK,,1,1685461210,1778044353
felixhakobyan,AM,,33,1702020058,1778238365
krishnasastry,IN,,3,1492433133,1778228185
behajdino,NO,,21,1456176401,1774050438
apoteto,CO,,9,1505755281,1778245695
stanhalamadrid,DE,,1,1693770708,1776108695
kmc44,US,,1,1607142684,1777150777
peterspoor,NL,,7,1660140697,1778186383
yeshu95,CH,,1,1672789459,1778180637
rxor0y,ID,,3,1704125780,1764230602
bambam1925,PH,,4,1686986153,1774630740
derbaeeeeeer,DE,,11,1683832693,1765209179
vitalijkru,LT,,8,1618475647,1778224972
style-69-19,DO,,76,1664443774,1778205450
pablitos1910,PL,,30,1701201483,1778237647
skikskak70,DK,,1,1673457929,1778242439
jotajeff,BR,,74,1668513348,1778208014
carludvig,GL,,12,1633910099,1778238537
mohamd_hamdy,EG,,6,1702671239,1777928488
caymal,FR,,11,1672182961,1778238700
imthebestplayertotally,US,,7,1674229264,1777986555
pepe_hands_67,CA,,3,1640820801,1774968844
capablanca353535,CU,,8,1694293288,1763317822
thumbgames,US,,7,1662735393,1778211298
hyunge,XX,,44,1610499485,1778211544
othar-d-atila,US,,13,1633909690,1778181279
prunner,AT,,1,1604165401,1778235803
xenia_cm28,PH,,0,1701016835,1707569180
akinjrrrr,TR,,17,1674307527,1759229082
axecapitallord,ID,,1,1683520087,1778223982
noertenpils,DE,,13,1544556968,1778062776
gabcius,PL,,15,1662231218,1770988043
guilhermebernardes1,FR,,8,1666967855,1772796800
lurikis,LV,,7,1676992215,1775132348
konigluksterdererste,DE,,54,1637404259,1778163164
sam10g,US,,4,1675437136,1736913102
igor9705,IT,,5,1686237090,1771336929
wyjdziedobrze52,PL,,0,1615587049,1778188600
divok537,DE,,38,1669747630,1778166998
dddrkkkk,GB,,19,1651059767,1777398496
matheoojgt,FR,,5,1675015480,1778137339
cenizas9,UY,,1,1690534664,1778236419
dobaeman,PH,,5,1687077076,1777986572
rhythm6969,IN,,20,1654096290,1777986573
daddydantheman,DK,,15,1668964056,1770332746
boats33,US,,12,1561397442,1778150822
jogasp,BR,,44,1666631973,1735056080
fanofpaulmorphy,US,,195,1368390474,1777861665
timmoty12,NL,,5,1607788480,1776850029
simonemerli,IT,,6,1612748235,1778201604
teweleelsobaco,ES,,16,1657458712,1776538999
katarmakar,UA,,2,1523908389,1778245335
spicywoodbench,US,,25,1617895157,1778222991
maestropotato,CO,,17,1611327425,1776274436
lullone3,IT,,11,1627146717,1777713107
jnrg87,PT,,12,1587848924,1778241617
nadorj,FR,,8,1613570377,1778237747
wguille,ES,,12,1673804218,1775998920
aparnaaaak,IN,,7,1693501606,1778238990
beallenb,VI,,4,1646329983,1778204264
raoulduke83,US,,11,1580345724,1778195959
nnico92,AR,,7,1697503412,1764657904
acepider,PH,,1,1704190589,1752610185
hussainrashid,GB,,8,1628878900,1763726628
jordisofresh,US,,11,1579111886,1778210033
rhugo11,BR,,9,1703438950,1777652474
jusonelove,PR,,6,1503802867,1778239079
gilmalta,IL,,5,1331153352,1778243583
new-face_in_process,CZ,,6,1663681491,1723746492
zwodi,DE,,0,1673712929,1776277573
jiaut16,BY,,3,1671216831,1777986595
kingxscout,IN,,8,1683617916,1777123406
kashyap_1517,IN,,13,1693978474,1778244139
lookhereifulost,US,,0,1705183540,1732452602
simmo064,XW,,0,1676229592,1778244850
skipper-of-madagascar,FR,,13,1695713354,1761970488
beginner-2-3,AM,,9,1669080718,1775638572
bshhmoney,US,,32,1626334815,1778226779
aw307,US,,9,1628283024,1778047131
tiger1886,CN,,48,1693579886,1778237497
zy888888,ID,,13,1614998277,1775787457
vinsouuuuu,FR,,16,1592948653,1778134716
kloster2023,DE,,8,1683694120,1778218551
fraluise,IT,,42,1604667704,1760886660
thib77,FR,,12,1603901770,1778226128
syghty,US,,13,1556728290,1773829607
savitzer121,AT,,0,1681762657,1777986608
napanozo,US,,10,1605994697,1778183117
easy_eyad,US,,22,1672042002,1778214457
yurusen,CA,,1,1669301839,1778211093
ignatescuhoria,RO,,11,1667469673,1774998055
augusteknfl,FR,,12,1705016757,1773527302
witters1,GB,,1,1703201869,1778236898
behaefyourself,DE,,6,1664756394,1755920308
kimpro8888,KR,,1,1678692389,1778065688
relentless2020,CG,,34,1587919911,1777986615
matseas34,US,,123,1676254429,1778220364
adrza,VE,,9,1618843293,1778173692
idxd14,PT,,6,1621757985,1778222562
rajat277,IN,,3,1671717736,1759160955
sangamsunny3,IN,,8,1695994646,1777986620
hamo2030,EG,,1,1699011518,1742692074
harishbodkhe,IN,,14,1614452257,1777392234
pashstore,UA,,5,1672684467,1777898245
izishere1,IN,,15,1585123697,1778151054
alexis00005,PH,,5,1685074629,1776827782
carloscharlante,AR,,7,1495752475,1778235040
robertosocorrista,BR,,10,1664245563,1775145578
adnm236,ET,,0,1701517772,1717602008
mahdihosseini581,XX,,4,1602697533,1778232222
roshandugad_11,IN,,12,1672303511,1777727054
ashishrj_17,IN,,20,1680626466,1778214721
rhdnwj,US,,3,1687267027,1778241801
berus99,DE,,13,1638271414,1778149766
hyperasianboi,CA,,7,1633989285,1776445457
ljw2023,US,,2,1674570336,1778244507
trendmee,IN,,9,1620841039,1775938632
sevchuk,RU,,6,1681920794,1777986633
ravi_tiwari_chess,IN,,9,1693055254,1777986634
hskuna,AU,,8,1643600708,1778239766
aminexmz,DZ,,11,1682421852,1777961092
adri_soares,BR,,38,1648585323,1778225901
grandmasterrflex,US,,1,1630003905,1760293157
axtain,US,,5,1613483093,1778199714
joluarbe,CO,,1,1518292396,1736452021
gilson05,BR,,2,1676055576,1762297970
kniyogotor,BR,,7,1674589514,1756936910
mediummassiv,AT,,8,1673977613,1778223065
mert-cangt,DE,,5,1636059302,1770508132
di_wak_ar,IN,,2,1597431253,1775579608
atma7777,IN,,24,1651480729,1778245424
yesiam19,KH,,33,1683296167,1708282536
didiermir,XC,,3,1607332415,1751694366
quatromatik4x4,PL,,22,1664257142,1747068980
ran2si,SA,,2,1703409549,1715424414
drbhargavachandu,IN,,13,1693494857,1714483989
ll0108,FR,,0,1608321801,1778243669
eecchh,US,,9,1681263075,1777986650
shikizuma,UA,,5,1693311466,1777986651
alummaster,KG,,13,1604133066,1776506900
kyuvasi,NL,,4,1700248087,1718055718
speedylearner,AU,,9,1565488987,1778221525
alitawbe12,AU,,1,1672567101,1722264914
bannvl,PH,,14,1681061205,1777791887
walerii66,UA,,16,1699883687,1778137689
abhi_sh,IN,,2,1529592548,1777986657
stereoscopik,AR,,44,1611463537,1778197616
yassinos19988,TN,,13,1688499197,1778245846
raktify,SA,,5,1678713789,1771387875
elpistolero1897,CH,,1,1697448346,1772313236
moonshineplayer,DE,,302,1418772483,1778220707
cody_schwartz_21,US,,8,1671985272,1770384131
vielka73,US,,0,1492919827,1773715229
mickiedfootlettuce,US,,4,1667397855,1778194893
sahil1623,IN,,11,1679820036,1769441221
124kar,KZ,,17,1672237970,1766556179
himanshukapri7,IN,,7,1669032265,1772987909
amrmaya,CO,,3,1606410082,1778216988
velhodias,BR,,5,1607184150,1778211000
mccheezee,NO,,15,1646483370,1773763552
radoslav3333,NL,,6,1644760237,1765198719
dirtysword,GB,,3,1612983321,1778199727
dkumar2208,IN,,31,1582807834,1778245507
jerbearmusic,US,,14,1663730076,1724438858
faisalrahman_7,BD,,7,1515534595,1734568701
maxweallans,US,,11,1616684506,1778223608
aupol97,BD,,2,1700924087,1777986673
asileeyosefov,IL,,9,1662762579,1713598458
maestroshifu27,IT,,9,1700142316,1777194792
zednononon,VN,,0,1686984359,1773477422
arman987654321,AM,,41,1640466574,1778242372
hhhhssan123,OM,,18,1677933610,1778146117
alphaa11,PK,,6,1544118176,1753379075
satellite484,GB,,9,1685896677,1709710374
lalafooo,CA,,1,1682364363,1776942631
kreps94,US,,0,1689537641,1778221520
noelsrr,US,,10,1631140710,1778211356
mates55,CZ,,2,1674479950,1764369924
turbo930,LU,,24,1606054805,1778235157
thegamerpig9001,AT,,14,1618246852,1776800834
italianer,IT,,15,1609319955,1778199536
tnhung9,VN,,4,1699621361,1771425144
himanshukharole,IN,,11,1646113509,1777986685
linhdanngo,VN,,18,1689422946,1730135295
altafalig_6418,IN,,9,1690357944,1778235853
damirdv,UZ,,13,1387401582,1777551144
owxyyy,ID,,16,1616072205,1778137998
thomnmaciel,BR,,24,1683634687,1776050970
akcrazie,XX,,7,1697454674,1736548962
tessspawn,UZ,,3,1648626779,1768206789
ferencszalai,HU,,15,1522683174,1778241128
rashid6366,AZ,,2,1641571075,1778236378
invincible1111111,IN,,19,1697001961,1777132104
hollandp979,US,,1,1520826498,1778184372
daxiu1234567890,VN,,13,1651937322,1777650487
rambaniya,NP,,1,1692451320,1778230885
prisonmeme,DE,,5,1671395089,1777319029
nandakishore88,IN,,6,1688664067,1771776799
noufuraz,QA,,13,1492437029,1777986698
wall-we,US,,4,1668255349,1778136044
bosol123,US,,15,1628867831,1778092823
stripedroad,FR,,12,1546797785,1777019391
maziashvlll,FR,,4,1706778963,1777986701
tasos235,GR,,9,1679271962,1777755556
tomsgc,ES,,8,1610573947,1778234475
josepharthurs,ES,,0,1574961832,1778157982
nielderto,ID,,11,1671354474,1778220665
aliskiwhisky,BR,,12,1700951936,1778206083
viraj2viraj,IN,,6,1614941475,1778054383
toys28200615,MY,,11,1700270213,1709883471
ayniti,DE,,6,1699459299,1738691129
lovro_mavko,SI,,3,1672997253,1773446018
anamika69,IN,,3,1681832282,1778235103
ikerbetancourt,MX,,4,1611512988,1777986709
letor,XC,,13,1676041361,1778242340
nobrega_pereira,BR,,9,1609186957,1778190361
vasilevs_adolfovich,UA,,18,1682886921,1778166261
nando37pana,UY,,24,1615691562,1778239246
148greateagle,IN,,2,1642566628,1778188842
escobarb,US,,17,1613825244,1777237822
lukabritta,DK,,10,1682186557,1738133543
peanuthead50,CA,,8,1673653049,1768336463
shanegleim,US,,0,1537303548,1777986717
apneng,PH,,2,1687341165,1777986718
noswing11,RE,,4,1677694366,1730582912
perunaexcess,US,,4,1668790644,1778188200
vijayraathore,IN,,2,1695220601,1778241534
jiro_nimo,US,,3,1673491659,1778191929
re_need_learn,PH,,10,1679653328,1766315321
poyrazsoylu8373,TR,,4,1677771431,1766829037
moregin7,IT,,2,1672071570,1778245009
mgflyair,EG,,11,1703636372,1776599737
johnnyobong,GB,,0,1546087478,1778164252
fastbeatlealan,US,,33,1586186959,1777730039
nerb_k,BR,,6,1629373771,1777216961
nucc1,IT,,6,1629920908,1778192852
darkghostcleay,BR,,7,1689634393,1778198998
vic_2010,BE,,18,1677414663,1777486275
amir0783,IR,,3,1500888508,1777986732
aap69a,BD,,7,1696710559,1776784396
sai777333,IN,,0,1707642403,1721758891
erakgupta1,IN,,1,1684828831,1775028075
nisargpanchamia,IN,,1,1674121785,1761824685
sha_32,XX,,1,1561938296,1778245920
oraclemaster3241,US,,5,1676547021,1778245834
flow085fj,KZ,,1,1699620209,1723952351
wesleymagnusweak,PH,,15,1681733919,1761747747
bouboule78140,FR,,1,1702370552,1760717716
hector_santana_p,ES,,6,1694595363,1778194086
reubast,RU,,41,1613981893,1778224217
drdolots,GB,,11,1640092422,1778229681
krishizone,IN,,1,1394050552,1722110889
julienxm,FR,,0,1702035732,1774285530
kingkamps,US,,1,1472260727,1775300499
n1craix,CY,,5,1674163023,1777355945
pankratiastis,GR,,27,1678574807,1778236128
moisespuertecillo,CL,,11,1542762635,1778233211
mav3ck,GB,,6,1688570858,1778170233
gykovacs,HU,,9,1340020233,1778244152
slausonboy,BZ,,72,1617658767,1778232928
mouradazzouhri,NO,,6,1569009491,1760629636
mythagex,DE,,11,1659735775,1778141818
thefalcon1993,NL,,7,1615459751,1778244633
nmarael,RS,,9,1706820944,1778190059
ajonahg21,US,,19,1679779650,1778241261
manos_exe,IL,,20,1681571081,1778100107
churry03,ES,,2,1675117351,1776972944
divyhad,IN,,1,1385823066,1722955902
eliaskarpio,FI,,12,1672749105,1778244709
alaska58,IT,,4,1606237265,1778233309
dishasawantt,IN,,0,1706090173,1776192590
xtreme_dodge,IN,,11,1384879839,1777192512
rickeies,IN,,1,1598263270,1778222433
hugstables,GB,,16,1605974214,1778242562
drabhishekkashyap,IN,,15,1687671824,1778228767
hughesy624,IM,,19,1671650778,1775819767
philipoosthuizen,ZA,,3,1610885433,1778187642
bulba_ua,UA,,15,1415523540,1778182883
forknite13,BG,,21,1682270775,1715438461
sen05,IN,,0,1586689912,1778242661
chienmalin,FR,,14,1606597875,1777828109
bendenizz,TR,,10,1605550474,1778022773
superostrich92,AF,,10,1674670823,1771535896
without_nam200,DZ,,13,1706116166,1755153136
yavago,IN,,11,1502688969,1753557148
ederribeiro019,BR,,17,1604557399,1771981949
jurgen_marty,SK,,1,1485886447,1778240872
hkkkk0,GB,,8,1609018685,1778195377
altairice,KZ,,5,1672651888,1778242694
mighytallest,CA,,11,1671999179,1778202653
leuteritz,DE,,14,1669117404,1778236630
instalock00,DE,,4,1675008258,1778152632
guimtr,PT,,5,1577348559,1778235294
eldalma,IT,,7,1697223827,1724240930
immy136,PK,,13,1607523734,1778193956
aponyboy,US,,6,1515547025,1778214931
cas_0,NL,,9,1695041315,1761295498
emilischess,LT,,17,1632467667,1778219638
eviidish,XW,,5,1655136918,1776797011
alon84,AU,,35,1308743296,1778245756
robimbs,DE,,12,1673537651,1778171464
francococola,IT,,5,1610957836,1767685779
kokoroyok,ID,,1,1700575178,1729151720
jackspar90,IN,,13,1689246915,1778237131
belmona,IT,,13,1592147813,1778054650
undrwolf,SE,,11,1697976684,1778206844
arun_vash,IN,,1,1708351049,1778229279
ponzianino,FR,,21,1599919340,1771696935
guguuup,FR,,14,1605625744,1778154954
joshuvamathews,IN,,8,1603047008,1778245889
hatum7,BR,,8,1616736633,1778239890
iahmedsroor,SA,,4,1652372493,1730238685
ocean7423,KR,,13,1706434103,1778243617
gafichxula,GE,,0,1704722862,1778225128
cedde13,FR,,1,1607000600,1778189338
dgandini,BR,,30,1640121329,1778245963
mehduiii,CA,,5,1671248506,1752983365
3abdo1234,XX,,14,1691008011,1712591192
335juli,AR,,3,1675292659,1773981352
schecterrds,ID,,5,1566995721,1778242167
johan5090,SE,,13,1607171738,1766155071
zian1elo,PH,,16,1680424477,1756724933
slavozezik,CA,,4,1635357028,1778211781
medovar88,RU,,4,1618502535,1777482038
msuarezsanchez,ES,,5,1612873477,1778160286
adityano01,IN,,13,1699355568,1759085442
sle69,SA,,41,1649120812,1778178337
alinormohammadpour,IR,,1,1618504674,1777986805
avefenix3,ES,,5,1591865556,1778166290
manulop2673,AR,,1,1664729479,1778206296
ymeiosis,MY,,10,1580311636,1778242990
jar_ed,US,,3,1661997085,1772219866
eagle21eye,IN,,29,1636565587,1778245415
imholein,FR,,5,1706318094,1778141192
gettingonabit,PS,,28,1577811937,1778245810
oliverjankoski,MK,,33,1523812598,1777986811
danil_r_5,RU,,4,1507096086,1733739358
adddddmas,KR,,1,1694095263,1778240709
graviticpropulsion,SE,,72,1510405232,1778245826
theflitzer,KR,,1,1628537488,1778185765
terceirense,PT,,20,1707065183,1778196563
ali_suiiii,GB,,3,1672242590,1775312118
jacob2803,SE,,3,1452198632,1776721827
hey-howdy-hello,US,,7,1674176288,1771864250
mobeenas,PK,,12,1685691519,1772609537
tirofijoo,EC,,4,1682300047,1778107671
marore98,AR,,439,1656728390,1778187462
karan881,AU,,13,1589798111,1778231937
blunder_champion09,IN,,4,1694280833,1777622628
dozerov,FI,,20,1676738676,1777570418
xcvltbcnx,ES,,11,1670131574,1774978366
hezronjohn,PH,,5,1679195737,1752577763
hundur1,US,,2,1655346328,1715392604
gamzegnaltl,TR,,1,1560009292,1774806506
arieluez158,AR,,1,1657558559,1756858008
nickosssssss,GR,,1,1689257094,1777823228
bera74,IT,,17,1674427248,1778245793
piokin97,PL,,5,1686252739,1778102611
jonasdaddy,ZW,,8,1651651574,1777986829
raski007,NG,,8,1647929668,1778220567
sealwastaken,BG,,11,1612978681,1774546153
maks298274,RU,,1,1684934193,1778245071
asasimard,AU,,24,1651987704,1778037769
ontonttt,RU,,2,1617905237,1778227836
factfredrik,SE,,2,1644424830,1778169630
armagedon91,MX,,0,1705762533,1778204219
mat235711,IR,,34,1565612241,1772050149
maaraam,LB,,25,1501141750,1778235560
cr4zydog,BR,,1,1616448122,1778184649
azmiramontes,US,,4,1676549238,1775322009
zekibayar,TR,,4,1563930819,1765952775
benita259,ES,,8,1663563306,1778199921
davmurpla00,GB,,6,1361397445,1767817765
thehopechess,AT,,3,1693467826,1753032874
vallinoluca,US,,11,1408237154,1778228785
z_eee,HU,,0,1616969782,1777037482
luisfra333,MX,,12,1662702839,1778212887
azm029,US,,5,1689544785,1778231488
tontonnaly,ML,,14,1599688930,1775018375
lewandowskisucks,US,,16,1692917511,1752549484
realkhalidkashmiri,TD,,12,1637593243,1778236676
johnpaul814,GB,,0,1562741923,1778241119
ditzy83,CA,,17,1703870676,1778203583
joyvan66,PH,,2,1705633296,1752832526
djm5627,US,,2,1422881649,1778245122
ema189,MX,,12,1625781531,1761869713
neelu413,SA,,7,1605181663,1777007909
krisjuhani,FI,,0,1588090789,1771966184
gaggl90,AT,,3,1640820112,1778239833
elbaal,CA,,17,1656261257,1778241287
briko3,FR,,13,1609010912,1778244903
edarfohiu,DE,,11,1661688217,1777986858
horusvoice,TR,,11,1689329539,1729854898
drslx,DE,,12,1586732186,1778245831
unkreativ94,DE,,3,1684737440,1777986861
noman_afxal,ES,,8,1692992191,1778078977
chrisb1236,US,,10,1696406345,1778216011
parsa112233456,IR,,7,1584058853,1778188151
maeshtro,PS,,20,1609955352,1777986864
sirunk,CL,,6,1575954027,1751748026
gillateeen-inactive,NZ,,10,1683445283,1714775801
nathandrake_713,IN,,7,1680701389,1776349143
michaelanderson29,US,,11,1614565945,1778242436
waxillium-l,US,,13,1679275443,1778218244
ieyecaptin,DE,,5,1515695703,1778245585
chemito77777777777,ES,,1,1659798953,1778236425
primaverazul,PR,,3,1703951537,1778225094
ded_sasha21,UA,,2,1673698649,1743274247
nuraz1z11,US,,12,1675060426,1773549508
xquncey,ID,,8,1704035474,1771763451
sashechca,BY,,3,1657637036,1770049659
syrius1,DE,,31,1669310568,1778219949
mattschachtel,DE,,17,1662200512,1778240630
rakeshrichards,IN,,47,1645205913,1778226804
islam979,KZ,,4,1598601328,1776776613
dmarting-17,ES,,12,1668426603,1778245862
talose19,ID,,7,1660176949,1777642707
evenmike2,US,,1,1679351563,1778242485
wellington926,BR,,13,1586267039,1778212853
mustafa0j,IQ,,8,1688805595,1778244713
tanmay11223,IN,,4,1689000537,1730917006
erionfetahaj,CH,,17,1600167072,1739653586
tofe2017,IQ,,1,1650128399,1721061303
qqw9,GE,,7,1683101511,1751228846
gonzalocarranzaf71,XX,,1,1543008748,1766774294
jclimbing1,ES,,1,1668178461,1777977249
ballisticgamr,US,,12,1616161867,1778191364
x-2253652009,XX,,2,1703702882,1735540803
gcesquire,US,,7,1663428820,1778245974
bundingelbanano,ES,,8,1527791105,1778002242
jomo19729,GB,,9,1575663967,1778223750
damaki0,GB,,0,1678653201,1751649089
demirtas21604,TR,,7,1677961845,1772872505
amaanqureshi23,GB,,4,1640446574,1778089510
mohamed_334,EG,,7,1680538399,1777986892
faraz395,IR,,48,1643640948,1771254765
monkeydluffykaizokuni,IT,,12,1694180728,1765445372
cvalejoj,BA,,25,1673436472,1776622631
camielsske,NL,,5,1703363930,1778177292
domibjj,US,,31,1609459926,1770608438
pirtes,NL,,0,1620886647,1772988849
charlesmasko,DK,,1,1665872512,1777986898
esquire7373,RU,,2,1676657785,1778246076
abhtem,IN,,7,1631039412,1762910431
kooroshojaei,IR,,1,1685624981,1778151729
alishmas12,IR,,11,1676224941,1752407471
lansie8821,TW,,3,1696971195,1778228714
bgamer1,US,,0,1615342320,1778208330
ravepotatoes,GB,,46,1555951244,1778242628
saulpc-007,MX,,29,1613501096,1778126069
lalitsoni444,IN,,15,1618188518,1745230977
ovidandru,DE,,2,1652215592,1770237191
faaiz90,PK,,5,1682423945,1777906977
jhonfredypuentes,CO,,18,1669401666,1777818098
childeronn,UY,,1,1704390518,1719685622
rationallyexuberant,US,,15,1311021312,1778121127
cartheeee,IN,,19,1662580127,1778243459
minodlamini,ZA,,17,1674568176,1778243744
arthura69005,FR,,8,1703403733,1778143989
kjols,NO,,3,1388100171,1778237744
wadeo42,AU,,4,1674183917,1776931571
vitin5,BR,,18,1582316558,1778199200
lordwilly00,NO,,0,1642416166,1737142953
chinaalreddy,CA,,4,1613066466,1778196920
ciaciuu,IT,,8,1604613718,1775255090
joncreme94,US,,3,1367067203,1777986917
esmailchess22,IR,,3,1553028111,1778238533
jaclab23,PL,,10,1671704201,1778239502
fallenone1004,KR,,0,1699374429,1778234221
fernandos-huy-gonsales,RU,,3,1670408253,1735333802
slingshot81,US,,17,1643470292,1745416520
dighted,XS,,10,1445272691,1778184927
edlirsheji,AL,,10,1676044093,1778177758
sugmaaballz69,AL,,10,1680786128,1776161440
zallewae,ID,,2,1705718948,1722361512
elbe77i7o,AR,,7,1645209632,1774615083
angeljln,IE,,2,1695559746,1726926220
canvas448,US,,5,1595807705,1778193651
aadhan7,IN,,7,1643006186,1777142506
squeezijoos,GB,,8,1674628314,1777986927
zizokingx,SA,,2,1699037722,1777711192
vivek_sse,IN,,4,1552143277,1758468624
hellanstellan,SE,,9,1675016263,1778237568
faerksn,SE,,6,1675430907,1778234021
kidprodmusic,CA,,8,1619957345,1778240438
beanespantao,US,,8,1629156987,1777236788
tekilladelsol,CA,,9,1452838315,1777725917
giaan_16,IN,,20,1710376227,1778244837
adhyanshpandey,IN,,21,1674738393,1778236699
b3njaw1n,UG,,24,1690139003,1778236136
edmilner246,GB,,40,1621859958,1778236659
ollybarnes96,GB,,6,1613407914,1778096618
lekkermetdemeidenschaken,NL,,8,1678570634,1777414418
duboko,BR,,3,1636119405,1778239263
duckbringer,CZ,,11,1610384838,1778241096
sergiyst,UA,,0,1589461390,1724925382
stephengasior,CA,,6,1686436827,1777986941
forkdorkclorksmork123,NL,,7,1700410327,1725438954
charlymebar,VE,,2,1680401774,1778241861
sa3dany1995,EG,,6,1654202626,1778238889
bloudittttt,US,,19,1668491395,1778229198
chemistryhomework,US,,17,1635385473,1767069725
deepu82,GB,,13,1590908542,1732369667
ammarnegredo,DZ,,25,1488022332,1778246076
alpacaboo,US,,1,1638576346,1746414037
yagami_llll,KZ,,3,1674302399,1778099066
lovehorn5,BY,,29,1611527837,1777739430
hannibal-217,TN,,50,1646150817,1777659423
dzbaniupl,PL,,1,1706540256,1774953583
agybay,KZ,,5,1549507850,1778242253
chess99kay,GB,,8,1449694336,1778191996
hassani-hassani,DE,,4,1546447078,1778245263
ayushh-kr,IN,,7,1625804438,1777986954
heiariitatau18,FR,,1,1695339443,1776528787
zeminow10,BR,,19,1609265040,1777986955
kotonenko,UA,,4,1706192435,1746613203
villesir,FI,,20,1636392626,1778189039
miki8731,RO,,10,1702564780,1778175087
prakhar10gupta,IN,,10,1602683739,1778245804
mvpersoana,US,,2,1685064346,1777417462
lielumss,TR,,3,1637066523,1777986960
wolverdon,ZW,,1,1413955437,1778221143
lucaa010101,IT,,1,1699968574,1778232346
ahmet4354,TR,,4,1696710793,1778242887
vv3ssh,XX,,18,1690189208,1778215172
hazime1999,AU,,3,1696236155,1776491920
kazentrak,CO,,3,1644800063,1769222148
andyjw666,GB,,21,1613925968,1778241537
kingbossesko,DE,,11,1697366042,1772388822
jtothepalone,GB,,9,1694474205,1778187739
chesswillyon,HT,,5,1617578872,1777986967
migottardi,IT,,9,1610830901,1778187008
iago-420,XG,,8,1614204608,1778237811
gpp3848,US,,23,1602970817,1774796041
wesleysnipesmaluco,BR,,16,1611251263,1778057057
marty20170,NZ,,9,1482818867,1778244726
mrkub,DE,,1,1663534260,1778246132
pignus1321,IT,,14,1568926211,1777986973
madhukarkumar,IN,,6,1692886287,1773559838
ebstorm,XX,,4,1598092339,1777016090
tonumohamed,EG,,6,1653604933,1777357126
stinkendesockee,PL,,10,1696342376,1778244910
baphometschess,AL,,14,1708067703,1778236759
laerciosab,BR,,9,1609438460,1777986978
snakezf1_yt,NL,,17,1665136465,1778234679
secretemail,PH,,0,1668230090,1778118615
kalzigl,VN,,7,1706692891,1774144351
fieldsohio,US,,6,1710208955,1731620629
factor589,TR,,3,1675432470,1774035872
nachobidness,MX,,9,1617209202,1778201835
harshbansal099,AF,,4,1569332228,1777657575
kypuw,UA,,10,1698696366,1777555153
jovoster,NO,,9,1673429509,1778092209
markusdahl7,NO,,9,1679146885,1778243436
maxchete,US,,7,1367732009,1778244547
hudheifabadaud,YE,,8,1690285507,1730103658
lainimus,US,,4,1637907326,1778241945
nathancraig1290,GB,,4,1696373802,1777986989
flatchessts,US,,6,1665169241,1778215164
aj78900,IN,,5,1633715829,1778219053
mauriziociardi,IT,,7,1640802147,1778242866
markoskarabet,NL,,4,1701519773,1758972802
myszq,PL,,11,1613850334,1778246002
kaiinox03,FR,,4,1710367387,1777986993
haroon7z,EG,,2,1703014160,1777838479
bernardquibido,PH,,7,1529372539,1774265480
damianior,PL,,6,1678465658,1778240652
kamkam12,US,,7,1675172427,1758282111
thierryyk,NG,,57,1678038607,1778245538
mamillaeffect,US,,6,1504113028,1778186247
andyblack2301,CA,,9,1686071249,1778244517
henderson26,PH,,3,1420205242,1777986999
rynnn729,VN,,10,1703601131,1778139717
nhquan0201,VN,,2,1698241139,1778242772
augustus-faust,PH,,0,1703762107,1757508038
khunthare,US,,16,1668476995,1778242171
ishwor77,NP,,5,1687102719,1729614222
3paid,SA,,17,1548741807,1776280186
polupuha,PH,,13,1675859600,1778212733
mhmdmoze,IR,,20,1524209502,1772291733
riyuza,PH,,45,1642450251,1778238764
oljaas,KZ,,20,1662439504,1777987007
dragadonaar,IT,,1,1640164146,1770494799
menpod,FR,,2,1582720502,1776674716
maaashaa,AU,,15,1623151597,1777987009
x-6529206692,XX,,0,1475259548,1734114267
tancredodemetrio,BR,,1,1698078449,1778237629
dargamerking,PK,,10,1704814136,1778144091
x-0705000531,XX,,0,1687534087,1752609214
lukzaj123,PL,,21,1677451304,1778212799
jjkisfjj,US,,15,1651762184,1776218751
heiraldo,BR,,4,1587182167,1762574006
katariyapradip,IN,,65,1688754729,1778048465
andrewchessx,RO,,20,1635786694,1778062510
freedomkebab,US,,15,1675052775,1778172328
arnecot,BE,,1,1617646050,1778240680
has7311,MY,,20,1699445258,1776733051
marvinnmv,BR,,6,1696668788,1778109044
kiraking10,JP,,17,1637733940,1777987021
matthewgewan,XE,,14,1255041615,1778080367
marerema86,RS,,0,1662725250,1778235029
obee120,AU,,34,1568200050,1778245559
bba8858,SA,,3,1615359213,1771861510
saamiozkann,TR,,9,1708204430,1773826266
josetorres22,ES,,1,1528676330,1778245999
kamalashraf,EG,,11,1552685385,1773350750
ch0cotaco,IN,,25,1612708390,1777651792
djantz22,US,,2,1670214910,1778217703
nooneisl12,VN,,4,1706988869,1777987029
l3xfr,US,,14,1657509473,1746699991
arturototalo,DE,,9,1611858620,1778236124
jes1114,IN,,18,1384618143,1778245642
eashanhere,IN,,5,1711576178,1778213315
menglimuratovsh,UZ,,3,1638044487,1772805945
opbaldy,IN,,9,1671266442,1778167575
julianhhhhhh,DE,,8,1681851150,1725686883
oaky77,AU,,7,1697770100,1778244933
anjjje,ID,,0,1686844579,1772678694
anfizzy,ID,,0,1712568588,1722074913
mhradwan,EG,,8,1614909666,1731592611
kecmarko,HR,,9,1545745854,1777987039
angeloamparop,PH,,7,1680873585,1777987040
germiyrepnin,UA,,1,1692874519,1772410239
nagu_guna,IN,,4,1616859184,1777987041
captaindec,IN,,4,1660677399,1777797363
attilacsobot,CH,,18,1664627945,1776976828
jartum01,ES,,6,1712784309,1730329752
bobby_fischer_real_1,IN,,11,1601747113,1773170651
baschgi,DE,,18,1638638139,1778171018
mlee65,US,,2,1696947464,1777891199
paulsumy,UA,,18,1697637819,1778234268
ryuler96,BR,,5,1590893886,1778163511
keda3333,FR,,4,1708902221,1777766432
fernandobaeza,MX,,5,1668209989,1778212584
satya-1207,IN,,10,1686919429,1770944982
ajolnegui,FR,,3,1553534009,1777837557
ball_s,CA,,4,1600477682,1778201789
cs4013,US,,25,1653948906,1778188169
susi1902,IT,,0,1672831679,1777987053
noritsu55,IN,,1,1712992826,1778240291
valmik616,US,,16,1620419887,1778239670
tupap3103,CO,,6,1704163851,1755039150
dayapolon,ES,,9,1647854270,1778244013
billat,CA,,5,1590549975,1764951082
errantknight2012,AU,,4,1385182944,1778244268
loulvava,FR,,8,1682745023,1778229594
camilocabrales,CO,,12,1600040279,1778211653
ramlall007,ZA,,11,1682107663,1778178053
barbaraguerezta,AR,,7,1610741354,1778066987
springycue,NZ,,0,1667779370,1769477619
imaginelosingatchesslol,GB,,9,1679514404,1777987062
tracyr16,US,,12,1604162935,1778222100
sitarman1,DE,,11,1591710263,1770801293
imcoponchess,US,,6,1571449169,1759822054
af-chimes,US,,15,1546311374,1778243594
thomasreichhart,AT,,6,1604868445,1778241761
george0000001,US,,118,1573321427,1778246146
mtb4791,US,,0,1657813131,1777987068
allsaintsttc,NI,,32,1635884814,1778199770
omahahi,US,,0,1688686632,1767304529
scoobydoolicious,MX,,1,1711327579,1723921381
ets_oxygen,IN,,13,1620640026,1766589937
joaquinabatatinha,IT,,9,1605823417,1773334201
moneraalagl,SA,,6,1624696697,1726230875
kirbythicc,AU,,3,1691750036,1778242615
molfeus319,TR,,8,1638729427,1778218163
lesedi_47,ZA,,8,1679059451,1777987075
toddthefox630,US,,6,1653917606,1778239462
jpgareno,ES,,18,1562824617,1778157681
jonathanks_1127,PH,,5,1697636912,1778170389
prabhukanth,IN,,4,1513332558,1776523379
tumham64tr,TR,,10,1701974709,1769530584
isso12,DE,,2,1629817323,1778246121
cristobaldelconde,MX,,11,1608601208,1778222615
mikehbrown,NI,,5,1667231020,1773427127
kerey888,KZ,,6,1527953950,1778242293
gaddy419,US,,12,1557318860,1778198583
vicmacfly,FR,,21,1666611699,1778154768
davcimade33,DE,,3,1707382300,1773261386
xiaoooooooo,US,,8,1640120386,1777420685
dzalamit,DZ,,7,1615327226,1778237030
luckskywalkeri,BG,,2,1680274927,1777987088
nichcg,BR,,15,1676290043,1772846385
ishanng007,IN,,1,1671197811,1778235125
mido0o9000,EG,,20,1619746161,1721471767
georgeronimo,CA,,92,1446093518,1778238629
little_black_square,DE,,15,1700845826,1777987092
timo9393,DE,,11,1671293709,1778233351
olasszachmat,PL,,8,1701092462,1777993451
mighty-in-battle,CA,,16,1607298042,1777777199
jirkathemifek,CZ,,7,1663440817,1753193984
jithin-thomas,IN,,11,1708084898,1761731639
nqkoikogoto,BG,,13,1449783894,1778223905
keipene,LV,,6,1703626149,1775403222
leonpaulfaber,LU,,15,1648369629,1778242988
mehdinikta,IR,,32,1488438506,1778053194
dipaservizi1,IT,,13,1590692169,1777987100
zeruko6,XX,,31,1699690233,1773573707
poster_nutbag1,VA,,0,1475622689,1777509116
addysnaps,ZA,,18,1683995497,1778244040
kitss3,PL,,1,1709221980,1755446256
virginiasapienza,IT,,6,1686781532,1777236595
gionaia,GE,,128,1672665032,1778242395
alessandro19121,IT,,5,1673450299,1751669852
hajaga88,IR,,9,1686427288,1778218155
oiginallionofjudea,LT,,13,1668598845,1778230245
frazee0,FI,,6,1685885568,1773493953
ragner011,IQ,,9,1699031623,1778173522
nacesmx,ES,,2,1640742664,1778196452
subskapur,US,,5,1492363693,1778224791
aschmitt630,DE,,20,1685779717,1778246182
darksnxt,IN,,2,1693665172,1777987112
yassinoxdr,MA,,5,1678009024,1760027811
sasor9,ES,,7,1543515736,1771353691
skrats1,US,,8,1682796058,1778210582
joshuaferrill,US,,5,1611249972,1761613865
kp2720,IN,,9,1681392884,1778149397
aencica08,RO,,3,1625211891,1749388102
matttrockk,CA,,3,1701399802,1774055061
reaganarora,IN,,14,1349117161,1778243317
xw1lson,BE,,6,1675156068,1775573467
isaac7894561230,US,,3,1704043736,1778193548
jerxxin,GB,,29,1708194822,1778239280
1957richard,AR,,33,1382985326,1776464082
rayahern,US,,21,1610675494,1777854568
mikecia,HU,,10,1634662607,1778230462
gf1978,AR,,6,1611055823,1778233650
el-william,CL,,7,1628565730,1778222374
gagankimkc,IN,,9,1645642110,1775919940
peivon21,ES,,4,1613240060,1778244346
ahmad_hamad,AE,,12,1271345735,1778241612
aka-fra,IT,,18,1685366535,1778233837
yogiyorgi,TR,,2,1639428147,1778244787
reyxinvencible3,MX,,4,1692472012,1777987130
longhoangdtrai,VN,,7,1620210197,1777806952
cleberlang,FR,,1,1675265442,1778224835
pj2506,IN,,4,1594363530,1778146068
abdullah-56,PK,,22,1624972988,1778225008
danperry991,IL,,23,1609858298,1771581170
rulvic,ES,,0,1703634232,1777987135
hshs62wish,MA,,20,1684602591,1777490458
hammersss,CL,,8,1586551103,1778208392
hambozo0,EG,,9,1671465060,1766745655
christianfaz,IT,,11,1677509319,1758289840
apikjooo,ID,,14,1671815942,1718189546
247jo,CA,,8,1640183825,1778241886
torrepeon8,ES,,1,1649284538,1778171683
chebmazen95000,FR,,6,1616272465,1778023002
boba5860,BG,,22,1640808309,1778233542
blunder_masterftw,IN,,5,1656486505,1729877815
stalin02,IN,,0,1308139416,1778093912
xsofakingx,US,,26,1620697661,1778194168
morcalis,US,,7,1542664222,1778209715
kiinqy,DE,,3,1589133466,1758310636
sckayste,TR,,2,1699902473,1778174295
tntleb,LB,,18,1677774679,1778067218
brazilforc,BR,,3,1692140807,1778245764
henzz90,AE,,13,1495900880,1778229331
minno16,IT,,1,1683749345,1778230619
ohkathy,US,,7,1598990739,1776390560
ciaodo,TR,,5,1568369687,1778228158
omarmokh27,EG,,24,1694340957,1778207202
karpi_c,DE,,1,1675428663,1778171413
flipy666,GB,,6,1669546632,1778186450
nacechee10,AU,,9,1609582172,1735429801
bernardbisous,CH,,20,1614634962,1778188907
milouzevic,FR,,6,1613337216,1778237807
shriduttkothari,NL,,6,1696606052,1778188061
kars0506,IN,,8,1602443846,1729447110
tek20,HN,,14,1594173837,1778222968
pansa237,DE,,2,1711702202,1718139133
jjw44,US,,42,1433535953,1778202155
acs2074,BR,,443,1679535435,1778243059
jboscarvalho,BR,,5,1608417439,1778178133
raviksg,IN,,21,1638324839,1778199228
artsyaries1808,CA,,6,1640542976,1778243344
district-c,US,,4,1713197189,1768845429
marbar86,US,,6,1527359122,1778113832
chessisbetterthango,BH,,3,1601324059,1778170023
voiidasp,US,,20,1673461230,1778173618
williamvaca889,EC,,7,1594573014,1777948847
timurkgf,KZ,,8,1673542089,1753790790
jully1,NL,,74,1594119525,1777836883
msmurad,TR,,18,1477525492,1778197880
arminh75,US,,3,1656060917,1777987173
rnavarro07,US,,0,1473998425,1777987173
1elchepo,CH,,236,1699903870,1776252309
fpilardinp,ID,,34,1693621258,1736813844
raymog,GB,,2,1570868355,1770558329
abhishek12062011,IN,,10,1683385165,1745845736
sounakop08,IN,,16,1700676518,1760993123
rus2101,UA,,2,1667854562,1737206196
drdomnik,IN,,2,1702662512,1752578854
borisgu127,US,,19,1680338737,1778238445
jt9900,FI,,2,1698590912,1762097478
gmtrixy,ET,,39,1680870957,1766239829
illwin998,BA,,2,1700759354,1716391461
ajaprai,NP,,6,1678920482,1746233226
germanbagaev,RU,,0,1710092575,1726737285
patrick_g1991,SE,,3,1693415761,1778192256
bakal1979_1979,UA,,7,1707395112,1777987186
strahy,BG,,4,1675628065,1778241751
celestialstarlight94,IN,,29,1679253527,1733595223
ulisesches,MX,,1,1542989177,1739228651
themostesotericb1tch,US,,6,1672187958,1760413756
asnejuve,NO,,0,1656919997,1778199884
arscil,VN,,3,1697264416,1775720558
jedben99,US,,1,1622243975,1778245830
allekssandr1303,BY,,0,1680106364,1777987192
vijaykolla,IN,,5,1670744959,1775290243
dementeinquieta,BR,,3,1689642762,1730926463
commiewithiphone,IN,,0,1664021869,1773230797
whenthe_skyfall,IT,,23,1686605400,1778245444
pariskonto,GR,,4,1669220284,1777987197
giacomoronconi,IT,,7,1610354113,1740747302
samet-sahin,TR,,40,1675638958,1777987198
twisto74,FR,,12,1678618649,1778228006
tbotchess14,US,,3,1680469944,1719802139
bcetrulo,US,,13,1676329303,1777903005
benoitaix,FR,,19,1701434511,1778225441
gmdamiano,PL,,16,1609196039,1778218249
gschowdhary,IN,,5,1587457753,1778226155
ajwwh,AU,,0,1622100622,1778183694
123yj123,GB,,12,1597096631,1778239981
dbardbar,IL,,7,1700580885,1778222684
andraspkfr,RO,,14,1704224827,1777466040
ask18181,NO,,5,1604921832,1750019466
torianojackson,US,,3,1646220102,1778020306
terrorenviernes,BO,,0,1705722519,1777987209
gunderdown,US,,1,1595286393,1726176746
jrsmansilla_03,AR,,24,1655259554,1778209944
arrakis1,US,,8,1493360415,1720737268
srsoviet,AR,,1,1673275392,1778127389
luke111111111111111211111,US,,18,1679143092,1771623733
pachukofchess31,MX,,6,1497462117,1778118475
x-3894449050,XX,,5,1685018645,1777987214
nahunkim,KR,,2,1606611298,1734592066
austinsaldhana,IN,,11,1598681289,1778242750
dragonzitoloco,MX,,8,1620710478,1778223705
mcpopeye,PT,,21,1612721360,1778234587
evhtap,IN,,10,1694704447,1778244838
satnarkasran,US,,9,1658702389,1778196361
mohamedsolimanmoha,EG,,1,1707345850,1756616800
liyer828,CO,,6,1691272969,1735805805
djibrildji,FR,,39,1657457433,1778244844
kingofqueens1on1,US,,2,1679965790,1720674757
theivanz3,RU,,9,1698178050,1773639199
miss_markita,LR,,260,1534911922,1778214221
majidmao,IR,,46,1638735185,1772259533
larose97,NL,,38,1606599263,1778239655
darian55,AR,,50,1587344158,1778196028
malsi0,CF,,17,1657730455,1778159237
ofing,BE,,2,1608633765,1777971264
akashthesky210995,IN,,10,1613463246,1772526641
itai123xe,PE,,1,1706996901,1777022654
mrpotattto,BR,,24,1542695870,1775149821
corvus50,HU,,16,1584324473,1778225833
tovart,US,,16,1609874089,1778162949
akabu7,GB,,16,1622284316,1778240165
onyxistoxic,GB,,9,1624627202,1778243985
adrianjohnn,RO,,22,1529102883,1770703157
biya_z,MA,,30,1667654708,1773751382
andrii938,UA,,1,1683143894,1778239261
naser74,CH,,16,1587306781,1778239712
rockercorrecaminos,ES,,2,1615216596,1777987239
princessfay20,PH,,5,1629053167,1773852786
matiusmartos,ES,,7,1612044231,1777736553
ericmontserrat,ES,,14,1610190980,1778173298
broncos45,US,,0,1253739773,1778015656
nunero18,CO,,114,1610326143,1771676680
nqophula,ZA,,3,1685910512,1778235156
yourpawnmypawnapawncalype,IT,,2,1673173590,1777998847
karlesso,BR,,15,1587950408,1734713480
namanra111,IN,,13,1677164808,1776653942
jefferson8040,BR,,1,1715793919,1778203767
lukskywalker1,PL,,15,1654708086,1778228052
joyboy_07,CA,,25,1669229865,1778200905
jrbeekson,US,,1,1712965936,1777987249
tommaso2701,IT,,4,1685129167,1778237052
rgodois,BR,,27,1673453335,1778222688
bsd3041,US,,18,1580006334,1778245707
alex_thee_ba,US,,6,1451627214,1778209457
donnatroy52,US,,44,1584745283,1778219357
morenofj,ES,,8,1595439325,1777987254
mugzzzeee,US,,53,1641014520,1774526538
jantheok,CZ,,8,1652559956,1772225314
chamukiller,MX,,12,1403761691,1774383378
karlsson67,FI,,5,1397554784,1776761181
pqmfn,TR,,13,1685045025,1778237434
mahmoud_abosamer,SY,,9,1664551500,1776595582
djv_gambit,US,,6,1605910145,1778244601
lefrenchdream,FR,,48,1619031723,1778235181
zenoxed88,IN,,5,1596467316,1775216011
chpoppe,BE,,6,1669321421,1777987262
yasint00,TR,,8,1699970716,1777840206
trykktrykk,ES,,13,1705011006,1767306521
gerardoking1,CO,,23,1598923790,1778234384
rashed112,BD,,25,1544458796,1778160010
dave_brooks,US,,3,1665109371,1777987266
mreynolds22,US,,8,1669082210,1778205914
yourplayingcheckers7,GB,,19,1612307503,1778246429
urbanvini,BR,,22,1693699028,1777852586
alperchess41,TR,,23,1607714558,1778190005
tlozfreak,HN,,46,1618138469,1778071876
marsxz,US,,32,1611462402,1778240406
ariolashuti,AL,,1,1440754121,1778191081
killian12345,IE,,2,1481734617,1778239361
zees-ed,US,,6,1670470600,1778211422
terraplanista00,BR,,0,1652628424,1777987275
eggo23,US,,4,1578557658,1729556363
mikemaccombie,US,,3,1708298287,1778244171
smsm0823,EG,,9,1691054186,1774392610
pepperonirollz88,US,,0,1687542554,1777987278
totalmasonry,US,,5,1247234301,1778224147
vallahiv,DE,,11,1697925292,1776802745
ykbozz,AT,,54,1568225307,1778227157
vorester,US,,7,1577417042,1778197440
chunlifeet,CA,,20,1682708569,1778246295
justinh514,CA,,8,1574043807,1777941901
treebringer,IT,,3,1643933622,1778242131
gmzor0,US,,3,1716416189,1777987284
zivamos,IL,,8,1617294740,1778228595
virtualmayhem,US,,1,1371707074,1777421131
orbitg1,IL,,4,1665319970,1776268308
dicentraz,CL,,13,1607090471,1778246243
humptydumptyooo,IN,,19,1567075846,1778123360
rolandtengos,SK,,3,1604781989,1758440876
rtmfish,CA,,1,1610024735,1778243065
kovar2nd,IL,,5,1621640739,1778235674
ilevelheadedl,US,,0,1589312744,1778217695
rfahsenp,GT,,18,1661746145,1778200087
diretorhenrypope,BR,,1,1715532103,1777987294
robdawgg54,US,,60,1674456131,1778203097
santiagodelosangeles,MX,,10,1611421437,1778197852
ghost-algerie,DZ,,9,1679253749,1717517282
cooperstation137,IN,,15,1670244312,1778234846
abinandj12,BR,,8,1707758135,1778244198
jglb17,US,,1,1650667703,1778214490
juniperbear,CA,,19,1567048799,1778231065
nawaaab,IN,,16,1677003259,1726890477
kelleraldia,AR,,14,1662171039,1777496173
chessaddict_2024,IQ,,3,1697790146,1776445363
kimochishugoy,JP,,1,1713043057,1764636675
badgermont,XS,,0,1618147519,1778239913
slovak_oskar,SK,,14,1691776973,1777973919
conquertheplanet,DE,,0,1608221304,1776007828
surprenant101,CA,,19,1615203036,1778240578
totito1966,ES,,2,1703896940,1778187954
negodobosque,PT,,8,1675987166,1778245343
4star7es,BR,,25,1635868623,1776553452
frenchdeal,FR,,4,1624892603,1731003025
sdx22,FR,,16,1666270446,1778158202
lesmiserables1,CY,,2,1679432545,1778231151
halilbulca,TR,,16,1535381566,1778106869
joaon77,BR,,4,1664744526,1778239844
brianrgarcia,MX,,8,1694237129,1727998025
cagatayduman01,TR,,9,1613240669,1775309764
frsccc,ID,,37,1715045204,1778199042
meem3335,SA,,24,1608843700,1778201753
hazzon13,PH,,2,1503110854,1778143571
kangxoxo,ID,,5,1704260567,1738636830
la-anguila,FR,,15,1605482363,1778233624
nurdauletabilazimuly,KZ,,9,1696074385,1778236912
keripikpisanng,ID,,11,1704222122,1773155444
makeitsomehow,UA,,5,1703495975,1778240752
praveen023,IN,,9,1595218124,1778239797
andrewvector,GB,,8,1397148770,1778088602
thaaib,MV,,12,1531131302,1777987322
joel216,CL,,1,1595128794,1777938093
cheeesychess999,US,,2,1672023700,1778218614
tbonetomm,US,,12,1676292333,1774657418
cstochastic,US,,2,1605090183,1759855878
danilopoulos,ES,,5,1675632485,1778231653
riskjonko,NL,,7,1614286430,1769278498
eadeva,DE,,9,1492368270,1778243684
vipin0203,IN,,9,1609069546,1778001256
joaquinveiga,ES,,17,1578502965,1778193104
alindchandra,IN,,10,1517603471,1777987330
ddggh778,US,,4,1670353972,1778173249
thmerk,GR,,4,1549305472,1741450371
vahiddihav,IR,,8,1673113843,1772211201
p-prince,FR,,5,1641636419,1774540619
srtridor,XC,,2,1703134475,1778244015
kssuleyman,TR,,5,1359902053,1778217451
inv3rn0mut0,IT,,13,1617883036,1778239227
stradillarius,US,,1,1688244143,1751349201
empli31,EU,,11,1591198810,1778233921
bossmantw,CA,,3,1716071549,1722276218
x-1541617508,XX,,7,1659527074,1745186207
martytha1manparty,US,,44,1525839679,1741040163
donaldoestradajimenez,MX,,9,1702947979,1778234412
janovic08,AT,,4,1667592985,1775807177
ahmedshaban10,EG,,22,1696859081,1778243124
gustavoanders,BR,,7,1677876090,1778239872
surtiiii,ID,,3,1702724213,1728929618
tikalbong,PH,,0,1702556390,1778245656
itsssanto,IT,,7,1613118691,1777987346
jreeve98,GB,,12,1602982163,1778240551
zo3628,US,,4,1685652458,1778246324
gick63,DE,,15,1591918855,1775663060
magicmike45,US,,34,1514308916,1778165022
apenguintoobig,CA,,3,1689262381,1778202793
antiads,US,,1,1711170040,1728664932
perphiction,PT,,0,1673144070,1778244074
tesstkull,US,,1,1609472246,1778245591
borlischaverra,CO,,29,1677012477,1778225372
lw9512,SI,,12,1690889668,1778244097
rehaz,US,,2,1494350823,1778201715
raffaeljsp,BR,,13,1621855792,1778214817
tobuvw,MX,,14,1641344619,1778169275
cemulin,CZ,,2,1678221496,1778245447
anddy_b,IL,,16,1647687108,1740831374
saeidtagizadeh,IR,,18,1626286800,1772256860
mariosenin,CL,,1,1643151892,1778211800
amarjatab,IN,,7,1617724236,1778238606
marcosp20,AR,,0,1701706811,1778204432
buljug,HR,,10,1698955334,1778232493
felipegui07,BR,,6,1674423332,1778203946
don_viriato,ES,,18,1646429100,1778189438
medoelsayed2003,PS,,8,1706459767,1778244743
squirrel_turtle,IN,,33,1674401939,1778156386
ki3lu,NZ,,13,1457258850,1778192595
arcanjomaster,BR,,12,1585263579,1720223641
trishool,IN,,46,1549620331,1778232785
vanshgupta10,IN,,18,1590861999,1777991313
muhammaalaksa,GH,,15,1681966577,1777987369
thilenxad,BR,,4,1701304255,1777086709
hmadi97,US,,19,1634161693,1778216643
noury333,IL,,6,1678643213,1772804760
liw_fsakm,BR,,13,1702056904,1766211421
kakikamakika,HU,,3,1625761260,1777795559
abinxavier89,CA,,9,1710723313,1777987375
dhruv0705,IN,,5,1585313909,1754345024
vijac,IT,,12,1634754827,1778242942
operativebook,US,,0,1509716023,1773187429
nyislesfan,US,,13,1638152135,1777987378
radixcal,IN,,17,1620918610,1777395749
rgnov22,US,,14,1658022625,1762140025
utc1882,GB,,1,1705654555,1778198391
ahmetyilmaz36,TR,,5,1691957172,1778097068
kata640,ZA,,2,1670876216,1778246377
redrum2734,DE,,2,1714598921,1767451703
lolmacsandwich,GB,,5,1586285894,1778246254
cefemessi,XC,,13,1700296911,1778241988
thelostbrazil,BR,,2,1646260586,1778179216
juanka72,EU,,5,1674922171,1778232461
carlos1957alberto,BR,,0,1615728201,1777987386
steve0587,DE,,15,1612960423,1778224765
ljsalmon,GB,,1,1681121610,1778208571
godsresth,IN,,35,1679542645,1778241622
tattybabs,GB,,5,1661322884,1778234234
notmenothermioneyouu,US,,24,1623999720,1778234556
atallaj,SE,,13,1638638239,1778232067
samuelmoisei1,NO,,1,1681813292,1777728343
vishu_here,IN,,2,1352038511,1778221263
shadii2002,EG,,14,1622129124,1777463610
jakamikadze,RO,,5,1701284487,1720011260
hudson311,US,,6,1670094741,1774990697
givemeyourqueenfr,US,,14,1698520312,1778133642
amilick,SI,,2,1554224812,1778171826
spokinoky,UA,,4,1601403324,1769169079
mmurph333,US,,2,1672373550,1728176150
heithem24,DZ,,32,1705841645,1773247109
jodavas,DO,,8,1626977606,1770495582
x-4347500979,XX,,4,1695720515,1753129303
igorkristal,AD,,1,1629977245,1778242291
tonijudo,BG,,0,1684264599,1777987402
vrony80,IT,,21,1700916883,1778218386
sarvambh23,IN,,0,1713882208,1726403863
thehermitphantom,US,,37,1672003775,1752993755
molki117,FR,,14,1621331935,1778184609
patelking,IN,,66,1547879126,1740923240
satya99chess,IN,,10,1693631366,1777987406
peteleep,US,,31,1643934549,1778235985
foufa_78,DZ,,3,1682840935,1776924373
rattlesnakexvi,US,,1,1586741438,1763662876
syacatur,XX,,2,1691179168,1778245756
lasersophie,IT,,9,1625041428,1775688310
sishy,PL,,6,1608408141,1773953575
esperanca123,RO,,10,1706381282,1762020558
czandrews,US,,2,1643941283,1745967853
ilqar700,AZ,,2,1685183126,1777987413
ninjafps,BR,,30,1610464924,1778200950
samuraymond,NO,,6,1415289814,1777987415
gobillzzz,US,,3,1685308455,1778205764
shotokan1337,BR,,5,1679369400,1778245313
msab_06,ES,,9,1568646146,1734199294
pawnfishy,GB,,1,1686857497,1761147667
audrey32,GB,,3,1606256866,1764877642
kevobabo,CH,,13,1573481626,1778239952
coffeedale,MY,,6,1717158796,1777987420
sandr0_18,DE,,3,1665182334,1778233883
joseppss,AR,,2,1704161335,1736829361
miguelapa1,PT,,7,1607997629,1777546064
swastikssp07,IN,,2,1667217619,1778241639
themichaeldean,US,,3,1683605753,1768167407
raule1,BR,,5,1640654293,1778192633
rizzo81,US,,0,1679710581,1778200122
tonygramsciarts,US,,18,1654167013,1778245524
katastroffffa,UA,,10,1613391698,1777929975
entrophia,XX,,21,1477052153,1776416025
videoarun,IN,,14,1306134373,1778242678
lorenzo7986,IT,,6,1677265409,1778244150
woefblaf,BE,,13,1606056870,1739754728
davide_scara,IT,,5,1679489828,1778245745
emadbasha,SY,,35,1439073340,1778225515
isj2b93na,XK,,0,1711400860,1728030022
lidiiium,FR,,17,1679850870,1775727715
alekberlinbg,DE,,1,1588092873,1751014440
tazaghine2,DZ,,34,1714376690,1778235682
willokent,AU,,12,1608270709,1761595328
monkey_d_nazril,ID,,3,1689168159,1761353009
ffashka17,BE,,0,1717432174,1720605595
freakensteiin,LK,,22,1696920733,1778210620
fares_h_salih,DE,,1,1717293093,1730515469
fjdksksdb,DE,,0,1711382890,1719567840
wolle11111,DE,,0,1696428926,1778185026
maddestmonte,CA,,7,1681606827,1778164204
kingsbrosa,US,,42,1677794647,1778202717
666tentacion,AF,,18,1641100556,1776710533
saftarov88,AZ,,5,1636571345,1778240205
lelloooi,IT,,8,1664632840,1778235009
avirgo73,IN,,26,1623256531,1778240196
alenaden,TR,,10,1696851836,1778238782
rexxerex,PH,,7,1673596342,1747555162
yul_s,PH,,6,1667384496,1738367291
kurogami001,PH,,5,1673882788,1777987450
rajesh1972patel,IN,,1,1698044343,1778232583
ernani2017,BR,,7,1662100773,1778158734
ttali6,CA,,2,1609546493,1777721321
tugsuu_bish,MN,,6,1614857617,1778227123
gadcua,ID,,7,1708071043,1778228939
maxlaron,SE,,1,1700928815,1739186829
hegepete,DE,,6,1539354619,1777044888
fsanto10,IT,,2,1711855372,1733487648
virasdfn,IN,,9,1674377152,1772209921
eneskap,BA,,1,1647888532,1778231518
ricky2202,IN,,57,1606196110,1778228930
mrlaw615,ID,,8,1677379666,1741922695
johnyirving11,BE,,16,1615227874,1778090070
azzam401,DE,,1,1584189873,1754680880
tushar-679,IN,,11,1662355799,1778156827
mraddyp1,XE,,1,1668961307,1778177314
ggnetftw,BR,,1,1586101698,1778237843
sushnsid,IN,,0,1602690805,1778176225
weenieslice,US,,7,1603675729,1778201871
yousifmo9090,EG,,17,1704666793,1756907367
causluciuscesarneron,FR,,11,1659618166,1745844955
dvk6,ES,,33,1595030853,1759248732
dictaduraecuatro,AR,,13,1639013217,1740175780
fadhilhatim,ID,,7,1608496265,1778144627
bertrandverriere,FR,,4,1642883499,1777746502
desertsir,US,,10,1707021396,1778189627
jinkyung77,KR,,2,1680779149,1775805143
raikagemar,US,,71,1681004337,1770622379
curandero_chris,US,,29,1663208759,1778242998
luckyluke45,DE,,1,1610294989,1778233105
snest,GT,,1,1607823955,1754451403
yohoho707,IN,,0,1715852324,1723558034
schiesserm,US,,2,1717281998,1778205237
chrisinho60,FR,,3,1634559100,1778075368
canardodesuza,FR,,30,1608465944,1778237540
i_valadez,US,,20,1370105794,1778201834
petergamon,US,,3,1691869700,1777923201
guiguimaraes23,BR,,14,1636204976,1778193831
brofallo,US,,6,1530999374,1775229455
diplomatic0,FR,,1,1532718907,1777641013
arsshtr,RU,,4,1395594331,1778187656
baianorkk,BR,,18,1595173774,1778115060
jtenikeetciao,FR,,8,1621621057,1778177888
sfebians,US,,15,1616811433,1778203936
rii70,GT,,27,1647393619,1778195377
antonnutti,ES,,0,1650400497,1778220927
stanleyjhonson69,BO,,4,1704740739,1777852889
kyrtap1922,PL,,36,1642452792,1778208105
adiya1987,IN,,22,1650105176,1778222347
ramstad,DK,,78,1275461260,1777911360
idirmazir,AU,,16,1407750282,1777116593
biggabber,GB,,2,1669039204,1778182534
ganesha9480,IN,,5,1691574670,1778245151
lory142,IT,,7,1648905322,1778246561
dyqankompjuteri,AL,,2,1682006299,1740484693
krmpa70,CH,,3,1677269894,1778236735
eugenica22,ES,,22,1603313270,1778102672
wingchunsifu,TR,,21,1580766700,1775033230
els666,FR,,0,1564505343,1777987496
squako3,IT,,0,1712776008,1731616014
harshavardhan_m,SE,,4,1449854517,1778242700
alberdig,XB,,2,1606901483,1777987498
drsmarteye,GB,,7,1647066928,1778192940
oliveremil2525,NO,,3,1608726433,1776719105
talianflkas,MA,,22,1680106446,1778220859
garyedmonson,ES,,14,1654418745,1758151993
webble1,GB,,0,1585668767,1778192230
sinaj013,IR,,5,1699269713,1771628170
s1le,SG,,6,1651162825,1777617838
363baz,KZ,,10,1681118878,1778175980
hakedal,NO,,4,1385283161,1778243478
marvzanity,US,,4,1409525580,1776859465
natenerva,GB,,13,1617461053,1777048728
dawidweglarz1993,PL,,1,1617297452,1778230611
patate53,FR,,9,1718128493,1778227650
chuanhua,MY,,2,1589699424,1778246301
u5-7,IE,,9,1364582871,1778246588
tototanka,SI,,7,1675251858,1778184646
suricatoexplorador,ES,,1,1537867063,1778244161
enay_inside,FR,,18,1668197439,1777896864
shaunbetterdays,US,,68,1453595826,1778245713
di2609,UA,,20,1681749632,1778237341
likas77,IT,,13,1668193916,1778216856
chessudipta,IN,,7,1630009040,1778246536
dheeraj_555,IN,,22,1712668972,1778164904
kioniii81,US,,8,1703460563,1765375582
canbae,TR,,10,1683661670,1778183605
davebluesman,GB,,6,1623737989,1778218711
migzzzx,PH,,16,1669043067,1748097905
masterboyml,PH,,11,1677063108,1723090977
kavivenkat,IN,,6,1614841640,1760117687
mhd922,PS,,0,1545484074,1777987522
danielhenriqueslopes,BR,,16,1575859646,1772310294
fastboyuk,XS,,8,1607171332,1778106699
qwerty7731,IN,,12,1662741605,1777987525
x-wolf-98,GB,,24,1666899057,1778238005
armyjo,US,,11,1594914754,1778242954
mgrafy15,US,,0,1611812994,1778246349
kmedik,RU,,6,1710335090,1773936460
ghostface1693,AU,,5,1711728289,1778243108
adhigunar,ID,,6,1616668349,1777863123
straycaster,CA,,1,1690924322,1778199218
mr_known,IN,,28,1653378899,1742931040
tcz23,PL,,6,1625912261,1778243654
brreau_arthur,FR,,12,1647086335,1777216310
okyxxxf,XX,,5,1701260812,1777987534
bklxsam97,IN,,22,1588434206,1778142088
patween9319,NL,,2,1647020209,1749741245
kodyx,ES,,14,1612380974,1778242114
hemanttanwar123,IN,,6,1648900363,1778187206
novatoya,DO,,4,1716604113,1734929659
rolenko813gmailcom,UA,,1,1714672481,1777832207
ullli_beat,DE,,10,1607871474,1778246649
hyphones,US,,1,1714404953,1777469283
andrewhughes93,XW,,10,1632991608,1776876147
imromeo92,IN,,6,1712427338,1778236919
s-kar,BD,,13,1701336254,1750750656
persevero,IT,,40,1496821055,1777987543
adromeo,ZA,,2,1593200485,1776094016
ssf_1,OM,,9,1678742829,1778086072
abdallah0105,DZ,,3,1669635995,1724071529
zakir9090,QA,,11,1663377304,1778231274
edvin35,RU,,2,1699294946,1744814545
seniorbones,ES,,0,1516257588,1765133833
tavlaci2022,TR,,7,1640605782,1778246192
kruger201,ZA,,3,1684344302,1761236321
briandtf,US,,2,1609075718,1778110810
nguyen3877,VN,,2,1692453385,1777987551
gavinaw787,US,,4,1610504485,1776375384
dbrennanifm,US,,11,1318778059,1778245324
karensahakyan,AM,,15,1422992666,1776578605
javpad,FR,,29,1620560844,1778215057
kingkymala,US,,5,1677588563,1778196009
theeliguy2,CA,,1,1671423344,1778210732
drramnath,IN,,47,1694185548,1777987556
vedhas94,IN,,4,1668368095,1777392076
dswee22,US,,6,1701713128,1778216692
vaskebn99,BA,,17,1658062339,1778233330
drooplayschess,US,,26,1605927876,1778204496
johgarcia,PR,,7,1607896945,1778244438
dj2410_chess,DE,,9,1675788679,1778218431
igraj-bre,RS,,32,1555950490,1778245890
siyabongankhumalo,ZA,,15,1674790017,1768214728
estrada000,PS,,6,1683129444,1777915327
do69,US,,0,1609702043,1778190716
x-2552365358,XX,,13,1667776014,1733669577
cagthe3rd,US,,27,1692921904,1775088892
alescalzo00,IT,,2,1718648785,1777987567
joaolandi,BR,,8,1640712068,1754334977
alnayed,AE,,4,1531158993,1778183724
meerskillz,IN,,6,1681447432,1777987569
al3soom,OM,,4,1675689322,1778242414
diede1985,NL,,9,1647633052,1778239605
tonytonytoeknee,US,,26,1661972913,1778241813
joeykatz7,US,,23,1607126512,1777761961
victorbaron1,MX,,50,1617918321,1778213453
kartikay077,IN,,7,1548251116,1778244088
twisterlow,FR,,11,1576236652,1778071692
yuddhabir,IN,,2,1582590600,1777988450
lucassenra,BR,,7,1581069363,1742790192
shahzaan_vex,SA,,16,1665084442,1777960366
gaetano1973,IT,,0,1608748014,1778221492
velvethammer15,US,,8,1700535191,1778197547
hkonhelle,NO,,7,1383131767,1778246616
doeni13,DE,,5,1689921432,1776938798
ameenomar,US,,45,1483242283,1778178570
murilobrianna,BR,,11,1507479554,1777504199
choumais,MA,,17,1683563318,1778246414
aladuo,US,,12,1481239510,1778022232
rajchaudhary007,IN,,11,1679071678,1778080478
kirillmironov,CA,,7,1432666540,1776991416
wako0_0,US,,14,1656204819,1777987586
aldo1968,AR,,1,1536354391,1778241607
schachsadhu,XX,,15,1681754335,1778239692
arjithpraison,DE,,49,1643614742,1778244687
yoonswoon,US,,5,1559716922,1778187694
bucharayt,PL,,21,1682149634,1777987590
roju040,CA,,20,1647495217,1778212651
lordejo,PH,,9,1672841332,1778178094
jmarimonv,ES,,2,1711140961,1778182543
malonepl,IE,,10,1607985300,1754390549
mtsuth,US,,40,1383554359,1778209925
not_w0rk3r,BR,,7,1670876719,1778245653
fortisv,CA,,14,1657130689,1778200150
fabpre,IT,,18,1591602051,1778237925
alkods,DK,,1,1490725283,1777987598
xtensod,PT,,0,1673832241,1777987598
malisisimo,MX,,23,1612646987,1778119052
incomplteusername,US,,3,1659406335,1778216634
uvman1,NL,,3,1671915433,1778246690
nikolagolovic,ME,,16,1511649202,1777836755
noyl123,PH,,0,1593524880,1777832825
smldvs,FR,,11,1708735934,1777843842
krempfmat,FR,,5,1619823808,1777527863
mohandalattab,YE,,15,1657287422,1776608365
fatbatman21,JP,,6,1665395020,1777682896
seywi62,DE,,19,1672173621,1772907169
jonny_send_it,AU,,32,1693231011,1778147735
vascoyangye,CN,,16,1668472272,1777396429
4brainsnothingworks,AE,,37,1457231289,1778174828
slawomirk,PL,,0,1524045977,1736290554
2flundrakranar,SE,,5,1671993709,1778243003
varadilac,HU,,0,1660547920,1747169883
arunkumarindia,IN,,0,1420084494,1758443711
pepegon_mc,CZ,,6,1639953940,1735716202
etternal_suffering,AM,,20,1599141045,1777643506
yassirotako,MA,,22,1674217846,1778017074
anassgs,FR,,4,1452266812,1778167857
atul93,IN,,14,1381430001,1777987616
amitmadaria,IN,,1,1648317111,1750934297
prince_dammy,NG,,12,1702545591,1778244393
tribhuwansinghbisht,IN,,0,1664791564,1778244630
prinsfraysss,PH,,9,1681575068,1756012194
japafro,US,,10,1672051765,1773166603
oilujtorres,CO,,2,1691079685,1778245894
loccsta,US,,13,1499125799,1778192937
villantiai,XG,,169,1615851252,1778185959
valeriocolecchi,IT,,11,1603444880,1777987624
chesszombie222,US,,28,1529345141,1778210074
carlos1524ml,PE,,21,1688446908,1773360159
danielfp1999,BR,,2,1677513298,1721579433
chess_boxing420,US,,5,1651521451,1739338116
masquetupequeo,ES,,3,1671058121,1778240864
adamtbhfelicia,MY,,9,1693609866,1778243826
andye1970,ES,,2,1606157361,1778240498
king000doo,IN,,4,1677598707,1777200784
tonkozahradik,SK,,14,1602925971,1777912342
stef8293,IT,,4,1645104372,1778233993
yadudlo,KZ,,17,1680364233,1778244293
cubingokurka,CZ,,23,1659362967,1777278937
joshhiix,AU,,8,1667787697,1776166744
striker2988,IN,,6,1600172189,1737261665
lowsocioeconomicpeasant,AU,,24,1637752956,1774915386
tugrulaydin,TR,,0,1634323566,1745699047
why11600,FR,,2,1595151532,1778215593
onadskey,PH,,6,1649737804,1778245199
djdelaney,AU,,7,1308387894,1777987639
chateumielle,FR,,10,1422368073,1778241822
tanaaka03,ZW,,48,1691744152,1778217018
edgarcasmer,ES,,40,1506644755,1778238949
bhoward1102,GB,,10,1606932337,1778190545
islam916,EG,,10,1574955577,1778243975
anticipatesid,IN,,3,1692273815,1766765064
abironman,IN,,19,1678493357,1778163731
aaarrooonnm,AU,,9,1429754108,1778196229
njumpsq,MX,,132,1534884942,1778246384
xhamledemat,TR,,5,1584126366,1778228293
essam_0ero,YE,,21,1675208501,1778238629
maringbest,MD,,11,1607713496,1778239345
cabtainmombae,EG,,21,1699706814,1778239119
quieroaprender12,MX,,7,1680761985,1777987650
amado2711,BR,,29,1566402396,1778180847
camilanegri,MX,,19,1625250017,1764179179
lukingchess,BR,,7,1675713180,1778182813
apansfinanos,SE,,6,1609941459,1778175185
harrystephen2020,IN,,3,1581138824,1777987654
rawand123m,IQ,,20,1681319083,1777987655
anonymperfi,AT,,9,1686848645,1778241844
dunwoodydave,US,,8,1625698793,1778243918
aco11,US,,8,1351473560,1778239144
benbohner,US,,41,1585631730,1778167531
sir-dijfeab,ZW,,3,1705599655,1748630871
anshuman222,IN,,5,1584373700,1778180383
schuster82,IT,,24,1677098377,1778246009
caycu28,GB,,20,1671912773,1764337536
0m3r_01,IN,,16,1671632765,1777585594
bigreddj,US,,0,1595214273,1746719922
mattshort10,GB,,9,1672180621,1778245360
smg1221,AW,,6,1622829189,1778217905
yeniumut,TR,,0,1634684186,1771852203
gsimone7,IT,,72,1615058880,1778235038
ahmad8321,SA,,27,1619911599,1777987666
pablosanmartin,LA,,5,1256320709,1778207578
nexthomie23,US,,0,1710797108,1739551700
augustbank,GB,,5,1317922494,1778244082
sudeep_dev,IN,,1,1518832698,1778160933
jazztakes,CA,,25,1520190652,1778244792
cifavobidulen,FR,,7,1699979849,1778222452
milosch5,US,,11,1667851284,1778008236
daviejones119,IT,,5,1675863309,1776464964
jphoenixs116,US,,15,1629728103,1767587642
aweakland,PE,,11,1611807712,1778209060
ismai1981,DE,,101,1614081286,1778242808
bruckitus,US,,3,1620239632,1756850877
rookysaiyankakarot,US,,15,1681273832,1777987676
amallias94,US,,6,1656779978,1778096797
marou1305,CA,,11,1635356420,1777147665
peshallkarki,US,,12,1531517715,1778237474
eaq1337,PL,,4,1610448611,1777230069
romburk,RU,,1,1662971384,1776927806
sashageo,RU,,15,1321024803,1747553387
keilaferreira,BR,,6,1682611803,1777987683
merfan22,ID,,14,1550939122,1778244277
isaackiwi,FI,,72,1658995590,1773152561
johannesbeer,DE,,1,1614451286,1778184642
gullious,US,,8,1698532233,1771174074
alcon916,PE,,0,1717586373,1743866780
suprabhsingh,IN,,33,1576522875,1762079301
peedromj,ES,,20,1605522857,1778237954
melkhat,BE,,1,1656306807,1778246840
comeonfightme,IN,,4,1670691675,1778243037
roythedog,XX,,0,1611258140,1778245571
diegobomfim83,BR,,4,1602438000,1755884819
obama_caree,US,,1,1607090062,1647420731
kogmavbyson,TR,,17,1492801325,1728592929
eric-less,CL,,4,1550543258,1773419226
lorenzopanagini,IT,,9,1608543005,1770914261
tsunamisolo,US,,8,1613159371,1777987749
grueb,US,,4,1606760914,1778196681
theleopard911,ZA,,16,1609433107,1769977492
manust2244,CA,,12,1614356846,1718879369
alexdias23,BR,,26,1605730496,1716609172
asoomawaseem,SY,,12,1618260652,1746713970
akula170199,RU,,13,1608129207,1776845162
noahwebb00,US,,3,1611351160,1636016049
saltyapostle,US,,46,1608669223,1778154933
jacobprays,US,,41,1594152049,1778215797
myroxx,PT,,1,1607297000,1778106647
pevar44500,NL,,1,1607456505,1778181069
golden_ch_ss,US,,11,1619308607,1778220808
raftok90,EC,,4,1557518251,1778210016
gdm27,CA,,8,1604172533,1778195848
ylann,FR,,4,1310023920,1754858155
ambbr,FR,,3,1553340573,1765746574
skrilly2k16,RU,,8,1570150208,1773200548
hervemin,FR,,3,1611928006,1665720523
aadankan,PL,,6,1618084718,1778202146
highbozont,HU,,0,1596797421,1637464935
naki444,CA,,20,1614201917,1777987767
newmachgielis,RU,,8,1588841322,1778236483
nicnic123456,AU,,16,1620895626,1777987768
aaz73,RU,,2,1611316713,1664546902
tonyalg,ES,,2,1624060220,1778183848
swap_nil123,IN,,3,1622927725,1778246338
real300,US,,0,1624077760,1641886632
jaimolas33,ES,,16,1612882830,1777987773
cccatch007,ES,,4,1602970000,1778240723
pbonwheat,US,,6,1605669506,1778033005
shockedmirror,CA,,1,1584910099,1629805276
n0brainn,CH,,14,1612048381,1778233504
blunderisonlyskindeep,US,,37,1621264194,1657883984
beeeeeeea,CA,,31,1610739595,1778198195
seathony,US,,5,1481017525,1755614065
cotteleer,US,,21,1611432497,1777590349
marik1343,AU,,9,1606335809,1778060565
zachdaiq,US,,1,1608737517,1774473645
gmtove,DK,,6,1606950745,1778131405
easyquill,US,,12,1609773061,1778196997
areposefulmonk,IN,,15,1591374402,1778219690
crankbishop,US,,0,1623162967,1635174043
talledge,CO,,3,1610452525,1777784208
stealy0queen,CA,,3,1624505685,1777987785
sandyflagg,AU,,9,1605839480,1777987786
brhino9,GB,,1,1603700647,1777987787
eviltoad2021,US,,0,1610810291,1693849320
krusty33,EC,,0,1569178486,1670510344
vatrik2,SA,,15,1624171180,1778156065
discodojo,AU,,2,1616510050,1645412203
yassinsy,KZ,,9,1613326583,1764792583
give1,MX,,2,1623993831,1776897505
shams885,US,,10,1606101900,1775429512
mnmlg,US,,7,1622765592,1758347806
teide99,ES,,50,1609017517,1778241724
skyadler249,CA,,1,1611620562,1718591021
robertomenndez,ES,,9,1605048158,1778215112
itseemedsoplausible,US,,59,1608825078,1778190892
zarbelle,IL,,9,1381929251,1778242173
jonbissette,US,,5,1623977854,1778207751
parksepp,US,,12,1609818721,1745022692
grishka69,PL,,16,1611924616,1777987799
mrsharkbait18,AU,,24,1608504214,1777924939
bitter_melon,US,,27,1608277313,1776714630
giginoo,IT,,3,1599129509,1721851399
eugenpoalelunji,MD,,1,1616885084,1777987803
w1tchbane,US,,7,1624141711,1761929180
batofkrypton,US,,4,1625527945,1777516985
kcotoz5,CR,,1,1536948614,1778181178
alexandruvas,RO,,10,1609272360,1775746191
bking119,US,,0,1611551192,1778212515
link5885,US,,12,1610837784,1778208130
biscarosse,NL,,2,1627034873,1737014292
tobias1701,AR,,12,1611427919,1777762531
krzysztof19810331,PL,,50,1609017802,1778189492
masjen24,US,,8,1627311401,1766236436
armando2811,AR,,3,1629313533,1778206816
discojacko,FR,,11,1612303909,1773911646
damfaunt,IT,,8,1556826550,1778185974
maocse,XC,,8,1606635245,1778241803
miguel_asp,ES,,6,1624311255,1778246184
jdani20,AL,,20,1620104761,1766882409
tommybjj,XE,,33,1484510503,1778239440
paulosturza13,BR,,7,1579097197,1777987818
julesnor90,DK,,5,1626343336,1745321975
mommasmustacheman,LK,,6,1609519987,1777987820
yamakusha,RO,,17,1633385007,1778238108
carlottata,IT,,49,1606163688,1777966389
bloke143,US,,1,1616300239,1778236332
lobox69,CZ,,7,1634545461,1778221857
qartzan,XX,,33,1486468154,1778246575
abd2lhakim,MA,,15,1625418806,1774657454
lunerali,AR,,30,1626064271,1661886148
tommyo1955,US,,96,1389802305,1778229454
iamslowbro,GB,,3,1383691446,1778232784
tim015,DE,,1,1610884932,1777987827
factor08,ES,,4,1446832319,1744386664
strangerondrugs,AU,,23,1630423622,1778221671
askywalker7225,AU,,1,1610007910,1778032689
angeloc1966,IT,,20,1587220039,1778169560
mahoupadawan,FR,,6,1605648485,1775408305
mhamill,US,,2,1477702018,1777503880
pyatnica13,XX,,17,1624285108,1778211531
bgbbmm,US,,18,1376964822,1778203145
fightinfinn,US,,27,1611018577,1778243667
supremeahmed1098,CA,,9,1630859055,1756056640
pacoemilio,ES,,2,1624756327,1777987836
hplatt6,US,,3,1601935718,1777809296
crocsgambit,CA,,40,1617989955,1778173054
irenerl13,ES,,17,1615476959,1777987838
whatsgoingo,AU,,27,1638914675,1778243965
funkyfreedom,US,,5,1587945062,1746992139
ilodyonisien,FR,,4,1580083241,1777976583
stefka1978,PL,,18,1624276622,1690039279
smerek3,PL,,5,1614281464,1778246882
percygherkin,GB,,16,1640905166,1778227444
samsmith1212,GB,,2,1603648601,1778190727
jaymonaro,AU,,1,1593538173,1646438856
dmacgambit,GB,,9,1623760733,1768575982
mathieuechec2,FR,,4,1615978384,1778240713
moslemrigane,TN,,2,1626117615,1670466791
rtber,MA,,5,1628944090,1777820504
jamiejammas,US,,8,1607901840,1778211225
bdevore4,US,,8,1606876966,1777916566
dhiraj2301,IN,,8,1621615732,1778242621
joshmohrer,US,,10,1291593836,1721528448
everious1,US,,4,1534886172,1753791335
jfoxes,AU,,4,1609558431,1778244772
coastaljester,NL,,8,1606549209,1778236486
dinorupt,KH,,8,1686489696,1699075994
massivemu,GB,,4,1673479743,1777987855
zekarim,CH,,18,1620164604,1778176001
marc12565678,DE,,1,1691525183,1777987856
sandroiq,GE,,30,1683702723,1776037805
igorsmertmoskalyam,UA,,8,1679700113,1776228618
fourth_botros,JO,,12,1682608034,1777987859
moral95,DE,,11,1655730099,1778246822
atlassystem,DE,,1,1674475903,1777987861
uunuuuu,JP,,11,1654076529,1777987861
mateolezozo,FR,,10,1621079407,1771011462
cr0wde,IN,,4,1622491608,1772137195
gabrielsabino91,BR,,3,1641814151,1776729507
smitty708,US,,10,1675002321,1778240484
abhaykago221,IN,,14,1628674338,1762832432
corvo_rosso,IT,,8,1651944789,1778082231
pierreandr,FR,,36,1616778947,1778230672
bahebbarabi,US,,0,1703093403,1705469411
domi1111,DE,,2,1483872130,1778061287
kuku2601,IN,,0,1593453405,1762488074
notceez,CA,,8,1673672681,1778237584
apoajonnz,CH,,3,1679137920,1777987871
mussa0099,SY,,12,1523135864,1778228363
garberimiguel-inactive,ES,,7,1695366540,1713038092
tmaz97,BH,,8,1674501063,1759267890
botalike,IN,,10,1682671933,1778226035
culersua,UA,,7,1641477377,1778245953
master_orion,ZA,,1,1681423126,1717208082
timothywarner7,US,,11,1379432282,1778182162
tony-27,FR,,25,1669365974,1778233548
decton,IN,,14,1506173385,1774459747
portaltriad,US,,6,1687225801,1777987879
jihadsha19,ZA,,4,1673084676,1769449398
clokmane,DZ,,14,1663621091,1776597098
stevenh32,IE,,2,1697037583,1750872122
huntergoulet,CA,,4,1667401061,1776297286
dbreazzy,US,,8,1620893619,1778186490
snakes65,US,,6,1674432859,1778244926
alex8ae,MX,,13,1615455079,1778180959
mohammadmmi2023,IR,,0,1704662175,1778079064
vangasthebest,CY,,2,1499370752,1778242831
belloasf,ES,,15,1672171068,1776018698
raufnzr,AZ,,2,1590104599,1777987887
schlafentzugzzz,DE,,10,1630778946,1778236033
bertbret,IT,,1,1644912358,1774116782
shilhom,UZ,,0,1685290637,1778242603
maulnanashrdn,ID,,4,1703823002,1771177238
vosssaint,US,,4,1673140098,1774974995
rchic,US,,36,1613790050,1778145159
sytheleague,US,,27,1608205892,1778244534
amooon2023,SA,,5,1692627219,1776887793
honex97,US,,10,1675904936,1778167875
laughingidea,IL,,30,1581530614,1752507563
freight9,US,,78,1675487979,1778244956
tezzatez,AU,,2,1532507373,1778241919
ols379,RO,,1,1540126679,1777842537
mansenpeter,DE,,4,1702795387,1778226782
mohamedomar19897,XX,,0,1696958690,1745059922
talalaladl,LY,,2,1648552410,1773720318
chess_warrior2012,PK,,13,1590932128,1752412622
thomasburkeiii,US,,34,1522286602,1777755509
tushar3755,IN,,9,1656069221,1778214617
spoerrisuppe,DE,,14,1646771578,1778126745
bootcaxx,FR,,14,1672855472,1777987903
heroeri,JP,,4,1637772849,1778229684
vrpasupuleti,US,,3,1611196566,1778205623
solitarypal1,GB,,9,1613836968,1758566410
hamedsaa,SE,,3,1676544230,1777206537
wave102,IN,,53,1597595596,1777436804
mahdishouman,LB,,19,1673023817,1760535157
aserking2102,SA,,5,1674504354,1777735788
trcereceda,ES,,4,1579371840,1744929244
jerryhorton81,US,,30,1638709686,1778244908
vosendosen,DE,,0,1611577747,1778191039
lakeishikawa,IT,,9,1663840578,1778237074
pinkbeatles03,NG,,22,1662841264,1778101712
kern_koji,IN,,12,1681489882,1722424598
leomusk26,MG,,2,1696142744,1713717245
lthai19,DE,,3,1700254859,1765372207
manoufar,AE,,16,1670209675,1777987916
robmelilo,BR,,5,1614187632,1772293535
nei0405,GB,,8,1668710756,1778108478
julius34567,AT,,7,1671643515,1768920216
nicksmetcalf,US,,12,1616030221,1778209626
toorchess,CH,,1,1673638245,1777987920
augumrg,FR,,14,1554926144,1759086516
adanalibremen,TR,,10,1705950221,1738562978
sri020195,GB,,10,1687731479,1778055403
drippingwilly,XW,,10,1693216862,1775406002
minhkkl,VN,,1,1643876530,1777450463
malcraft73,FR,,3,1610828674,1778056855
satopt7,PT,,1,1689027991,1738318736
kreisson97,GB,,5,1673518970,1778237294
devesh0411,IN,,8,1590642380,1778244411
kingmotaa,ES,,4,1674475812,1778239344
tylerguimond,US,,0,1504231251,1778163869
sea_quest,IE,,4,1690732481,1777987930
tuzamath,BR,,7,1600571706,1727974799
andrefreire,BR,,14,1476484009,1778080727
mg_britt,US,,1,1676152055,1778244121
douchebag_o1,NP,,4,1669629801,1750259610
mo3n69,IR,,9,1529310319,1772253216
x-2232949056,XX,,5,1703113025,1775934506
leonardopaoletti,IT,,16,1645701775,1777987935
usemad,ES,,17,1286214353,1778245533
neews19,MX,,5,1613794052,1778200104
bertonthewise,PG,,31,1677720083,1778016025
arthivadivel,IN,,5,1353999387,1777367358
minicooper3000,MX,,0,1708315327,1734230799
sara-2005,IR,,570,1610498504,1772127710
buzz609,FR,,11,1383109527,1778224462
themilkman1923,US,,12,1697234347,1778200521
stillblinder,BR,,3,1505674116,1777057217
mouadele,IT,,5,1675128856,1762972434
matcha1819,PH,,32,1708474187,1720318555
peefer8,NO,,5,1542952815,1778242008
xatem69,MK,,20,1665588455,1778003914
thisjamishyper,US,,28,1672137026,1774287498
tjc247,CA,,19,1640180170,1775245940
fosdc,MY,,2,1696362023,1778118382
chewrocka86,US,,10,1541875635,1778246017
whitneyjaudian,PH,,7,1611147692,1770396205
manish142singh,IN,,13,1591268292,1778149817
hassaninayatchaudhry,PK,,7,1664367582,1764133871
itsjustmerj,US,,15,1689328641,1778210403
cowoll,DE,,3,1676920936,1778240669
lechwikary,NL,,5,1676972877,1778140202
doplay01,MA,,8,1671721633,1772904013
deepakhm,IN,,5,1555898108,1778232917
acoates19,GB,,4,1605450886,1778096683
mj_tiss,GB,,16,1671787040,1777987957
jakubmxlo2a2,PL,,10,1616677137,1716629328
dom867,DE,,0,1611051129,1778238609
alvaro_almagro_chess,ES,,14,1691254071,1778060377
yodaikiller,JP,,4,1593588457,1778223672
benicio801,US,,3,1683266823,1755621870
tankeke1,CL,,3,1692730081,1777855923
bozokemo,NL,,9,1384274910,1778094738
andredebernex,CH,,8,1675361079,1778227152
juicyypop,US,,14,1661654069,1778239953
chestato,DE,,5,1615374855,1778190547
f_word,SK,,10,1513771640,1778183658
abundating,HK,,1,1675422023,1777987966
hhheineken,NL,,7,1651855294,1778241862
diazabicycloundecene,ES,,2,1607431708,1778239163
fundadurak,TR,,284,1436214015,1778243175
irg318,LC,,23,1612899166,1754928600
11miquel11,XC,,16,1615205957,1778227422
gozcope,ES,,0,1498226452,1778166323
morejoeplz,US,,7,1676335402,1730873502
davegamba,IT,,20,1607382092,1778236089
arielgh,DO,,9,1516667572,1776992651
captainslo,IE,,46,1632832303,1778190866
medalgebri,BR,,5,1697455412,1774249712
maksimkadanilov,RU,,2,1700381643,1778243893
jessthetest,CA,,3,1659741855,1748006779
browntrout108,GB,,7,1681127088,1778240951
cameratheif,US,,0,1644162776,1740345807
suikoden11,CL,,5,1613340207,1776214115
gervaboy,IT,,4,1612619494,1778054522
karazham,FR,,7,1663447220,1755633227
gutsyfish,US,,2,1590442630,1740721898
chris53881,FR,,14,1626616216,1778178781
loseitlove,XX,,3,1699801090,1764192024
yifatyafa,IL,,5,1643099350,1778223003
seylapo,BR,,0,1605763123,1739799248
ehatami64,IR,,67,1615661251,1772215775
lemoxx,XX,,9,1513305079,1778207516
guter_mann,DE,,3,1678046419,1777834054
yuschus,XG,,15,1686590590,1778225930
juliannn_tdn,FR,,16,1674495984,1772199177
siddu01007,IN,,7,1693599023,1759343456
gavrik1901,UA,,7,1643891490,1778220188
chitranjanbaghi,IN,,8,1423845807,1778158932
gambitomartin,VE,,5,1668046369,1771508581
kirito_sao2006,FR,,28,1606151652,1778234126
forg0,US,,14,1588950880,1778241263
lukacempre,US,,3,1496642530,1763184212
circusman200,US,,6,1678405768,1778197659
henrigamache,CA,,6,1591390078,1778198423
eryxardiansyah,AU,,3,1699747752,1722678686
satyaveer7,IN,,8,1697732659,1777884928
kicsicsiga20000,HU,,30,1703672051,1778144154
dpapp8,GB,,2,1578137610,1777987999
boboxxi,AT,,6,1620329289,1769512573
isikferit,TR,,2,1608239042,1727634988
yannblanchette,CA,,8,1687225226,1778211075
bbozev,BG,,13,1698735871,1778245727
schaaj,DE,,10,1623269525,1778242396
parianos3,GR,,11,1609001633,1778246454
ninesecondgambit,IN,,16,1707304429,1778102791
arnongoncalves,BR,,0,1688822941,1774984386
makimakas,IT,,1,1690461027,1759444818
willpowerx,TR,,2,1614976886,1774188799
senators8,CA,,0,1701022150,1778169435
moosecraft210,PR,,11,1679795966,1778240453
brannas,ZA,,4,1578992319,1777542274
elrato0,BR,,5,1668504983,1772606820
genoni,IT,,14,1685839998,1777907488
dduli,US,,0,1712249374,1714227503
iwilldestroyyou2012,FR,,19,1708628658,1776972332
speedcuber173,US,,6,1683160845,1777988013
tobo1717,DE,,0,1708096558,1719399578
twisterblower,ID,,21,1705164358,1778233531
raymanred,ZA,,2,1626109345,1777873257
hendoqld,AU,,8,1667788877,1762063222
williamjude123,NG,,7,1621621114,1777191862
enzo_maurelli_98,AR,,7,1701205237,1775097279
rqmzi1995,NL,,1,1707679179,1778177268
billybojangles14,AU,,7,1705403918,1777799819
bababoie23,PH,,3,1615808586,1755234818
ji5485,IN,,5,1688303500,1713312707
usman-ali-1,PK,,2,1671830542,1778192340
pitucak,BR,,14,1674785398,1778166663
vitoriaschetss,BR,,27,1703553188,1777509739
abdultherook,US,,3,1691238776,1778245718
kocurmarcin,GB,,1,1677183709,1778247218
batozoltan,GB,,1,1612016583,1737666364
h0rsh,IN,,26,1407862290,1775419203
immostwomen,GB,,3,1485037509,1778241839
pallessard,CA,,3,1632331591,1778241319
aryanjain23,IN,,27,1611056150,1744719291
mu96af,IQ,,5,1675094125,1778155028
kyassine03,MA,,11,1699793993,1776957235
godspeli,GB,,15,1431848772,1778203441
rjbroadfoot,CA,,3,1662913252,1778247144
artem-1982,UA,,34,1586950575,1778240577
escanor843,IQ,,3,1496496722,1778243165
losb1987,US,,25,1558146613,1778160933
creutzfeldtjacob,AR,,2,1608260184,1770203378
yellokat,KR,,10,1543749866,1778234261
lexzeppelin00,US,,74,1578107750,1778169933
mignouf,FR,,8,1585593237,1778101520
tenhoqueficarcalado,BR,,2,1641504073,1772601652
mrmalanjiii,IN,,13,1691669784,1777443993
denderendedammer,EU,,11,1701193150,1773836194
saud_iftekhar,BD,,13,1670160198,1777988819
benfesenmaier,US,,0,1670969519,1778171174
vrackie,GB,,10,1692481992,1778235250
smogy10,GB,,3,1704492788,1758450464
tonybaba19,TR,,7,1609931695,1716238089
mighty20xx,CH,,11,1675976160,1732932627
davraca,ES,,0,1543483993,1775617257
opprinceps,ES,,0,1616230559,1770465803
mishaven,PL,,34,1710705882,1728724682
le0nard91,GB,,9,1708207467,1778247247
isplashm,US,,26,1606262405,1774368165
floydkhz,ZA,,13,1695978416,1778235386
mannanbootwala,IN,,2,1675855180,1756314326
arnoldvans,NL,,11,1709679621,1778224979
khalednelsakka,EG,,6,1610744699,1778245754
yadianlopez,US,,19,1675872320,1778201262
lsdbadtrip666,FR,,2,1677822374,1719665852
gopinathbalaji,IN,,0,1523034546,1778242881
poe719,PL,,7,1611494391,1778244494
07migue,ES,,1,1688595135,1719786683
alper087,DE,,4,1660594359,1777500395
noor0036,EG,,1,1709936273,1731545031
topgmaster01,US,,2,1675065910,1778226990
ryanaldous,AU,,3,1586393697,1775117299
papsmoke2,FR,,12,1641298551,1778236880
rqueen18,IN,,5,1706678371,1746102913
acertainplayerindex004,PH,,0,1700436224,1747944558
nes102,ZA,,1,1676142611,1778184529
ddashm43,KP,,11,1677163005,1776295137
yuioio123,BO,,7,1627232908,1778196340
akkijain22905,IN,,4,1589532583,1777988066
tacticalwizard_x,MA,,12,1711662484,1726815745
tbrott87,NO,,7,1706392349,1778228416
ibrahimleo0,TR,,8,1680966976,1767303250
rene_david_10,CU,,4,1674062123,1778173040
hlias1993a,DE,,0,1703914245,1778246134
ytttttjjjjjjj,PK,,11,1655338214,1778230631
vivayo265,ES,,8,1644854528,1778236871
daverogers317,US,,13,1688048500,1778247179
pearlrocket1000,US,,54,1686944750,1778201623
sexeador,AR,,10,1684934519,1777979155
zadgevn,VN,,1,1704987904,1751712251
reyes2950,US,,22,1412222089,1778243864
justintb96,US,,5,1484923839,1778186150
lone_mop,US,,30,1667649366,1778242127
pmimo,IN,,2,1617122812,1777672277
play3match_or_left,IT,,10,1676396420,1778242742
jaredcatkinson,US,,7,1682917190,1777945350
wolverinexmanrs,BR,,1,1621799048,1778037903
vickyp20,IN,,10,1683620515,1776019453
fiffiriffi,NO,,7,1441802488,1778242145
xvmartinsx,SE,,8,1678740870,1778238668
krice281,US,,21,1682611814,1778242612
z0342,FR,,3,1690916239,1778225283
numbbbskull,IN,,18,1621164713,1764790307
imw108,ID,,19,1690977211,1778105823
lakshyadubey,IN,,37,1545983673,1778228393
someonemarco,AR,,0,1653322085,1774912263
ahmad-rbehat,JO,,4,1711300626,1774011250
bigjim2099,US,,3,1297020687,1778245230
astro1070,GR,,2,1704835734,1732291468
np7master,CH,,7,1534595064,1778103369
lever369,GE,,5,1611261715,1778105642
paferoff,BY,,6,1649487820,1778246151
nadunwanigasekara,LK,,6,1678718492,1734256492
joeygarcia,US,,2,1383080117,1743063050
theflaminz,GB,,6,1608340375,1778024300
jud-donyfelix,US,,8,1634129075,1778225235
cplatani,US,,22,1517690654,1777269946
kraldandahakral,TR,,5,1708286929,1777988098
setman48,US,,4,1627686332,1777175456
yautjagetja,XX,,19,1657241539,1778227547
mlkalbhar,YE,,14,1699459249,1720989292
dzersyr,PL,,15,1617552619,1778238106
opaiotti,BR,,33,1616391922,1778200814
bananagee,GB,,24,1557769526,1777543557
martyb203,CA,,12,1635872922,1778194434
zolo123456789,US,,0,1706927566,1757466580
lucas_gen,CH,,3,1676708965,1777701937
hasancamci,TR,,15,1672338448,1769225866
randomnumbers2,US,,1,1666688403,1778211831
athi234,AR,,5,1609891744,1777988109
numbnudderbudder,BE,,24,1627725778,1774638225
hallok123,DE,,1,1673298336,1775729841
aboyoussef86,EG,,11,1699098142,1778243392
patsigg,MX,,15,1584937623,1778210003
ftijoux,CL,,4,1608475335,1778232240
dneysh,US,,7,1689205170,1778187192
junpesco,PH,,11,1613048379,1745318759
bengaltiger7575,US,,7,1432753077,1768417674
reelsvan,XA,,19,1692633164,1735829688
c600k,GB,,1,1605728926,1778157293
pippa007,NL,,1,1603817315,1778243084
omraalali,AE,,2,1621418478,1778245922
johny919191,PL,,2,1676054397,1778018523
treysonderulo,US,,5,1559266810,1777431320
x-5402283565,XX,,4,1646748668,1717362330
lordltheunknown,IT,,10,1671377000,1778193378
elmacc_01,US,,6,1700255774,1778111964
alb7878,MX,,1,1610524122,1778171293
magnetgnarlyson,US,,10,1647919330,1758956028
hellenjose,BR,,3,1629994229,1778203762
kdmoo63,AM,,1,1675577096,1778197214
daniil1581,RU,,11,1683013115,1767948627
pzpfrajeris,CZ,,7,1682142399,1778182490
entycing,US,,15,1604458591,1778190715
mfkdream,PS,,0,1686614625,1777988129
siarhei_varkulevich,BY,,34,1680324825,1778090257
jklv01121998,IN,,6,1649659434,1778238639
redmercuryyy,LB,,3,1673395653,1758980679
m4rcolopes,PT,,8,1604805069,1776519849
pratyaksh015,IN,,14,1691927966,1778179216
warrioroffantaland,DE,,1,1706881005,1777988135
it1252,US,,4,1687871457,1778245792
schreiberfoods,ES,,34,1617211528,1778247263
foldermix,BR,,3,1583075236,1778112007
hajmeytii,IR,,1,1680348136,1772233741
rodrigobrandan,AR,,14,1669099894,1778018824
timflowerkick,DE,,16,1589465663,1778219783
bobo1922,IT,,4,1704664194,1778184865
mannyman121,AM,,7,1702786257,1778217416
evmah,IE,,24,1670041807,1776160157
snipersnape,IN,,157,1588097168,1778247090
itocod33,ES,,29,1610560528,1778240426
tigerfan51,US,,5,1530291789,1751407798
velmnate123,XX,,16,1709113955,1777988145
gst4r,RO,,8,1601880765,1777802427
mariano_90,IT,,30,1693419243,1778245585
nicktait88,CA,,29,1608847067,1777988148
kamlesh5,US,,12,1508332404,1778201532
tgracchus,US,,8,1652539577,1778242964
j_strydom,ZA,,39,1447413808,1778246239
netoxxxico,BR,,4,1631932132,1778209896
omardavidcastillocadena,CO,,3,1619550645,1778198934
abdalrzag_salem,LY,,6,1706650174,1778246059
yoyofut82,FR,,1,1705168655,1775846274
frankthefank,US,,6,1414525404,1774679964
sasha885,DE,,11,1602270823,1778243968
gunnar247,VN,,9,1670978639,1778057733
gordios68,GR,,9,1611386159,1778240760
jaaaacoooo,MX,,28,1694010507,1778202534
liew_1,SG,,32,1692428618,1721033471
eldaymiu,BE,,1,1607862302,1770035248
xenocim,CH,,13,1614632423,1775729446
akipoo,NL,,14,1618765335,1721448753
samboswald,CA,,1,1680277285,1777988162
nickolaigame,UA,,9,1692387587,1767213568
dewolfc,BE,,10,1652109165,1778243721
mr_pote,AR,,9,1640277263,1778247004
mouniramraoui,MA,,58,1690060064,1778245050
pliniommm,BR,,1,1697135590,1777988165
sartou,CA,,7,1532579244,1778229759
okayplatypoos,US,,1,1710606978,1778173397
thelilchris,US,,25,1670822672,1778206219
shimayzz,PH,,2,1693203892,1777280184
reekamtekda,IN,,0,1669994278,1749654777
grimmreaperr27,IN,,8,1695543291,1777988170
sunprit,NO,,4,1608726289,1748536306
gauravvjudsvtrvxfjsurdtj,IN,,41,1695032394,1777988171
mighty0_0me,IN,,44,1591250811,1778238183
hirteeee,DE,,2,1611823130,1777483444
sumit_1505,IN,,8,1684436037,1778247247
klaus0515,DE,,26,1702223144,1778232124
kundalinigirl,US,,83,1700192691,1778217809
gyorfiadam1,HU,,0,1635340339,1777746717
svye,US,,1,1542278294,1778236158
sk_imam_pasha,IN,,6,1706503803,1778247289
modaaaaaaaa,EG,,9,1701702524,1778239315
beavis4,IT,,1,1646203677,1716530377
nedman2021,NG,,35,1615662436,1778246857
hirapius,BR,,3,1609549709,1777489901
balajid28,IN,,2,1454772234,1778175160
angsa-hitam,BY,,6,1616931189,1773387058
platothecynicc,UA,,6,1696958975,1778083303
moustafaabouelkheir,EE,,10,1447970492,1777983980
hadebajbaj,NG,,9,1494850500,1762431001
danijel997,RS,,7,1639311885,1775861355
fragolina29,DE,,6,1705667713,1777665866
romanfin,UA,,8,1624953200,1778169172
jose999666,ES,,1,1689760963,1774986420
voyairiendo,EU,,1,1669575088,1778000397
hatem22334,FR,,3,1671790107,1778187845
mdji13,LU,,5,1610704088,1772045711
benjagarcia1978,ES,,14,1678081241,1778237595
davidacds,PT,,26,1586039891,1778237361
samuelepetraz,IT,,15,1675072552,1778229057
xadrezpla,BR,,1,1670151953,1773536101
sherlock12423,IN,,10,1513825172,1777140965
gaarakun,IN,,26,1586018904,1778170761
pxzero,CA,,11,1607461367,1778243134
vjrioney,IN,,1,1588439847,1748421534
sayedbadawy99,EG,,9,1691313693,1778194805
julstrull,CH,,15,1659384596,1778186951
uniquegamergod,AU,,31,1675490128,1778220734
siri1986,IN,,6,1694503782,1778213919
chesssny,BE,,18,1626986111,1768552643
jbobsquarepants,GB,,7,1670941929,1778246990
ch3ss-1s-bl1ss,US,,24,1685995354,1743831655
fallenm3,US,,6,1675298934,1778193033
kissmygold,GB,,0,1696255125,1778180378
yabuki2joe,FR,,5,1711875919,1771452802
flag1970,AT,,27,1682786600,1778228220
lucilifer_13,IN,,9,1687725284,1778169819
jacc91011,MX,,14,1581380853,1772423194
ridgec33,US,,10,1608064074,1776810673
zerg01,BR,,8,1617630553,1778210437
johnrchase,US,,11,1677297514,1767379177
n1234566,TR,,0,1679464859,1777988211
yournextnove,IN,,0,1709289556,1778221356
vincentbog,SE,,6,1664202408,1777931571
kanecrown,IN,,0,1711781985,1778086124
pedlolane,IL,,8,1617467180,1778238212
javad-joon123,DE,,5,1711238440,1778230881
romaty,UA,,1,1613157413,1734204098
frostjump,GB,,2,1424549356,1775738499
cgonda,ES,,1,1705944234,1763591979
lilgrit7,US,,40,1660681216,1778206739
nickdominix,TH,,2,1604229210,1777988219
saurabhmeena,IN,,9,1595000069,1734796922
overpowes,GR,,19,1712241226,1773165388
tronte7,CO,,1,1646604377,1716588590
robbonautic,AU,,4,1644329076,1778212560
erzurumtulumuu,TR,,13,1680282036,1775210819
kolja-marko,BA,,10,1680858924,1778178716
ooohahh,US,,2,1505175656,1777494138
ironmouse24,IL,,4,1608383406,1744899466
satoru_gojo_99,JP,,5,1685132548,1778202038
iijoez,EG,,8,1609553408,1778229877
axejan18,SE,,5,1660316187,1778195408
themeatman6,US,,6,1676075886,1778187810
ceoofceo444,CH,,16,1668418468,1777987319
knight_of_the_squaretable,CA,,2,1681259238,1778219482
meawww_22,DE,,1,1710947491,1738613651
pamainx,FR,,1,1606765377,1778243869
idontknowwhaticansay,BR,,2,1705786037,1777988233
raysern,DE,,3,1589195817,1751649064
reliofen5,IL,,1,1685247502,1744624272
bms07,IN,,13,1585594570,1778221720
rokyganteng,ID,,2,1712167645,1769262109
hugodraws,US,,0,1612842021,1778242375
dcossia,BR,,6,1690564226,1778197955
alex-the-viking,MK,,6,1685457566,1754921563
maglocarloson,US,,9,1320026934,1778201119
chusdorado,ES,,62,1519938254,1778237184
debbydebs,IT,,6,1646779422,1778244773
pedroodd,BR,,5,1697686844,1778206987
al_2803,ID,,2,1713517796,1753491700
knightulater,US,,9,1584999818,1777948172
diegodieds,ZA,,24,1706349046,1778201445
cest-toujours-moi,FR,,25,1708075323,1778234664
swordyo,IN,,14,1685554513,1772347901
floppyfil,US,,6,1665065076,1777247456
drinder4u,US,,27,1546303499,1778234849
eliotbinkslazone,FR,,23,1610015378,1774948039
seantrek,US,,21,1662586297,1768759239
ziggy316,GB,,12,1611185238,1778222782
fleury10,BR,,5,1681748817,1777918835
xuanhuy0121,VN,,6,1679652483,1775990031
z3us_iwnl,SG,,3,1633849611,1777988252
ferasal-qudah,JO,,6,1634565420,1778169912
the_a2k,BH,,10,1674883757,1774411669
taperruco,MX,,9,1686524140,1778243310
xiuqq,MN,,18,1672666904,1778205779
ale73li,IT,,239,1686603657,1775535562
beginnerpoakodito,PH,,7,1699536860,1778244017
elhectoorr,ES,,6,1713358888,1777988257
wrookski,US,,0,1372995492,1720302973
jliu0425,US,,3,1567798468,1775804376
shivam2701,IN,,19,1588582955,1778163320
strappy21,MX,,6,1656732064,1753167303
wadeadow,CA,,6,1571260038,1778244268
classikael,TD,,30,1675199851,1777988262
rvk14,AE,,4,1666614734,1773572862
who2lu,DE,,11,1635683079,1777988263
xironix,TL,,3,1653895029,1774373533
platin07,TR,,0,1702572742,1778244892
hafeeeeez,EG,,8,1697589213,1778247114
denuyl,XX,,4,1642461601,1778241023
g4fitness,HU,,7,1703731200,1778245948
sorooshfaz,DE,,6,1455035590,1758383376
canardpuffin,FR,,2,1693323401,1777910258
lakshyamahawar,IN,,14,1659542231,1777654138
mirvolodim,UA,,17,1601729714,1765478284
eduardo201284,PE,,13,1701402083,1761608645
berjie,MA,,8,1682362696,1778011454
tync07,TR,,36,1647171612,1778247113
mrmaar,LT,,1,1647542470,1778244660
skr1am,BY,,0,1656869953,1773425449
imnattyfr,US,,8,1669527201,1777710248
crunchy1000,GB,,0,1621467057,1778242222
cyberdome032,ZA,,4,1505549739,1778246406
littleguesty,CA,,0,1552949940,1778198215
matko7540,AR,,3,1572202890,1778210114
hakanbsn,TR,,8,1643309963,1778188118
vibhormalik2024,IN,,0,1714229240,1717075003
noamthegnoam,US,,4,1635272086,1776977901
vicentesanjuan,ES,,4,1663712313,1778245804
tnanarihbmag,IN,,13,1697726394,1776572687
anurag55567,IN,,8,1687536376,1778247156
bigdad2026,US,,24,1442239849,1778209012
amirnabz,IR,,2,1644749349,1778242218
jcobb7,US,,28,1658896616,1742897905
parthraj9,IN,,4,1674123867,1778247290
aplitnick,US,,3,1609203751,1778189924
patel11039,CA,,10,1672941704,1777988288
enzo0864,GS,,3,1699600185,1733027943
magnumagnus,BA,,2,1555981834,1778107115
lemlad,HR,,3,1488713063,1762034835
gugagames678,BR,,10,1602694692,1778191942
boredomisreall,US,,3,1687111642,1778193228
ceberus41,US,,16,1612483439,1778118182
7reveldisciple6,US,,3,1378138867,1778246034
theotheralyscooper,XX,,62,1673095858,1778241521
dripkid420,DE,,19,1642298105,1778098903
ronsunny,IL,,3,1491995268,1778236013
anirudthkarthik,IN,,4,1660390502,1777988296
franckynno,FR,,0,1714066015,1757096355
mk5937,US,,12,1612974881,1764976428
koenv8,BE,,26,1606248614,1778247307
nightmareff001,BD,,10,1678707131,1750607443
carlaaespino,XA,,17,1608827075,1778183189
marvinterrell,US,,6,1697127120,1778244433
mvminden,DE,,2,1715606725,1758624771
because7777,US,,9,1702289208,1777984932
deepesh116,IN,,25,1589520108,1728474911
serkanuluc,TR,,14,1659449899,1778083284
imap1usay,GB,,3,1688067928,1772385494
sadikrama,NL,,9,1479406895,1778171333
boratali,TR,,104,1220582551,1778158913
dollar1974,US,,2,1606617110,1777645774
dharanirko,IN,,4,1705000205,1777988308
ametletes,ES,,6,1617217306,1778213271
c1kk0,MV,,9,1686929291,1778176681
thew0ng,US,,13,1666371821,1778220831
lavan28,IL,,4,1675288051,1728896011
tino98000,FR,,3,1608914044,1778239614
mishabassches,ES,,8,1660404467,1778238371
itsgothamwarpeace,IN,,3,1692228925,1770837120
cenk4488,FR,,13,1646843577,1778172606
cheekyforker,GB,,4,1607099568,1778218433
djxanderyoo,GB,,8,1704392078,1778238555
nigamanubhav,IN,,0,1685827086,1730483539
samaacollectio,AE,,4,1691059196,1778189415
rounab,IN,,11,1345825542,1743252155
albertonenazionale70,IT,,22,1682418536,1778242568
bkmanish8,IN,,8,1690356096,1756289711
petereck,US,,5,1678165065,1778236737
fivehyperion,IT,,2,1610058140,1777988322
tythedude,US,,2,1704426673,1778196294
fojeda,VE,,15,1599054204,1778207759
borna_novak,HR,,5,1517263578,1772006631
v4sud3v,IN,,14,1682765250,1775660913
jehanial,FR,,26,1577992802,1778239480
joseandrescornejo,US,,9,1634159171,1778186018
svelaz231,AR,,6,1587243378,1778122632
sub_69,US,,3,1585740228,1744361761
levencaz,PH,,2,1683381233,1774330977
mamalu24,IT,,2,1714394615,1778245815
leonroma1973,ES,,19,1666612449,1778220050
srmoses,US,,11,1610595869,1778204395
daedae216,US,,3,1483353136,1761877147
julienlavallee,CA,,0,1639505013,1777814852
abhiramxs,IN,,1,1461421958,1778247528
katebi20,IR,,1,1699879908,1772224341
igao08,BR,,3,1623171459,1778018248
saeedbusinessman,NL,,24,1689590847,1760350298
gamzekar,TR,,4,1703638873,1778200862
kingbk2,NG,,14,1710726888,1778221431
danegleasack,US,,24,1639011479,1778174696
iamwhoiam3712,US,,30,1698721473,1777988341
94marc,DE,,1,1691709777,1763283317
nikhilmukherjee,IN,,5,1588795236,1778247021
ngechess007,ID,,7,1648478744,1777988343
serhat3535,TR,,3,1528475749,1776637762
knimes,NL,,7,1631027684,1778244455
mhrem84,NL,,7,1653009983,1778246377
adithadu,IN,,7,1704382722,1751941407
serdengeti01,TR,,4,1679809873,1743077783
croope,TR,,8,1670081839,1778090503
mustfalp,TR,,6,1664048856,1774797350
cochrane2,US,,0,1609982847,1768614443
vdessaa,PT,,8,1697123827,1777988350
durgunay,US,,2,1384850840,1778246787
kepalasemut,AU,,17,1400818043,1778244600
ihsan063,DE,,13,1655417054,1778232434
excitingape,IN,,20,1603529414,1778247180
daly389,XX,,7,1616362539,1775928771
enjoy2,VC,,52,1508837455,1778246650
fireace19,IN,,17,1708677577,1735722984
danloop44,PL,,5,1697054901,1778247411
amtug,IT,,5,1609085677,1778099290
eliapk09,JP,,24,1673057466,1760685125
ghtv247,IL,,1,1719075017,1778242527
aradg2003,GB,,9,1673148587,1778247518
fnovelo,BR,,26,1613499111,1778217391
antonlazorko2,UA,,12,1611729272,1775220274
rub_iks,DE,,11,1612541760,1778246677
yes_in1,FR,,0,1668543548,1768059914
regi_bc09,MX,,17,1714876497,1778242994
freimo1893,CH,,0,1703428959,1721480719
marksunny1,GB,,18,1656368470,1778246774
jakub_krak,PL,,5,1574933693,1768825263
kallakangja,XK,,15,1684975727,1778234711
bellad0na,GB,,14,1692773333,1736305437
bebeachta1,LB,,4,1331836522,1778214030
eureeffizienz,DE,,9,1672615943,1778246128
thebestoneinthegame,NL,,22,1658389807,1778227042
praveen_says,US,,9,1587066906,1778212214
forgetyousawthat,ZA,,7,1674389610,1771788936
macmarsh,ID,,16,1674836794,1778126110
juancostantino,AR,,12,1498288819,1774871931
siddhantkarnik,US,,16,1678312006,1778209120
spwibi,DE,,8,1681378085,1778220539
cagimarley,TR,,13,1712179393,1778190703
kemikmen,TR,,3,1705655416,1746615668
geothermal15,GB,,14,1671134241,1777988378
chrisjj03,US,,24,1675122758,1778246429
popefrancisss,GR,,0,1677094952,1777238796
woutermar,NL,,0,1692172191,1757402385
tau_sigma,GB,,1,1655382889,1777128406
philipholleboom,NL,,24,1609581861,1778147642
mud6969,US,,3,1687353653,1778201996
jarmila18,CZ,,3,1690309719,1778247282
marcosvef,BR,,8,1607911896,1778242226
prakashcastro,IN,,11,1619766035,1778239199
itsjustaboardgame7,US,,2,1620599478,1776890442
mr43bnn,VN,,20,1598419478,1776700564
veryshortname,CA,,6,1673156369,1776286216
aziz_2299,UZ,,0,1705908180,1738936514
santiaac,AR,,0,1542077224,1778238859
drewehret,US,,0,1693606408,1778191718
ch1tachi,RS,,3,1662031027,1776352263
brynhild13,CH,,4,1606897402,1778235797
jrmeepo,PE,,3,1699140262,1778107246
abdijahn104,DE,,2,1584015015,1778196882
magestic228,BY,,3,1711926473,1744863460
pippopippo76,IT,,14,1421127796,1776552440
ajonas01,BR,,4,1684791950,1776726068
edbernal77,VE,,3,1613575740,1763912119
fabiant123,CO,,4,1670608465,1730409475
viganeshgulekar,IN,,16,1630995788,1775137572
thaer-2022,JO,,1,1663582397,1775739886
009wags,GB,,0,1510482835,1778226563
cenk12345678,TR,,17,1457282470,1757615091
stevendjohnston,CA,,12,1683039668,1736132143
pkckdk,IN,,10,1617298478,1747872651
firetcojon2,IT,,4,1656583161,1778238773
ridemycamel,IN,,30,1690268231,1778097848
pc_0806,IN,,18,1525753299,1777988404
krzycho1393,PL,,20,1659747831,1778165625
hapticvision,XX,,3,1612971825,1778244307
fatimabernardes,BR,,19,1652884510,1778185055
andreslopezcol,CO,,13,1585614147,1767590561
tamsih,DE,,4,1683662554,1778105980
swamper1212,NL,,14,1608070718,1778178356
skorpionas,LT,,7,1393592458,1724766488
tpadmanaban,IN,,44,1622459613,1776660072
ricodelprado,FR,,7,1616666852,1778096140
deke1982,IN,,2,1533370091,1778246020
lucaspc,AU,,5,1431080744,1774146558
njole989,RS,,7,1693479034,1778227774
aniares,CH,,5,1603571652,1778173486
hvsped,BR,,10,1614085146,1778177431
jeanpolkoutsis,VI,,22,1674489409,1778247256
hadievine,TR,,4,1638897964,1748427520
danielbfuu,BR,,20,1614046787,1776250685
oscarsigfredo,MX,,4,1601779415,1778193174
2-izzi,PH,,2,1674025349,1778176505
abojabl1998,IQ,,4,1708451852,1778177179
martijn_vd_werff,NL,,12,1673511166,1778243705
zanaabdul,IQ,,54,1527275579,1778245239
plepow,ID,,18,1642909058,1778213692
ntenj,GB,,8,1546806602,1778247098
qnar1kk,AM,,13,1703536971,1777988424
kirubakarsankar,IN,,11,1531316193,1777653328
luizpereira73,BR,,4,1609273776,1778032703
joseca1212,PT,,4,1615636351,1778243756
rarh1232,XX,,5,1681834385,1778239359
rpatich,GR,,2,1673033528,1778234326
ishmaelmachengo,KE,,6,1515433091,1778237276
alphaqpleb717,CA,,9,1673494002,1778209699
cardawn33,EC,,2,1698277097,1765928312
albertoocegueradsg,MX,,1,1661651416,1778217004
xkilluazoldyckx,IN,,14,1629009715,1777272769
summitxvi,US,,1,1669247488,1777943491
mando655,US,,3,1678047942,1758043745
nassimhail55,MA,,35,1651025753,1777584506
lndrh,EU,,1,1682780207,1778232221
juned_ali,GB,,7,1704832114,1778238331
hassan8734823454,GB,,15,1673036793,1778113693
cristiansantos11,BR,,3,1673974651,1735278155
arthurcpdc,BR,,5,1584320353,1778193144
torito0028,CH,,2,1678199547,1778247096
maamunh,GB,,15,1680454938,1778227985
cyari199,DE,,7,1693944074,1778247423
erosocean,XX,,77,1603894060,1778191799
speederone,ES,,9,1617435593,1778246531
dimitris7163,GR,,12,1607605718,1758215492
chesssbrah69,US,,4,1663836609,1778202950
soaresja,CA,,5,1697071409,1778185750
sladkiy29,UA,,3,1674398692,1777919084
dremoney010,US,,10,1656983070,1757652562
stinkypantssupreme,IE,,4,1623869507,1778187776
ylmzmusic,TR,,9,1678644546,1762720165
tombro80,GB,,18,1584982858,1778214639
quantumizer123,US,,1,1714529589,1740169190
frdynsh,ID,,3,1606628444,1777992686
omglarry,NZ,,10,1660550479,1777949586
amar3601,CA,,4,1711863756,1778200664
mo3geza9494,EG,,7,1708350534,1778151211
kh_nyk,PK,,27,1459916106,1721701785
peterroes,NL,,3,1697030802,1776411050
chichazi,ES,,147,1677945344,1778224931
eferesz,HU,,1,1701120252,1778212017
maju5359,CO,,6,1716490417,1778211910
insidemoraes,BR,,0,1715291632,1778209858
saurabhk17,AE,,6,1594582946,1778150714
nicoguta,AR,,18,1647201059,1778244099
chrsserik,DK,,17,1676412512,1778242058
mahabdellatif,EG,,3,1697745707,1777670675
pericosmall,ES,,24,1534797579,1778247151
voelsung,DE,,2,1673296115,1778226719
rsouzamduraes,BR,,19,1642727232,1778246419
nukaz,US,,50,1567285886,1774755853
samueletta,NG,,18,1669473710,1778185144
gomazl,TR,,13,1715370339,1778228997
abhishkoirala,US,,1,1450492052,1777345103
rehtsej,PH,,4,1611758444,1778119486
cf-macleodofdunvegan,US,,5,1412015168,1777962883
wilsonsemedo,PT,,12,1427363359,1778233039
kosma0,PL,,12,1606164037,1778247212
silmaril2300,US,,23,1673192130,1777952257
koncinar,SI,,18,1332701328,1778167780
beyzashi,AT,,6,1702918749,1774199079
mtzz550,BR,,14,1666422089,1778169730
lenoir59,FR,,2,1613979220,1778233838
davidogni,IT,,14,1368624698,1778245383
niemiec_0706,UA,,4,1710007130,1777988474
nivnicka,CZ,,5,1653929977,1778215698
mozaikartifact,ID,,10,1616140009,1778207918
z3k13,US,,45,1591227167,1778244751
xxxx333xxxx,AM,,8,1673478418,1778134395
manodk59,FR,,17,1542837435,1778195079
tologon777,KG,,3,1685721608,1778225422
axeleinar,UY,,71,1496881920,1778199898
gonnaz,AR,,13,1495421494,1778243045
vaibhav_0_00,IN,,4,1620565265,1767707989
pr0nix,UA,,6,1676461895,1776748693
ashermega,US,,27,1591746367,1778218588
santi27arg,PM,,21,1508085505,1778227637
peterhengstler,CH,,13,1469350849,1778242022
hammam_jallad,PS,,20,1672944770,1774831351
jojotankski,ZA,,3,1676293075,1777988486
atomicsan,IN,,38,1601752805,1778185075
rasputin0007,CZ,,8,1606493712,1778132528
ameerwhy,PS,,19,1491643369,1778229159
yumyum1265,CA,,9,1419528240,1776873103
mariojuana23,ID,,0,1631042754,1751660637
acougante_aguillon,XG,,12,1550485434,1778247370
aspi4a75,IN,,2,1714987031,1734756374
joseterevienta,AD,,19,1675783199,1724934333
yourqueenismineee,IN,,3,1591622727,1757749909
aleasr10,IT,,11,1648576737,1778058366
390af,IQ,,14,1701542054,1778231864
xrylv,KP,,4,1686557335,1776963830
ashersilber,IL,,56,1618240689,1778216337
emanuel1208,CO,,3,1623460110,1746478803
serenaboy,BR,,6,1560622494,1754940984
borisdandov,GB,,6,1609610508,1717204768
sturdybroth-er,US,,85,1612151940,1662633012
alismaktig,US,,2,1523977511,1778244476
onrouleunpet,FR,,0,1590843130,1777988739
danmohan69,US,,2,1605040596,1728152565
maxwell5109,PL,,10,1541926442,1777988741
tombola1892,DE,,7,1592296003,1777375445
arek1987,PL,,6,1609849301,1733590455
ghass23,TN,,38,1614911058,1778186513
iaint65,GB,,2,1629667095,1778186751
tibopino64,XB,,4,1670580959,1776020001
pedrinnn10,BT,,5,1675556412,1776895979
emigooor,PL,,0,1690690553,1707178869
maxpekas,CL,,26,1615149049,1778239339
crisleal123,BR,,4,1669502238,1778161266
jadenoates12345,US,,10,1673767856,1761510174
zorozod,IN,,27,1692873249,1772810130
makiddern,US,,4,1695953693,1778188546
pioloko,BR,,0,1606153173,1778177423
montanaruhrgebiet,DE,,11,1595243246,1778218569
elgannouniadil,MA,,22,1542823972,1778188339
danielgerber7,AR,,37,1586917366,1778245289
daschnori,DE,,19,1672094770,1778242515
el3agamy,EG,,13,1639755063,1773275137
edhia,MG,,12,1576504696,1778075331
ravoknb,US,,6,1593631529,1774198041
saber_dz,DZ,,30,1694257204,1766527061
mugiwara2807,FR,,4,1640600484,1778228475
tobeylex,SE,,82,1419617143,1777923534
marialucianotavares,PT,,25,1650029594,1778245832
ailym1,DE,,21,1665112278,1778244204
vonwegen,DE,,2,1629667020,1777229633
papacoasty,US,,13,1686797508,1777206923
bandanz,US,,37,1653874937,1778247573
talhakhan008,PK,,16,1592430699,1777988765
quentin-244p,FR,,27,1617803708,1778091617
xxteriyakijackiexx,US,,3,1678474296,1778246208
suyash_13,IN,,3,1607434193,1777988767
shellcar,BR,,58,1545499034,1778162779
ewaldromano,IT,,8,1258011120,1778227292
audise,CA,,9,1694556919,1778073578
kherda,US,,0,1702931638,1778247763
ananas15,CA,,6,1577761131,1777988771
renzomorann,US,,3,1676559217,1778219978
caligirlgambit,US,,60,1694991571,1778232806
tachiprin,IT,,10,1621613450,1730830139
random_human_007,IN,,6,1657308324,1778235791
ramich1,LB,,3,1660582970,1778242842
belfan,CO,,11,1511405776,1778246820
lime44,NO,,7,1544533091,1777988778
phonnix,IN,,63,1664709684,1778247330
devezovski,BR,,7,1706444680,1777988779
alpensepplluis,DE,,0,1610392845,1778211644
sandergoor,BE,,5,1611105142,1760667646
yayass-04,DZ,,6,1701967708,1777250117
dorschbert,DE,,1,1612288194,1778219188
adm020,XS,,22,1608596416,1778247012
yoon4s,FI,,16,1703854108,1778238283
michal475,PL,,1,1667694863,1723625360
logankeith98,US,,8,1669774165,1778241759
aleksandrsave484,RU,,2,1622275740,1772976456
crumbles82,US,,22,1704027974,1778222119
john818,US,,51,1335720700,1778247785
mikeyfromcali,US,,63,1608588261,1776850183
marabmirsan,US,,16,1532663037,1774117629
thevanshyadav,IN,,27,1681386449,1719145969
0kermen0,TR,,6,1703263285,1777680251
1atlgider,TR,,2,1678710067,1778243420
waelsh7,NG,,8,1678943300,1778202912
mrchristi,DK,,9,1631034823,1778239981
iomerdoso,IT,,2,1685732372,1743871857
lazzy_demon,IN,,23,1646996916,1778222990
deepakchess1207,IN,,19,1604062240,1778246999
daytong,US,,9,1592522896,1778151482
soerst,US,,0,1507759089,1739918437
sam_462,IN,,6,1675237423,1778011728
pablocerqueira,BR,,3,1704903139,1778238593
king_almuh,ID,,1,1713774536,1730274301
mandosha,CA,,30,1419895112,1778242825
sanji_san23,MA,,7,1683568451,1778242553
brida82,BR,,2,1696617910,1778171472
chesswizdoc,US,,10,1597103080,1778246927
kratos1-1,US,,4,1670304248,1778229934
kyllingfot,NO,,9,1605513193,1778240312
student-1122009,IN,,5,1712412757,1752933787
carcar93,FR,,15,1702547562,1778241684
pangorian_lumban_gorat,ID,,3,1720620066,1767493074
mukeshrathod96,IN,,0,1673203204,1777043984
sungokong_v2,ID,,3,1656509205,1748344903
machadosm,BR,,15,1674822783,1778246477
mcrhens,PH,,12,1614127159,1778245524
gian_c7b,RW,,0,1724332417,1725566357
sohit05,IN,,2,1694087961,1728581624
sabrah95,EG,,4,1715502550,1778194778
gm-og,US,,18,1681963264,1778095289
saad5414212,PK,,12,1679009356,1778201537
mj_700,ZA,,9,1717691407,1767113726
bigpraxis,PL,,15,1676489074,1778090297
duplo1234,DE,,3,1681733355,1778235408
jo_rusty,BR,,36,1634873011,1778240655
mrmistakez,ZA,,1,1719772491,1732774923
valeriogaliffa87,IT,,6,1631456641,1778167681
abelmoriarty,PS,,23,1607540439,1778191412
omar1666u,SA,,3,1677722379,1778245018
zreal135,NG,,16,1504295311,1735220600
bogey177,US,,28,1549828544,1723459639
texaspacker,US,,3,1507752319,1759765610
pawnnstarss,US,,6,1604757837,1778052150
rook474,US,,1,1611655446,1778052151
prepared4,US,,14,1409427223,1778192153
cedric_k7,CA,,2,1605145546,1778294695
samcanbakkk,ID,,5,1616839992,1717511671
robbbbzzzz,NL,,2,1532756254,1778052154
mega_batata,IL,,7,1606116355,1755947528
zefircromo,IT,,6,1612460333,1698333756
samkassab,US,,2,1617002810,1624277641
komiegaj,US,,16,1581709048,1778285765
yohill,XX,,9,1599645005,1778304900
noxy12,PL,,3,1451566655,1778052158
brago671,UA,,11,1610790196,1777584843
marcus140100,NO,,4,1543687893,1778282867
etxrnaty,GB,,1,1611897179,1758305934
omies12,US,,12,1538176890,1778306803
rinchudawani,IN,,2,1694964071,1748547060
diceoo,XW,,15,1674886833,1774364134
skr5ay,IN,,2,1691813665,1778266458
finnrmacd,XS,,9,1640622486,1756205876
x-9452342872,XX,,0,1639745701,1778052165
bhavesh9729,IN,,8,1670759468,1775544624
greggygats,US,,9,1676164895,1778294652
turduckenmaster,CN,,0,1693397909,1778052167
lecaso,UY,,16,1585507705,1778287949
nidelicasparov,TR,,0,1706786137,1778052169
deadleba,DE,,10,1635323566,1748448124
dynomac,US,,2,1592076915,1778280760
sniaga,IE,,7,1678126982,1778232114
sazybae,PH,,2,1694001330,1778052172
deinahanna,US,,50,1425773780,1778311261
enzopaniceres,AR,,18,1638411040,1777479375
ahmedmoro88,EG,,1,1682977328,1778274188
theroywilliamsenator,FO,,3,1699551739,1778052175
gagan591987,US,,14,1696096502,1774095130
traceysebz,IN,,4,1711530707,1778220785
amilanov,SI,,41,1660435976,1778260680
pirx_bln,TW,,3,1636475935,1778269706
rasmusodk,DK,,20,1680114403,1778241626
jgabagool,CA,,0,1706125230,1778263074
eulpoupoup,SG,,8,1647697676,1778311310
liberty564,DE,,2,1715555527,1767554044
johncs94,US,,5,1596656805,1778275797
chseschild,KR,,9,1713380340,1778145497
md379,TR,,2,1697006681,1778310586
mokshmakwana,IN,,19,1640147387,1778309923
queenhuntertmc,US,,51,1635625586,1778193561
djoko8,AU,,10,1645611160,1758939517
happy_217,IN,,30,1647104466,1778291764
suitkey,IT,,4,1611620589,1778306221
andreibalean,RO,,54,1439821475,1778275514
doublepawnbestpawn,US,,7,1481928409,1778291093
aexavi99,VE,,10,1655909401,1776808293
davidbubu73,MX,,5,1678136084,1777305883
intense88,GB,,1,1588269446,1777653890
paulmarnat,FR,,10,1609439830,1773959267
ramauskas,LT,,14,1616374648,1778018952
okelsy,PL,,1,1516740276,1733247999
itmoi,US,,10,1707853147,1778306979
curedresin,US,,2,1697297703,1778268739
javier1466,UY,,14,1695474772,1778296336
kerim1975,AZ,,13,1482578517,1762892568
tourab_il,XX,,25,1625441772,1778290199
mauro1300jrm,CL,,1,1673449316,1778052198
csaraugust,EC,,20,1610514157,1778290063
raider097,IN,,5,1654970241,1751102682
crisu1990,RO,,2,1675197485,1754901073
pandakens,MA,,20,1695072787,1778033276
rabbux,FR,,6,1630688691,1778307400
diddydu,KG,,15,1587521251,1777616461
getemall1011,US,,15,1611764119,1778195765
theponnyslayer,SE,,19,1684682032,1778270819
jackclosser,ID,,4,1636533265,1778297380
shankumar231,IN,,1,1512922554,1732265356
naendi,AT,,9,1614704302,1765905697
padmanjalipriyadharshini,IN,,0,1719489558,1778240761
faivan08,ES,,1,1700430391,1778273848
noobsville,XX,,2,1604042477,1778255699
ledffdfd,VN,,0,1720669673,1725003507
4solos,PH,,18,1699316356,1778295489
pendergras,ZA,,8,1713813452,1778010000
kukimokonyane,ZA,,17,1686073456,1733734168
omarashrafmahfouz,EG,,6,1679658601,1775317883
ajuladia,IN,,9,1592572881,1778217809
jessefaden1015,PH,,4,1646109589,1778295405
samysamy0,IT,,43,1683728810,1778290016
andyv00508,VN,,7,1642418112,1778296657
karan22s,IN,,22,1518180077,1778254593
x-7891933071,XX,,0,1720759198,1766993761
willlllllvv333,GB,,5,1641993070,1778052217
yassinebenomar,IT,,6,1477610502,1778274107
yassine_mj9,MA,,19,1699036077,1778254387
luizeduardobs,BR,,8,1702492596,1778296279
albert3d2021,XC,,48,1616012619,1778310551
qcinco,CA,,47,1543673463,1778308323
chinetex,AR,,3,1509918764,1778266630
samana252,IR,,2,1716543723,1749199781
zfitter,BR,,1,1635733015,1778020394
raychessy,DE,,6,1386176231,1778260818
fitsumd143,ET,,6,1686725121,1773211980
mohammedduraidi,JO,,10,1610901120,1778219829
nazz231,SA,,94,1631765097,1750497897
ell_nino,XE,,0,1720907217,1778052227
cailloumoreau,FR,,4,1555478085,1778174397
fenix15748,BR,,55,1664403017,1778301901
maxuserpayne,NL,,7,1692975634,1774308079
droth12,US,,15,1676180438,1778114772
workman2413,US,,1,1708197537,1778296305
devrajpatel,IN,,7,1394116246,1771575690
pttswe,SE,,47,1526661432,1778265417
mistermagoo08,BR,,24,1607278223,1778228883
bhuvaneshwaranloverzboy,IN,,14,1624906689,1778240860
unnikris86,US,,0,1691880040,1778274392
alather,IN,,13,1615638831,1771556391
dizzynuts,US,,5,1609379485,1777341513
drim88,PL,,0,1679407383,1778275231
casper6161,TR,,17,1620764974,1773573380
jisuscraist666,ES,,7,1613135674,1778175099
asklyz,XC,,10,1607119289,1778311414
forhuden,NO,,3,1491663356,1773350655
amd1312,IQ,,8,1713502643,1759349869
christucker07,JM,,19,1677476433,1778251441
nataliaricotheran,PY,,1,1712978371,1778052242
marpuj,XX,,6,1677362177,1778256447
salk2,BR,,0,1618263060,1731929613
jack_themom,US,,18,1677096110,1741893737
mschess2305,BR,,5,1650321923,1778240223
akajonakajon,IN,,7,1551975645,1778310193
21steven21,BR,,0,1692395093,1778308617
checkerjaydoubleyou,DE,,4,1705836386,1778310072
hbx23,XX,,2,1686399111,1778311068
huntergolden0124,US,,4,1462301194,1778052249
yourworstknightmare38,US,,5,1626833054,1778306325
escaravelho89,BR,,11,1697239967,1778288320
udut234,ID,,7,1574500657,1778307205
jacobgalitsabobo,PH,,0,1706626076,1778052252
traisterr,PL,,10,1681976558,1766903724
guilleal59,AR,,3,1615586945,1778186470
toranox,CA,,4,1606771739,1778266153
qbrique,FR,,20,1664134603,1774668110
coolhand400,US,,4,1643832085,1770702646
papimapi8,BG,,4,1586033355,1777888249
smokii_dxpe,ZA,,13,1394906898,1778275685
rezarezareza74,DE,,1,1462798244,1730999318
bertus_96,XC,,25,1578667720,1778268231
ramazancan1234,TR,,34,1582655640,1778259301
its_himanshooo,IN,,0,1598635504,1724690645
maxz71,ES,,2,1610230285,1778306954
wurstsalatmitpommes,DE,,25,1666038899,1777805509
jorgeperez85,US,,0,1667752069,1773365628
alphashrmp,US,,6,1680993610,1778301976
-death-,US,,8,1235047789,1778270296
destro172,US,,5,1672892148,1767825710
khushgolchha,IN,,5,1719390018,1731856460
alfredo62,IT,,7,1378134827,1778251448
neilsauter,US,,0,1683264013,1778275348
mromero,MX,,11,1262055706,1775599413
ahmedrom,TN,,4,1692374389,1778278223
juan20144,CO,,11,1607900679,1778052270
polyphema,US,,1,1697403555,1774237672
ai7744,PH,,2,1696374009,1777349583
janniechen,US,,7,1629385077,1778295560
omarmalabart,AR,,11,1691934794,1778052273
3vo7v,US,,2,1693438916,1722989777
ahokey14,US,,1,1659724408,1774728900
zabazongo,ML,,4,1678566936,1778272687
dino22272,DE,,2,1612022718,1778257630
abcmcht,FR,,5,1589012698,1775130311
mehe_mohamed19,DZ,,3,1704991637,1778288306
rabbidogg,US,,81,1560918186,1778297390
kazham1952,ES,,17,1641674633,1778250218
gmarcatto,BR,,0,1611896670,1778304528
roko6789,IN,,20,1626763505,1775629785
thezhim,US,,4,1675547125,1778122780
aatthh,LB,,9,1688191885,1768115460
maxiseka,DE,,0,1711281012,1778283787
kampa1234,IT,,9,1664112830,1778304859
ade_chess,NG,,13,1541437389,1778310760
babarthefirst,FR,,11,1655481148,1778052285
asliagyat,IN,,21,1676833675,1753193140
moh6m6d,JO,,15,1702286591,1760353285
thiubini,BR,,5,1703376978,1778262144
xy1992,XX,,29,1653470383,1778311475
tugbayksl,TR,,3,1640287780,1766436516
greenlion71,LU,,2,1611353875,1762688074
estocolmo1,AR,,0,1710118659,1778282079
delboysound,GB,,4,1677900893,1778282232
its_aman98,IN,,56,1682498256,1767804577
josehchess-1990,BR,,104,1622655512,1765909219
aliceintheskuboomerang,HR,,0,1660386788,1778146834
incredibleegg,US,,10,1584552814,1778249978
gymen88,AR,,7,1544032712,1777917904
2win2win,MG,,42,1446308458,1778299811
remagllort,IN,,14,1659038498,1777670651
yaitsoo,RU,,0,1707277188,1769321467
goopsyyy,AU,,1,1612767709,1778297591
kubakostanski,PL,,7,1644662605,1778282106
superyames,US,,4,1654540321,1778052299
emevo0,ES,,8,1681122755,1778277651
allieawsome,IE,,96,1670240434,1778310160
7mothseh,SA,,23,1606230787,1772927009
nnn005,VN,,6,1695471858,1778303228
niksavsek6,SI,,13,1717925937,1778012002
kerigma89,ES,,3,1680365790,1778311042
sjaak92,NL,,1,1619341539,1778179257
jcotton2618,US,,5,1674153333,1778273896
pedrogarcia123,ES,,8,1709118224,1778052306
duynam-1211,VN,,2,1705101387,1767405650
eduardoa93,MX,,8,1682990659,1778190905
rashidkar,CA,,8,1559860734,1778052309
poneyff,FR,,6,1666384323,1778244786
kexlaker,SE,,8,1611962830,1778076490
alekazam85,NO,,18,1392560800,1775922463
agentaero65,CA,,7,1676828754,1778295891
allanunfiltered,AE,,13,1607500692,1778305619
jonasbolado,BR,,4,1609859302,1778260410
yhglqmdlgn,MX,,10,1670393543,1777346347
benjey85,DE,,3,1691410290,1778052315
robertoramirezr,VE,,16,1684517242,1778258142
yusif9019,AZ,,5,1715707481,1778052316
decastor,BR,,5,1585151909,1778174590
megaszkodnik14,PL,,25,1610284968,1778224738
azael0806,PA,,14,1610200429,1776046132
nowyouseeme111,IN,,6,1695838727,1778311502
shadow007860,IN,,6,1671606751,1769762492
princess_bubblegum0_0,BY,,14,1699944452,1778024117
x-1864470356,XX,,0,1646103782,1729480924
hutaohoma,ID,,1,1717949785,1778052322
alaskareddy,US,,15,1524728966,1776758299
vitaly120693,FR,,2,1708768275,1724485936
rokyxml,ID,,5,1718019167,1778052325
affinitymlg,US,,8,1567919883,1778052326
viceorzist,DE,,5,1642280344,1777588884
dkeller451,US,,8,1510168181,1778052327
barber67,ES,,23,1590271195,1774218627
mario8449,US,,4,1704575467,1778299634
gigagogishvilii,GE,,2,1505485759,1773814947
sirin27,TR,,5,1633774368,1778276823
lamalasuerte,UY,,22,1650642458,1778031916
scxrrdakilla,US,,4,1671705998,1778052332
jeetbumrah,AU,,20,1656314567,1778301796
noobtochess10,MV,,2,1676533753,1778052333
andrewrhino2345,IN,,2,1699529648,1741689712
tttthunders,FR,,9,1616790337,1778283966
duplo36,BR,,10,1609022366,1778198355
lethaltiger,HK,,3,1546425437,1778279659
shemuldev,CA,,4,1697470655,1778301286
konaraa,PL,,2,1680046187,1750546890
chessserene,US,,0,1706577181,1778308589
peyton66,US,,3,1608089954,1778308111
catalinbzy,GB,,13,1676295145,1729921857
thompson7777777,CH,,1,1696003967,1778281799
lanisce7,HR,,3,1710860302,1778311183
illllllya,RU,,24,1618338752,1777479579
dragonvariationduts,IT,,21,1658859715,1778283279
mulaffarcist,DE,,5,1680248063,1775240191
erhula,ID,,1,1718168405,1778222715
vilaca04,PT,,4,1613647542,1778300882
sushovankumbhakar,IN,,6,1682952698,1776083400
araktaros,HU,,15,1588184898,1778193129
nimby01,HR,,1,1714322999,1778278759
torrelsea,US,,38,1546822874,1778302766
gnnmsoaw,HR,,8,1628604224,1778268288
2024mag,US,,0,1720979768,1778052350
19130268al,MX,,8,1661985988,1762375452
nice_to_meet_you11,IL,,27,1681473495,1764273119
aksharanb,IN,,55,1547901732,1778276168
soubeto9,BR,,4,1589739429,1778295075
jmacmiller47,US,,21,1674616951,1778300985
zaquinhazaca,BR,,13,1690381092,1778249187
ravigangaraju,IN,,25,1631561390,1778272498
gustavo_dandrea,BR,,4,1612281713,1778120707
harmanjotsingh06,CA,,26,1596045374,1778292219
rhjvos,NL,,17,1672331782,1778307184
gallorojo1947,AR,,7,1656126817,1778285801
javilatini,AR,,0,1687484919,1778052359
adamhabibi1,PL,,10,1627832142,1756722834
tejaswiarukonda,CA,,11,1587667838,1778265344
nairian,US,,5,1676143736,1777926798
jpchessgame,LB,,23,1609279057,1778052362
nicolako93,IT,,1,1688752863,1778262533
gandslfwhite,DE,,3,1719925898,1778052364
lateknightrides,US,,5,1686687547,1729014085
cucia,IN,,38,1499953348,1778302276
trickieknight,US,,25,1506833283,1778308538
bakubakowski,PL,,7,1674255712,1778310986
the_venerable_neale,GB,,24,1684354446,1778271616
secret_chord,IN,,33,1581748551,1777890259
steviie1888,XS,,9,1694151881,1778275624
charles1854,BR,,657,1689356335,1778284384
mengestab,NO,,21,1502391543,1778052371
dededollin,ID,,10,1560957776,1778253674
gaelmarion,FR,,7,1645867534,1778253752
hrivirat,IN,,10,1704822658,1778293532
mis_frankenstein666,US,,121,1702395457,1778260685
sucex20,NG,,21,1618862920,1778226031
thomiadalbert,DE,,7,1690149195,1776964590
yaserfakeer,NO,,50,1590964532,1777382197
benz21388,QA,,8,1580651124,1778293625
2000iqdonut,DE,,23,1645867772,1778303287
smbamkrtchyan1987,AF,,5,1665170666,1749274466
christianawe1,DE,,15,1682762056,1743508393
ckatar,TR,,2,1679389781,1778052380
marco4d3,IT,,5,1608639913,1778264167
ahmadreza36,IR,,25,1683147974,1772259130
axeladriama,US,,7,1648001990,1778275964
alejofco,AR,,2,1690594311,1778293031
letmeseegg,GB,,4,1582245643,1778309659
sherio806,AU,,5,1610278681,1778185251
eimaioantonis,GR,,18,1633775557,1778052385
kkaannrr,IT,,12,1674914498,1778221256
pelizel,KE,,6,1671741953,1777619671
afirmator,FR,,18,1695990559,1778137283
tapvatiiii,NL,,1,1448277199,1778052388
poffethedude,SE,,18,1606509927,1759669386
bhuttsell,US,,17,1329038299,1778303748
daredavill,PL,,2,1609849878,1778279741
letsplaychetz,CA,,0,1705518425,1776571666
gabomestree,BR,,3,1720821113,1778052392
lupoxz6,VE,,22,1663294548,1778289776
loloponezu,RO,,64,1593675712,1725399876
alexyoung2234,US,,6,1652154776,1778278865
jooaae,EG,,0,1703897016,1727686286
false91,NP,,1,1702624838,1773585381
enchantbee,AU,,13,1642491006,1778304552
conconcon,GB,,7,1328376010,1778305950
dominique-firouzja,FR,,12,1613333063,1778305954
andrey_boiko,AT,,7,1685393148,1778262953
brigog,BR,,14,1607983072,1778293045
joswon1,MY,,24,1715844125,1778181666
oleg78vinn,UA,,12,1683228097,1778179583
chessstrategist101,US,,23,1605207691,1773739517
1izzet,SY,,11,1714310025,1778284638
rajaapiozai,ID,,6,1614780614,1778310360
grizzlypanda44,CH,,6,1605011089,1774885375
deltati,PH,,0,1716868718,1778308740
cibronnethis,DE,,16,1675687676,1778271124
mayochup69,US,,18,1632668496,1778210304
thepawnsfile,US,,12,1500493156,1778290926
phantomdelux12,IN,,5,1682525397,1778306978
b2f_aman,US,,16,1612779767,1769264807
pasi4683,DE,,12,1616341982,1778307690
emrepakslaag,NL,,6,1713121967,1777900972
tupa1_permata,ID,,13,1682518420,1751631656
suhepx,AT,,32,1608512584,1778172940
sharpetash,GB,,6,1718663384,1778281538
kokan89,LK,,0,1416445874,1756033640
psicomant,IT,,23,1234046338,1778256063
mkstrikr,AU,,32,1680000527,1778310619
adrolt89,RO,,34,1633201108,1778260293
luunom,SE,,10,1705831603,1778305992
tobyakam22,MX,,53,1505914678,1767741353
narek_yan,AM,,6,1695313951,1777974805
cekettttttttt,TR,,16,1708601247,1778250044
ahmadelasmar,EG,,11,1688928911,1729082920
thedoomsdatbot,PK,,3,1719251685,1778001986
yasingguzel,TR,,8,1677479825,1778052421
bhaskarpdu,IN,,1,1615706867,1758061055
maticomapolmozgu,PL,,7,1611136770,1778215481
lioyol,ML,,34,1591735434,1778301438
eddie4548,US,,43,1674760610,1776518162
cicciotto,IT,,31,1388590700,1761903604
el-cailloux,FR,,2,1683853997,1744964391
bungsell,ID,,1,1617077743,1778052426
prinzgm,US,,5,1717646373,1778052427
fernandomunizaga,CL,,19,1568486916,1778252082
agtz05,MX,,15,1660315666,1778250504
canebaloddo,IT,,7,1608848404,1774535656
denialy,XX,,15,1675936219,1778295297
jekibhimani9,IN,,1,1605342211,1730029309
themastersgb,GB,,11,1680202558,1778266744
georgeyousef913,SY,,15,1713655937,1778134903
genius_shahmot,RU,,1,1712154960,1778234598
harold1flower,US,,8,1630437398,1778275998
levaverbuch,IL,,12,1627730048,1777665509
produ6885,FR,,13,1699097397,1778276396
mkamel4,EG,,84,1635786421,1776120760
ati173,BE,,7,1656512096,1778248439
siweima,GB,,11,1677241745,1745357425
zhenya189,RU,,7,1562171254,1778286670
jaredms09,MX,,2,1703274323,1734125913
amityaduvanshi65,SX,,98,1663143497,1740227378
hafkat3,EG,,350,1606937738,1778287368
grimmer1965,TR,,13,1606758999,1778309797
saiefharsi057,DE,,8,1664982910,1754141766
alex1694333,MX,,5,1612673043,1778298612
xtxlalo,FR,,11,1651667125,1773564725
laurenkhandroma,US,,2,1480652338,1768451116
aaraf14,ID,,1,1718427003,1767812926
bohdankompaniets,UA,,1,1702914726,1729699395
crakett,FR,,9,1297082657,1778304307
kukucskatibor,HU,,3,1588718925,1777914167
docmikyu,IT,,4,1616017138,1778052449
alonsopalacios,US,,1,1560921810,1775162174
otavioaguiar,BR,,5,1615690539,1778302047
d10s1960,XX,,1,1721685824,1778298995
zzzzzzzzzzzz205xxxx,LY,,6,1719379923,1778052452
noperfectmoves,HU,,43,1667641255,1778283226
kemzytzy,ID,,4,1672915876,1776792473
reaswaran,IN,,75,1336819183,1778311443
kushaagra02,IN,,9,1691226682,1771251117
pragyeya,IN,,3,1696163909,1764216495
alexdlyon,FR,,5,1667029376,1768505555
dmytrobaran,UA,,20,1681229767,1777138567
nirrasea,ID,,10,1720555493,1752147676
serenesoul26,IN,,3,1720593197,1777639972
hsjsmjsbs,ID,,3,1697901219,1776533463
subaru1357,GB,,6,1603574875,1778011084
ankit230923,IN,,0,1695483581,1773306458
nyakbaka0609,ID,,1,1707752156,1776825654
ismailbarakat,PS,,5,1472315220,1778311087
fastmexican,NL,,5,1674991584,1778052463
ch457,US,,31,1667061898,1778299457
josecarlosromeromata,ES,,2,1621116705,1778309141
derandy,DE,,0,1254123190,1778274587
niggocarlsen,DE,,21,1562455360,1778015781
leonardo_lfonseca,US,,4,1616354451,1773449802
dandee247,US,,3,1606419550,1778306282
pokervidar76,NO,,4,1387229673,1778254311
alpharules101,AU,,1,1709358500,1729692609
aiel33,FR,,18,1608407108,1778311345
t_asri,YE,,38,1657635796,1766444696
allenvitug,GB,,25,1609674704,1778165888
owc07,GB,,21,1695653047,1778311127
arshadmehb,BD,,32,1696071777,1778276207
fruit_and_vegetable,ID,,6,1718087756,1778173135
capablanca020660,IT,,9,1605733018,1776869929
watemoc,ES,,12,1623934648,1778240561
aliyari1,DE,,12,1584809377,1777712072
lalremruatpuia,IN,,12,1677779248,1778165793
lolomsy,FR,,5,1692108269,1778090629
orangemustage,GM,,8,1683722704,1778309225
paigee89,AU,,12,1626591744,1777364848
soffia19,IN,,15,1503035108,1756199736
teachu03,PH,,1,1680860058,1778036830
j_siempre,XB,,7,1707217838,1778273111
joonscarebear,MY,,5,1645161557,1743606149
brhmdmrc,TR,,9,1648816124,1778269050
poppers112,CA,,15,1557847679,1778251611
hgrewal2345,CA,,8,1700857436,1778305209
zambranojazu,CO,,0,1665192192,1778285885
chrispap12,GR,,4,1673097315,1769696963
alexandrugabrielpavel,RO,,3,1677252547,1778264111
huzek2,US,,1,1472908514,1778284098
delliklas,SK,,10,1674345950,1775848281
zuumbawbwe,DE,,13,1611662606,1778140067
yoshyyyyyyy,TW,,13,1692805396,1778208588
umplunk99,ID,,0,1660121388,1774002774
jheroblesmarca,CL,,7,1685195843,1775088437
equatorclimbing,ID,,4,1677306948,1778042241
diehappy02,CO,,11,1502070389,1778199155
arnab_pial,BD,,15,1476378101,1778263279
schrenzor,AT,,12,1609007178,1778278322
imcewan,VA,,5,1610342250,1778290077
simo1004,IT,,11,1608635824,1773313432
felalex57,DE,,16,1686745722,1778247955
jmeso68,HR,,3,1420853301,1778204068
sweet_honey20,CZ,,14,1676882180,1778286523
ellabi_19,PH,,2,1705262401,1776784645
fuzzywuzzy05,DE,,16,1657103373,1778191382
camichx001,IT,,0,1721396322,1768115041
petrol333333,CH,,5,1599570064,1778285494
4ldaan,NO,,12,1718806326,1748455168
fischerlahat,ID,,1,1700832850,1740140673
vilmosvegvari,HU,,9,1690034333,1778011978
litok19,ID,,0,1705064626,1778052504
fabkumo,IT,,10,1639402683,1778243832
airbi11f,CH,,23,1656083228,1739917335
willannyer,BR,,0,1683841864,1778259708
alikuul,TR,,8,1709226513,1748189060
haigzzz,GB,,49,1355773144,1776758266
avinashtank,IN,,10,1503059270,1778291009
greatwhitee1,CA,,4,1691017678,1740181732
hurdo,NZ,,2,1595132544,1778267419
burrowedowl,US,,2,1666448949,1778268711
jss159,US,,27,1584839864,1778288950
kimposha,CL,,13,1678396173,1778295374
guysegal21,IL,,12,1698491778,1778224938
crash_test_dummy66,US,,4,1395252734,1778298849
makh9med,MA,,2,1682940409,1777049346
mcpuffmichi,AR,,70,1618802688,1778052515
rskyz,US,,20,1671407613,1778240663
1996om,IN,,1,1535462579,1778052517
leoeng33,BR,,2,1569957785,1778283842
junumala,IN,,0,1615823281,1778192441
khushu19,IN,,74,1605287828,1777938347
conahard,DE,,8,1652015898,1778255937
ubilkap,EE,,6,1615708018,1778260525
vivekbhai04,JP,,30,1697294700,1778269432
majodee,SK,,12,1541653026,1778239522
ajaych54,IN,,5,1687529374,1778052523
salimuaziz,ID,,10,1693114051,1778301453
aadarsh_mates,IN,,17,1596106594,1740292356
aboshaker0,DE,,7,1607420167,1752325615
cricketkings,XC,,12,1662548658,1778064065
swymmmmm,IN,,11,1707900304,1776211990
abkhanmehsud,PK,,13,1672048905,1778300697
zarruxarc,UZ,,5,1697380499,1778197442
abhinav_1_3,IN,,12,1598002585,1777740384
baresa72,UY,,6,1679879313,1778311675
rafaelsigmax,PH,,22,1697243130,1778231414
grenouille_catalane,FR,,7,1585078854,1778311724
zalabesohat,EG,,63,1668298295,1774150014
saahil0909,IN,,20,1648043776,1778311335
liondafonsagrada,XG,,11,1681848582,1778276737
11a7med11,EG,,19,1678312108,1778052534
rabintamang11,NP,,18,1689361382,1778310938
ravinair1999,IN,,9,1591780620,1778310404
1leone,CO,,3,1582838078,1778052536
ilasan76,ES,,8,1584872183,1773691558
patclub,TH,,3,1589057945,1777396510
hello6_burd,US,,3,1610835533,1778123310
lovenderday,ID,,2,1529826426,1776170108
vidaol,AX,,1,1646415766,1778263198
manniegee3x,US,,7,1694789816,1778172424
robrobleon,ES,,3,1705992937,1778273478
stewart213,US,,11,1318565256,1778295184
docc0m,US,,2,1589481077,1776740974
glen_gil1234,PH,,2,1668309846,1778311743
felipegraucha,ES,,2,1582037155,1778225767
ooguzhan,TR,,5,1447442366,1778307529
thirdy06,PH,,5,1664860283,1777688440
rockydemonster,NP,,35,1650205445,1778260490
frenchshikamaru,FR,,14,1611752265,1778293996
patrick_jane3,KZ,,35,1693334122,1778052549
tomabe123,GB,,9,1590356406,1778111857
arunveerverma,IN,,6,1361200304,1725559993
hmdn01,ID,,4,1687731067,1778052551
random_idiot_00,IN,,15,1693038719,1778070070
mmurugan,IN,,4,1282803419,1767414840
lepzinho,BR,,8,1693412091,1778242788
adasmr,CA,,74,1682118789,1741743181
zopalon,IL,,8,1690706817,1778052555
mr_swapnil,IN,,8,1582083753,1778267024
dceagles123,FR,,19,1595093029,1778311085
vaibhavsaraf27,IN,,18,1718038720,1778301040
purplehatter,US,,11,1632613177,1778287403
vachanomkar,IN,,8,1519655427,1777492073
thmags,CH,,4,1670438129,1778214889
ghostlywail92,US,,20,1500251495,1773638900
robja7,US,,3,1308957179,1778301335
tarun18032004,IN,,8,1695804584,1777625356
mostafadaour0,EG,,9,1611699791,1738417404
gatito_mt,PE,,5,1703789672,1778052563
otanyelcunha,BR,,11,1663028486,1747039768
el_brunei,ES,,29,1675427786,1777133380
theghostsimpleton,IN,,19,1705387793,1778308062
gramac000,AR,,218,1591592734,1778308188
lucas-rp,BR,,9,1541202795,1777248850
zapman79,JE,,0,1702488776,1778305201
harrobayusetyandono,ID,,2,1705201233,1746437243
daneh0206,US,,3,1420820503,1778239057
enzo6770,PE,,9,1672087154,1749508057
gmscacchis,IT,,0,1551734741,1778270363
chiraghehe00,IN,,11,1703794401,1778052571
kamorcd,DE,,63,1690745324,1778308550
toomuchbloons,AU,,0,1689080539,1778287985
illburnyou,VI,,2,1722081060,1778052574
nikunjbrahm29,IN,,2,1549548744,1753266587
morich66,IN,,25,1572591777,1778226804
gembitto,PL,,84,1610961827,1778269457
kevin135246,AU,,3,1667041433,1778292673
mazafaker226,KZ,,4,1703181658,1753557131
flydesai,CH,,11,1268347584,1778296512
nm903,RU,,23,1507787113,1778305910
dazzlingspkl,IN,,2,1573016823,1778052580
nomar_33,EG,,16,1668529084,1778234216
aagaah,IR,,20,1617477849,1750979649
br1ariel,UY,,28,1679893305,1778302642
pranjalp799,IN,,44,1658949574,1778311745
pavanrajpv,IN,,12,1559024001,1778274084
enricsolla,IT,,41,1455445421,1778251869
adammc30-inactive,GB,,5,1703446808,1724682642
alastora1,IQ,,12,1605532997,1778185374
ilovechessomgsd,IN,,4,1546369437,1778306028
aya_yousef,EG,,21,1679569517,1777725470
n_3666,CL,,21,1660434698,1778210919
dnmukhamed,KG,,0,1706818109,1777879089
qgambit007,US,,4,1605417378,1770485580
sanj101,AE,,0,1575284583,1775973767
kckt,ID,,8,1616395875,1778264733
taleb0abazly,SY,,33,1676549022,1778297134
jv133,CZ,,8,1697721537,1762354396
leonardh32,IE,,2,1700581126,1778279894
soymocha,AU,,13,1344249595,1778288523
badiss99,TN,,7,1681164006,1742509435
greg196876,US,,0,1671987997,1778282367
iam303legend,US,,3,1688886662,1778304303
vexnius,ID,,3,1716822257,1778310128
pertelzz,BR,,9,1715520840,1777590898
rabstrong,ID,,3,1694676788,1772188432
thotrivas,PY,,3,1638028390,1778052600
phdarkphamtom,PH,,18,1678206210,1777904464
chessarunesh,IN,,6,1499620135,1776815048
chetsniks,IN,,6,1692794773,1778310510
omarsito821,AR,,3,1611688541,1778206335
garry_sobers,IN,,3,1681645474,1767877463
navsuv,AU,,5,1692934487,1773918893
ngdme,GB,,1,1664032344,1778282926
gugibon,IL,,1,1683211741,1778052606
qdadon,ZA,,11,1702314725,1778311382
asapblanco,FR,,13,1692146715,1774178916
meesdekaasboer8,NL,,14,1616929393,1778183160
plerrusa,ID,,13,1673574136,1778265215
maximies,GR,,1,1504299893,1778097378
amclark88,US,,0,1638199520,1778180767
mserkansu,TR,,3,1721489862,1778052611
septimius91,XX,,0,1572711618,1778245403
lump1188,US,,233,1688916981,1778311548
cascadian_dude,US,,17,1467912481,1778286547
wildthng,CA,,15,1606107021,1778292795
gonianos,GR,,23,1467776435,1778203508
mentari13,ID,,7,1721414824,1778310117
stephen_mosey,XW,,4,1673558551,1778281806
vaz27,IN,,11,1581736959,1778311303
pablo-marin,ES,,6,1679323288,1778255549
sheikhcarlsen,GB,,1,1672332880,1778272943
bacchuspriest,GR,,2,1607867362,1778235969
solounkero,RU,,18,1685614190,1739626584
elmuso,CH,,5,1611041770,1778269423
devjelly,KR,,4,1663042242,1778162081
linsonjacob,IN,,9,1434281330,1778307419
jabenitez,US,,33,1480557418,1778263302
sake77,KZ,,27,1544436238,1773203829
elokant,FR,,29,1482840346,1776234527
giuseppeguerriero,IT,,17,1539000810,1777974661
romanovski2a,NL,,2,1613337811,1778052627
do0o0,OM,,4,1614409690,1778297662
gautam339,IN,,12,1407839683,1778172724
deltaforcexxx8,IN,,6,1552305695,1778231737
matt-44,US,,4,1482967083,1778249895
lokeshbreaker,IN,,13,1686157814,1762501848
konnypolski,PL,,6,1714419361,1778255207
grumpycliff,US,,21,1600990162,1778301043
gabrielpaban,PH,,14,1680696202,1778257939
sjcf1,GB,,0,1703978882,1778305139
mdma95,IT,,4,1684316245,1733050412
rondorondorondorondo,NZ,,1,1694423927,1778311066
kawajah,XX,,6,1688061625,1772235453
knv56,IN,,15,1609745663,1778309439
cdedvukaj,AL,,34,1665625631,1778306284
hophu2000,VN,,9,1698724400,1777820018
97at,LB,,3,1671874632,1777731453
eonias,DE,,3,1684097668,1778287899
brlay199,XS,,6,1698331966,1778098442
cejones3510,US,,22,1502944903,1753622387
xxchuministroxx,ES,,4,1676453280,1778261658
velinger1980,IL,,1,1691249529,1778181281
erens22,TR,,4,1709565514,1777502944
ptitlui,FR,,3,1592491958,1778052644
r0r0z3r,FR,,2,1606470803,1778270332
drvictorm,DO,,6,1338262340,1778283950
klkyy,IN,,7,1652179202,1778257563
cornualrat,US,,1,1659757227,1778286711
lalit319rajak,IN,,2,1349879883,1778249953
jannikderkiller,DE,,7,1591970169,1778261510
xavinanga,XC,,109,1611087052,1735947119
alvarogescap,ES,,9,1612103681,1778172867
cdradmiral,US,,8,1714683988,1776831297
bad-wolf12,LU,,7,1712964453,1777726951
afghanemir,AF,,18,1644606925,1778274011
zztino,MX,,5,1678411498,1776826837
madhattergambit,BR,,7,1717598780,1772839662
omarjimenez01,CL,,28,1610729759,1777660031
amir1234ab,ID,,2,1704216851,1735455148
jonhirak,US,,4,1651017594,1777997959
mschwartz111,US,,4,1702338114,1777588389
captainft,GB,,8,1673725862,1778310642
rivasclub,ES,,4,1689620650,1778266591
autisticspermwhale,TR,,0,1703962831,1724406010
addibagg,IS,,9,1493307822,1778256816
vanukasmummo,FI,,15,1673263979,1778156308
oekasit,AT,,1,1716546095,1736506840
matto_2014,IT,,32,1700927336,1742366821
frenkster,IL,,17,1605912478,1778237087
404ty,ZA,,6,1686595343,1778306861
devonlaffin,CA,,6,1685643255,1767363019
cristirai,RO,,3,1543624632,1778269167
juakochardy,AR,,3,1532786855,1776586510
squirtiesquirt,US,,11,1704414289,1778052668
parkie007,AU,,11,1655113540,1777034774
aizen_sosuke635,IN,,41,1714750822,1778052669
kornelux,PL,,8,1668091257,1776345576
afiouni5,LB,,8,1659657530,1778271745
messientochill10,GT,,2,1723330977,1778052672
gillmonkey,CA,,50,1648220331,1778292210
ciclopechino,MX,,15,1357582117,1778264908
zbizzle9,GB,,1,1672925271,1772553268
chessmoula,SA,,7,1665111886,1778306117
jaimewalter,ES,,1,1653214698,1778235222
monalisajsjj,ID,,5,1663668771,1776864496
excessinho,RO,,16,1653501735,1778011097
amar1801,GB,,5,1581549470,1778271039
tomfromnynet,US,,12,1605652827,1778284723
riema0810,FR,,4,1609536964,1776791531
thepencilwriter,IN,,5,1562707118,1778264735
joodoo2022,DE,,2,1636961314,1778052681
deryckz,BR,,4,1442618625,1778214737
fluidivoryy,PH,,3,1672022582,1778218986
atharva_2332,IN,,10,1693128012,1776359514
maserza2,CR,,0,1721312505,1778052684
bearmax02,US,,13,1581272116,1778259452
yuuuuuuuuuuuz,UA,,3,1670175018,1739825774
scrooger,ES,,8,1607213626,1778255634
mr_mousa,GB,,1,1638658192,1778280153
diniofreeman,VA,,7,1649195494,1778284673
ravi3330a,IN,,8,1697199073,1751399045
alan400,XE,,63,1450952591,1778281202
cassie8,FR,,16,1605807047,1778311331
tdmontycoon,DE,,7,1601475563,1778311600
torenl8,NL,,10,1674387886,1778257778
blaksio,BE,,2,1663500429,1777403809
delta2510,IT,,8,1587533763,1777551235
pfinn44,US,,6,1657492515,1778205252
elgandalfgris,AR,,0,1702087188,1775246152
alamettin,TR,,4,1508498163,1778284719
gamee88,PH,,2,1708353072,1734799744
stew_it,US,,8,1665085218,1775835474
aduasis,BO,,0,1672194175,1778052697
s4l1l,IN,,4,1693237766,1778298632
billymcmichael,US,,9,1663628916,1778277992
baadrr,XX,,16,1667967123,1776771684
geijon,NO,,4,1374927143,1778306460
niplipo,FR,,7,1640539065,1778052701
manonfirst,US,,72,1289182063,1778309706
willaiken,IL,,21,1699640416,1769947241
fakestufff666,ID,,0,1722280749,1778052703
misterdoublec,FR,,19,1711277742,1776966285
milospdg,ME,,17,1635611988,1778310610
lahyene07,FR,,8,1661075779,1778306976
hashimsageer,IN,,3,1447157404,1778309054
lukasovechkin-11,CZ,,25,1716125952,1778311427
lcw_10,IN,,11,1669394879,1778152210
jon5791,AU,,1,1630315302,1778306827
ishu_3705,IN,,15,1639068753,1777461645
jalendoro,ID,,9,1676210026,1778251058
ymenj,TN,,24,1632499448,1778183043
grandsarp,TR,,4,1713699442,1778267692
mnr007,IN,,0,1544853245,1778307920
putrasirajaoloan,ID,,1,1671373032,1778052713
sjefvsw,NL,,6,1624711007,1778308915
harishboss1,IN,,3,1613212242,1778263819
hovohakobyan23,AM,,8,1694428264,1778250461
dangurus,ID,,5,1678407615,1778257205
ghp185,IR,,1,1584553577,1778052717
nikita_grishin,RU,,1,1615106259,1728437581
iblunderupqueens,IN,,4,1722674516,1743073032
memeimory,IQ,,41,1641638972,1778082637
spookpurpp,US,,14,1613276545,1778306548
hanumanthsv,IN,,22,1536591864,1778301367
thedrcox,US,,4,1614046892,1778296089
mimichati,DZ,,1,1688071378,1755806630
cipriano_firefighter,BR,,11,1706794586,1778052723
15rage,CA,,13,1615312113,1778311658
moondog1010,US,,16,1691112311,1775355999
rob1klein,FR,,3,1689861893,1778270885
marxopko,BR,,23,1680885079,1778298158
cheeezychezzz,DE,,8,1700041309,1766508930
dxm_master,IN,,8,1661654636,1778298003
rivaldo695,ID,,6,1575611609,1776917422
eecuyy,TR,,1,1673634504,1778052729
nidi2905,CO,,98,1647044319,1778271070
wolfchaldo,US,,0,1672641909,1778166197
mag1000ton,BR,,12,1592276918,1778283982
fadedheat,US,,3,1602471391,1755212842
tkeim20,US,,5,1697675365,1778283843
peterbcooper,JP,,26,1679569704,1778298776
jecaicedola,CO,,9,1545859307,1778310964
presiden_of_indonesia,ID,,1,1674709657,1777893703
beofgoodcheer,GB,,4,1650744522,1765869287
therealkenny123,CA,,20,1673632128,1778262304
piecesandpawns,XX,,46,1674146169,1778259166
scancissujr,ES,,7,1523740626,1778300709
goup1,US,,7,1673148078,1778297390
ollie_j1,GB,,1,1676416972,1778052740
amichalak,PL,,4,1575753449,1778052741
eeyore2230,CA,,58,1608519895,1778295790
mj-r3,ID,,3,1663787010,1746063259
hamzaslan03,TR,,7,1670536590,1770398604
georges265,DE,,10,1693601669,1777328674
reaaza,ID,,0,1713202802,1740579890
vixlan,IN,,15,1620318706,1778297302
flyfisherpete707,US,,16,1678579881,1778295775
saifzzzzzzzzz,XX,,2,1705765631,1737312332
shardinepaste,US,,26,1646082672,1778303699
bsal95,PL,,12,1605174709,1778279242
atharvaghatage,IN,,5,1709540410,1778269241
omran_17,SY,,8,1679701657,1776382685
cbk187,US,,0,1674058433,1778052750
kasparov79,GB,,11,1281473382,1777836251
optrichon,CA,,0,1594787732,1778302169
fradelus,CL,,6,1602633050,1778244755
nikolayvg,BG,,5,1706099776,1778244862
tanzimshikder,BD,,3,1673882817,1725644229
adrien5460,XX,,3,1694623145,1756648336
jglenn89,US,,0,1683323419,1778286799
light2544,IN,,19,1696229701,1777729993
adriel_bathista,BR,,13,1717413081,1778259532
murilogl,BR,,5,1613420528,1776716377
oseiasz,BR,,16,1693277801,1778286244
podgocosmo,IE,,1,1610487147,1778259117
dari2021,AR,,5,1610389045,1778269594
hiimphong,VN,,4,1607755665,1762831629
okrim71,IT,,4,1678734709,1778268826
unerobevreuuuumant,FR,,16,1702116322,1778052762
dosoky555,EG,,1,1720505756,1726253006
cratediggger,DZ,,12,1671711329,1778052764
akhilesh132,IN,,1,1508940599,1778303446
tbounce23,DE,,4,1676285502,1778228982
kalybay_kara,KZ,,9,1593714798,1778052766
blackwinter93,IN,,2,1695913693,1778052767
rasmushorslev,DK,,4,1698515538,1778267844
strongbonez,US,,8,1630031909,1778272229
komett77,NO,,3,1652868460,1778280687
lirik_i,PL,,38,1550773843,1778308917
wheretfismariojudah,CA,,9,1608529188,1778281189
abrahama2,US,,1,1718060346,1754605091
bo-kaatba,OM,,4,1715804009,1773542077
soprtsman,UG,,12,1389199141,1778303972
praaxou,FR,,18,1596987714,1777745134
balodis91,LV,,5,1689229515,1776276937
tonyhermeson,BR,,2,1684258610,1777226800
jhell1878,PH,,9,1671197686,1763950761
fybjmxne,GB,,63,1651523961,1778098415
vera644,BR,,30,1609360665,1777073168
kyosamnim,BR,,0,1621734452,1778272252
mamiya-l,IL,,0,1714283071,1725715311
gaurang956,IN,,11,1710598455,1776605813
patochi2323,CL,,0,1716094249,1771627336
jsantiago01,MX,,17,1643932418,1747226641
christopher7656,IN,,20,1605755180,1778229793
qamrosh2011,IN,,0,1722464589,1761148615
meperson13,US,,1,1639118893,1778295753
selva_saravanan,IN,,4,1690695554,1743105249
seiyakarma,PH,,0,1708068213,1778052785
sandeepb2001,IN,,3,1694666029,1778305143
the-cheese-sandwich,CA,,30,1511034497,1776624334
omaresp1911,MX,,5,1712280430,1775021582
colton_lc,US,,9,1361526069,1778271842
gazpain,FR,,3,1675537505,1778052789
jpchaps,MX,,5,1677527138,1775083243
titannoob27,IN,,5,1623671159,1778052790
fastumgelfire,EG,,19,1671608756,1778288549
qbert333,US,,0,1565641543,1778278231
gopankp,IN,,24,1613033976,1778052793
magicien03,FR,,10,1691324713,1778307816
kise_fn,MG,,34,1717264051,1778278426
yasinhamidi,MK,,3,1607217859,1775680560
kylanham02,US,,4,1654032629,1778240144
moessam94,EG,,24,1691326437,1778273819
abhiraag,IN,,19,1502396139,1778183033
kueaton,IT,,1,1705088985,1777552251
fork_0,US,,0,1670726627,1751346875
mrchaketa,UA,,10,1702011623,1771658158
babakcanada,CA,,2,1609021963,1778294925
g0dofwar13,US,,3,1636649647,1778270347
sagitary7,PE,,0,1412978854,1774097965
mauxipunki,AR,,21,1620378353,1777307732
michaella1985,NO,,137,1610402226,1778294721
cbus1323,US,,77,1589478306,1778299803
azizbek1987,UZ,,13,1673453850,1750007790
eduardothe1337,US,,6,1675177407,1778296256
deven2227,IN,,1,1700207548,1778300570
schukulade,DE,,4,1590863087,1776183157
thiagodemoraesdospassos,BR,,7,1663875185,1778187105
drmattamg,EG,,6,1638804641,1778290044
walide1979,FR,,2,1673352827,1777710769
adompolk,US,,0,1669079264,1778267432
eduardoriv,MX,,1,1637478555,1778174290
gregoiresimon,FR,,12,1610388197,1778268573
hysi40,AL,,9,1362501712,1732092493
pranav_prazad,IN,,25,1698473567,1778258891
tryyymeee,KW,,4,1662596409,1778272381
2l7br,PE,,0,1703807483,1778052815
eemilow,BG,,8,1693516358,1778237708
kingali88,US,,4,1603068332,1778283715
mastead,GB,,116,1670689682,1778274277
digdlack,ID,,0,1720358931,1767977202
bossbro2110,ID,,7,1616424623,1778052819
lvonlineofficial,ID,,3,1718427572,1764564042
tasnimsilvy,BD,,35,1720892921,1733038631
habib009966,IQ,,24,1700825207,1777979400
carneirobass,BR,,4,1615125195,1778286683
rookied115,MW,,13,1685836538,1778266024
fornaceaquatica,IT,,4,1704128675,1733949560
mask76,AU,,33,1551735352,1778291091
arunalagappan,US,,56,1646885233,1778308072
neckel97,LU,,12,1342265385,1776162133
maxxy33,GB,,3,1717904347,1778052826
arrtur2,CO,,7,1590680299,1760496833
jason01234567,AU,,10,1653745295,1778052828
zheyzz,ID,,4,1718387268,1778260717
rakhaau23,ID,,10,1722291718,1778052829
hhcbj,CA,,0,1724569365,1725683935
vonabsolut,CL,,3,1685228478,1778279886
kgcjd,US,,1,1692053507,1778052832
cvrk1,CZ,,1,1696590033,1778310457
lordreich,US,,11,1627177614,1778030410
akram_s3,DZ,,7,1704464777,1775861297
thiagas,BR,,9,1692460968,1778295573
santa80,BR,,39,1610837548,1778283157
alipmv,GB,,6,1676422276,1778251701
archeto1503,PE,,2,1672710890,1770783968
jackal9301,US,,9,1688610006,1778295998
rsolq,MX,,0,1702601652,1732578264
amadebusuyi,NG,,16,1713874934,1777410637
phantomsluck,US,,1,1612052794,1774581853
busiestford,US,,23,1671578875,1777084228
luroyon,ES,,4,1634648500,1778246474
harrycovaire,FR,,1,1659869149,1735057146
tapsiiii,PH,,1,1724589882,1766397507
mpharaon1,SA,,15,1628703922,1778308655
superhotg,GB,,10,1680185568,1778293133
jrmiroo,ES,,5,1676925829,1778269608
patrickthrowsplastic,US,,59,1577072226,1778307501
zact1989,XW,,19,1627804537,1778310646
bronkman,SE,,22,1610828108,1778288208
vahidking1996,US,,8,1695548811,1777360677
abhiram0202,IN,,10,1597137346,1777717316
joseantonio1963,ES,,0,1607975300,1778274504
mo_ismail,EG,,24,1450104743,1729352756
loranix,US,,4,1632538379,1778052851
aguynamedb,US,,14,1637855342,1777473335
mikromoupony69,GR,,6,1667772836,1778052853
gossebo,FR,,8,1695051208,1778310907
suzibe,PL,,12,1549158029,1778276052
m3jed,PR,,3,1674264151,1752233484
minkich,BG,,13,1648409989,1778309782
shreyesh123,IN,,17,1539835375,1775109269
alcaser043,KW,,0,1682592028,1778261475
x-5123685123,XX,,39,1672190675,1764792500
firatelmas84,TR,,6,1690382097,1778273056
devil_6183,CA,,2,1709531751,1729183544
xxbaominh1234,VN,,21,1609126674,1776746605
fabsantini,BR,,0,1673799036,1730607838
makos4,XX,,15,1591554898,1778302983
beansbbb,TH,,2,1706933156,1778230986
pepszsz,ID,,0,1722636670,1743795612
riz99999,NO,,7,1630011716,1731342828
szuubie,US,,11,1692562752,1778284465
troublemakerlt2,LT,,5,1705431984,1777801568
bigchimney23,HK,,21,1717851122,1778289398
meggymeg10,XX,,1,1645576906,1778300801
rohannnnnnn1998,IN,,3,1716711871,1735743570
mjayny,US,,16,1704206757,1778287755
yasha126,RU,,3,1702283935,1778052870
shogilix,RS,,8,1681326111,1778279454
skytjikle,ZA,,3,1569266531,1778268566
minion1419,RU,,0,1658508885,1778052872
kshravankumar211,IN,,0,1693057810,1778052873
munkaaar,BR,,1,1654396659,1775062936
olegschah,UA,,5,1710409114,1778071435
princealig,US,,33,1607917377,1778299925
amzacan,ZA,,27,1628103698,1778274799
milasdad,US,,2,1676698243,1778295375
bilbo42,US,,2,1605411497,1778297503
maafakadude,MK,,13,1682754830,1778311912
cheeessever,TR,,3,1545860542,1778272399
irviejr,US,,17,1701316125,1778309335
milvusblack,ES,,12,1618954832,1762190890
rjthechessmaster333,IN,,20,1717923232,1778310782
cramsho,PT,,6,1657847156,1778195240
nicemovejimmy,IE,,13,1487857133,1778311678
jhoels328,BO,,9,1689297052,1777766361
andrevictorgomes,BR,,12,1715739617,1778020184
cadu1001,BR,,12,1539541800,1777150276
ulisesdelleville,AL,,0,1537583049,1752903669
jojob14,FR,,6,1607713544,1776435489
xonami,KZ,,15,1708871358,1778265335
x-4297434544,XX,,1,1703953023,1767277312
legendary_assad,MX,,14,1556955157,1778283340
denissam2,BR,,18,1607536527,1778295240
schimmock,BR,,3,1673108342,1778277386
ank1008,IN,,21,1587205254,1778301860
megual1,BR,,7,1712599703,1775782022
therealmatthewjames,US,,9,1523412959,1775833975
highvoltage2012,US,,17,1700937522,1778310534
alessandromolina,BR,,18,1591284208,1778297931
kelovers,PH,,5,1696144838,1778235897
nandakumartalari,IN,,21,1703418689,1778304201
albertofradique,BR,,188,1628411826,1778305884
shubhankar_1,IN,,8,1625742458,1777980877
lepetitdiable11,ES,,2,1647266985,1778273196
oliverogbeide,NG,,16,1599839316,1778308414
puttynutz,US,,16,1612482885,1778282311
iagormatos,BR,,8,1615679605,1778206406
just1n_h3ll,DE,,2,1693214312,1778256998
soonbitcn,MY,,10,1695550299,1777075775
primavera62,ES,,13,1557237692,1778261905
colonelo64,HR,,28,1370023480,1778279348
gambitlestera,PL,,4,1615411846,1778052904
thegob999,TM,,2,1668783337,1773834864
notdevanshu,IN,,5,1517588620,1777034727
gcmrichards,IT,,2,1699558791,1778265891
changraj,IN,,6,1695142189,1778052907
blued00m,US,,13,1622618588,1778300542
johnwick733,IN,,25,1629212345,1778311298
kurotrofos,XG,,9,1612389002,1772799802
cocofish74,FR,,12,1665605205,1778311312
zee215,IN,,0,1709084028,1778311867
ramakrishnaambati,IN,,1,1521550052,1778294288
matiesaa,PL,,8,1613383026,1778178351
wearesteelers,KR,,9,1700810930,1778052913
yukuwait88,KW,,5,1705997335,1769198664
x-1343957765,XX,,5,1640405363,1735743774
renan23568,BR,,0,1700937232,1768266650
ifrazisani07,IN,,7,1706532420,1778257270
bruhehehhee,AT,,1,1693168922,1778266423
u09301678939,PH,,0,1574587113,1736140952
potden,MY,,0,1718977419,1759528463
ashukarmveer,IN,,18,1639417523,1778052919
reborn_vj,CA,,10,1636422684,1778052920
rounakbaweja,IN,,13,1688644022,1776778331
alexei001,MD,,30,1582481674,1736355565
potato9197,IQ,,9,1713622994,1727041215
jujufi,MQ,,1,1575142221,1759322382
chichomorado,US,,0,1670297789,1778268978
m3allemm,IM,,16,1322589671,1778273625
gustavodavila16100,AR,,2,1401155438,1778035460
zeplin69,US,,34,1540746100,1778275232
vw_16,AT,,10,1669196534,1772806325
grizzly_bro,US,,31,1676766758,1772558321
c00kie97,GB,,2,1520421405,1778040491
vdhsjx,PK,,11,1523029091,1777050578
dubnerretuerto,PE,,2,1607123231,1770344856
betox0,ES,,10,1605806298,1771433323
to12343,GB,,1,1699987414,1731433745
8chazz,PH,,3,1697352723,1778268725
warsuture,FR,,8,1618904400,1777052107
fabwood,FR,,2,1613494491,1778277033
atria84,AR,,6,1676810469,1773867116
finesseshot,ZA,,17,1678959998,1778268199
stefancodreanu7,MD,,11,1674456536,1778263208
asuzakig,LV,,1,1719092845,1770332212
rekt128,KZ,,7,1608121789,1778052937
khamiselsharkawy,EG,,23,1532525700,1773900635
papaluis66,ES,,7,1608806124,1778277275
bb123x,GB,,2,1685214978,1778298506
bayutklek,ID,,3,1722421696,1768726926
kkuba1234,GB,,0,1723561783,1778052941
destrhouser,BR,,3,1658374481,1758397262
jeh1ae,US,,12,1698889349,1778298170
niyach05,AU,,3,1646122849,1778295691
spudmasta,US,,15,1668098730,1778180164
checkmate2912,IE,,0,1694247367,1763858575
todd0630,US,,5,1418180462,1778052946
magnusbutbetter_l,ZA,,1,1725022687,1746204678
mohamedarafat22,EG,,26,1683734730,1727635242
drackitual,FR,,7,1693906999,1778290091
tabula-zakaz,BD,,4,1718439559,1778302627
wolfy431,GB,,7,1660742304,1778052949
erenderki,TR,,14,1556203141,1778016515
rodcalzada,CA,,11,1612063678,1778252063
mphonaledi01,ZA,,1,1708452726,1731090017
akifuumm,TR,,5,1711133920,1778272364
dudewheresmykarpov,GB,,2,1709841214,1778283898
digitaldhruv33,IN,,3,1695103039,1778312139
homoba,US,,21,1674864691,1777940752
pt_lion,AU,,2,1702118685,1778309331
nutritiones,DK,,7,1580554833,1778291838
himmyp89,GB,,2,1486762286,1761927071
cumidogru,TR,,5,1683723663,1778052958
hulk145,NL,,1,1676483472,1777626036
salehalamri1974,SA,,1,1532424729,1778052959
brianinspace,US,,0,1196826333,1773980155
cas020297,PG,,30,1724550569,1778307955
bxnyc,JM,,1,1520995637,1773394377
zhadovskiy,UA,,2,1658562477,1778052962
maraischess,ZA,,5,1706547945,1778303151
k7544,GB,,0,1707382938,1727910123
harishnalavade,IN,,9,1597245764,1774195528
sainath1992,IN,,0,1711618468,1778052966
justjog,US,,8,1672445664,1778041163
clementematte,CL,,5,1562610703,1769456460
bozler_09,DE,,3,1648839878,1778247208
shanman82,US,,98,1633364178,1778304462
jpgraciab2,CO,,1,1467047776,1778312032
2012afzaal,GB,,1,1725208438,1778275424
holzhaus11,DE,,1,1597494863,1778307838
jes604,PE,,12,1607388081,1731358493
110malaz,SD,,50,1674552418,1778280630
sarscream,GB,,0,1665140100,1778310241
erickrenzo,PE,,26,1614359551,1778282304
lucasgodinho43,BR,,8,1609117127,1778009713
nant697,BR,,5,1675893264,1776553367
marse1leo,RU,,4,1544687506,1778301272
jschessrook,KR,,0,1724998602,1735085199
thievin,US,,3,1666899323,1778309221
rockstarorc,DE,,39,1457888633,1778294693
johannjoananto,ID,,9,1558946059,1778294227
vieratyyyyyyy,RU,,9,1700745621,1778289024
tikusinjera,ET,,19,1674039090,1778101414
vforvesga,CO,,163,1511479772,1778277147
11johann,DE,,12,1721659570,1773439494
smindian,IN,,18,1599393794,1777815518
tymofiisoinov,BE,,4,1685216442,1777206916
gugumoky275,RO,,12,1534450669,1778268367
piotrb86,PL,,2,1610915080,1776197770
jediknight-1,GB,,1,1545552930,1778262371
xanny_xath,KR,,25,1635151670,1778307482
holguin720,CO,,8,1701909319,1774126075
mopfred,FR,,5,1546892728,1778279664
bachbeback,SG,,7,1667576115,1778309033
mrxcytment,US,,3,1682445596,1778163556
gm_recodos,PH,,10,1653372046,1778247040
burlipapa,AT,,10,1677872528,1778268942
amellowmree,US,,15,1610347359,1777652376
barenyapatra,IN,,2,1670869264,1778308483
karamde,SG,,14,1716221197,1778262585
ldsn,SK,,9,1609165614,1733786752
khachatur002,RU,,0,1725017264,1774784617
thorfire975,PM,,20,1610729015,1778163113
dragonrrr,FR,,1,1652364104,1777866518
sickduck101,US,,8,1649644352,1773181952
luke_vng89,XE,,23,1484131616,1778278220
blackpuma2,ID,,10,1672630287,1777997043
demoistest,US,,3,1695610714,1749415390
dcmchess1,US,,1,1702499742,1778255166
sambancroft93,GB,,7,1566217611,1778270964
preethkumar1980,IN,,18,1661013237,1778255597
gutssm,TR,,4,1655921284,1778305730
prachilll,IN,,4,1695106763,1778271776
darrenalexanderx,GB,,64,1684320695,1778276046
drzeroday,FR,,6,1676995731,1778053005
ishaaaa-ra,IN,,15,1715881077,1755095716
pianop312,US,,4,1607479634,1778293807
forrestnoodle,XW,,17,1705272194,1765485718
alenkold,DK,,0,1717271552,1776092027
rakshe18,IN,,9,1586525371,1759596890
bouisfi25,MA,,19,1691681577,1778264526
ramojlein,PH,,5,1673593663,1778285526
sch3rvvin,DE,,7,1473869858,1776320806
limeroot,GB,,13,1540643442,1778277091
imspiriti,GB,,11,1673491292,1777203407
prasarrohit,IN,,2,1722747267,1763579124
roomforelvis,US,,71,1214766568,1778292725
m0rdecai55,IT,,13,1663346783,1778278026
matthieusztejnberg,FR,,4,1610143536,1778247233
elliotn21,US,,1,1662655185,1778053017
joseperdi,DE,,14,1614026461,1778101312
jorgedidier,MX,,1,1706542877,1774404358
abishkargautam,NP,,9,1589787298,1744697896
kleinerprinzaugen1990,DE,,3,1692116660,1778053020
aram6509,AM,,4,1623609140,1778053021
weirdwasatch,US,,2,1626042849,1778299103
vittoria1980,IT,,5,1390820766,1778260146
skoo61,RU,,5,1709057461,1778053023
mojojojo78,FR,,23,1608143662,1778241747
tgfgghhgrki,ES,,2,1633385805,1778308481
vegaradn,NO,,3,1674229811,1777926126
sjimboslice,NL,,26,1680450238,1778269097
rishabhsrivastav6,IN,,32,1601894887,1778299591
gigelrom,RO,,0,1708619472,1778307810
volufre,RU,,8,1656941187,1775822520
newkingvs,IN,,16,1606208838,1772579262
domusx,BR,,1,1659492639,1767638954
kiblimarkovic,IT,,17,1644774715,1777915648
beditski,EE,,11,1675527807,1777555654
rjofrecl,CL,,19,1477972480,1778297431
bruceytime,US,,14,1637864566,1778267032
panumaingo,TH,,39,1717848519,1774374192
samumas,FI,,1,1545422096,1778053034
callum_murray91,GB,,3,1651011773,1778284524
jkschaake,AT,,0,1637157093,1770319919
rajivkumar1,IN,,3,1521447231,1778160604
atharvabhoir,IN,,13,1691329812,1778270729
data_noodle,US,,3,1251126193,1778295121
deanonaire,SE,,18,1670863026,1778268636
sventrapapere69,IT,,5,1538038929,1778256828
microwave2000,HU,,13,1598024070,1778296356
umadevi55,IN,,8,1425128765,1778301167
albaraa_hany,EG,,10,1692828029,1778188499
nothing_fr,ID,,13,1714134347,1778053043
henryils,PH,,10,1712753270,1778308110
emil959620,KG,,2,1666532192,1778266888
syah_real,PS,,10,1685555690,1778053045
slahhg,TN,,1,1721562578,1778266381
przemoshem,PL,,20,1703617388,1778283232
ivanmart91,PY,,14,1626205307,1778269512
gatoparp,AR,,8,1613787041,1778297927
krutoi1905,DE,,3,1612352906,1773059124
inuuteqstorch,GL,,38,1676416424,1778201076
mathshiny,BR,,5,1710276698,1777137630
andri_js,ID,,7,1639993615,1778303185
fredricjames,IN,,4,1664863317,1778247805
deysay,XX,,0,1590170465,1778303829
silentyukina,PH,,5,1679792134,1778220682
ahmetemir02,TR,,3,1694039431,1746219158
x-3274370602,XX,,5,1682412882,1773572900
kenredsox,US,,10,1384460279,1778283058
ornithopolis,US,,6,1487824015,1777948894
z_i_sa_n,BD,,11,1715708312,1775340196
shuvaroy01,BD,,11,1566486141,1763921257
nellakontinen,FI,,3,1667761829,1741240671
warcaul1979,IE,,1,1679043516,1778302422
robinlanai,SE,,1,1607375889,1778271849
seshatin_guncesi,TR,,12,1658611337,1778172404
nuqui8,CA,,330,1652133251,1778310990
egul4243,TR,,194,1593018599,1740436389
alacadogan4444,TR,,3,1701776250,1732469466
sergiochess968,IT,,1,1609886201,1778309365
aboalma,SA,,5,1675773951,1778305822
gilles_van_amsterdam,NL,,7,1705052315,1778280440
rhythmoftheknight38,US,,35,1637620296,1778289113
ll20100,BR,,4,1686365949,1778295585
lostxroblox,GB,,18,1671991485,1778053068
betorv1975,ES,,7,1697010237,1778280220
pscilipt,IT,,4,1660657319,1775978105
gqhad,US,,23,1682948547,1774873388
gmoney9o9,US,,0,1686013635,1778263798
ayush_j05,IN,,9,1723410465,1778053071
gpeters32,US,,1,1687324988,1778304356
teishabarrey,GB,,1,1618605695,1766693477
sikson25,PL,,20,1617821116,1778241578
checozac,MX,,14,1674139764,1741921256
ejt19555,CA,,0,1609118481,1778289557
sam170397,IN,,7,1697667248,1777210696
piletus53,FR,,3,1675369198,1778221673
seewidely,US,,3,1710636514,1764730735
jpitz3,US,,0,1609539048,1778279775
meyci7,IR,,36,1607934812,1772198598
grlex777,AM,,3,1685996648,1778053080
pkon98,US,,33,1586196612,1778272225
huwpritch,GB,,2,1675200999,1778108341
21yade,KE,,55,1670866989,1778266116
henry_hansen,US,,37,1644964419,1778293034
clairvoyant_in_wonderland,XX,,11,1713123944,1778242419
rush3yy,US,,18,1668227482,1778258040
tygoto,NL,,17,1608646669,1778242057
brease,FR,,1,1594325649,1778274468
agehamster,TR,,7,1609818388,1778187829
nhb37,GB,,1,1679261075,1778053087
dziustino,LT,,10,1228747517,1778280511
reawlli,ID,,2,1724559828,1773372680
t3minat0r,IN,,5,1684663660,1778053089
zla-tu,AT,,4,1548533780,1778154649
soru200,AE,,10,1724867300,1778308454
urosz15,SI,,2,1588874494,1778269890
lezoris,ID,,8,1726303419,1778203073
abdullahkhalid47,PK,,4,1672351433,1777893969
hansolo197,IT,,18,1637485427,1778108873
ammchessma,FR,,4,1688753086,1778280407
applebttmjeans,XX,,8,1687152362,1777932073
bekiyac,ET,,41,1714941240,1778083559
kwns_22,KZ,,1,1527076177,1776954998
repulsivetreasure,AU,,63,1609080854,1777419225
dfong711,US,,18,1609639468,1778311362
brian-210914,DE,,12,1613640370,1778253285
sergey19922,BY,,4,1706857938,1778097037
bobbiechain,NG,,8,1682811132,1778084382
zoppitty,JE,,3,1715121224,1778294016
slurpp13,FR,,2,1717582209,1769360040
matteo_10400,IT,,9,1674602686,1778175651
arabicpp,US,,27,1629634891,1776551615
phantom_j7,IN,,29,1654416245,1777369409
sickynee,US,,6,1328067025,1778053106
karimelkazzaz,EG,,1,1699543963,1778053106
ahmedgh11,DE,,2,1682314791,1766323171
lucatedeschini,IT,,10,1609715176,1778239118
micahiaschess,AR,,13,1721813596,1756419975
korobkoroma,UA,,6,1714827185,1754766935
timtaler1,DE,,18,1642891128,1778312141
captaincrash86,GB,,5,1455146893,1778273647
ahmedhsaid2000,PS,,25,1687888776,1777870972
mimi1414,CA,,2,1605200816,1778295877
mcgambit_cmm,US,,2,1674144991,1778173981
ilyadubzee,IL,,20,1643626354,1778275266
madjo1948,BG,,5,1721156157,1778053115
talalhalilah13,PS,,9,1694008837,1778261415
kadispengangguran,ID,,19,1617033550,1774870659
david_serban,RO,,2,1648823989,1778302597
xx10xx10,IT,,7,1703616880,1778303967
kant192,FR,,0,1726492996,1778137737
juancarlopineda,PH,,0,1670647618,1738846459
alexanddadchess,US,,7,1676689517,1778302904
derpisaur,US,,1,1717676681,1778285622
marmaj46,HR,,2,1697737010,1778312205
iyyappankrishnan,IN,,8,1590431037,1778172352
thezbabul,TR,,13,1723986893,1773253937
talennert,BE,,23,1553868735,1778271114
y4snn,TR,,8,1683372450,1778045725
fjdiys3,UZ,,0,1725939567,1740571351
yon2005,IL,,0,1707399108,1778226084
jacintaqmas,CO,,28,1710776981,1778305093
kneeltyfer,US,,4,1631362757,1778299984
yalameer,SA,,45,1625445140,1778299577
rdv1989,FR,,1,1587493195,1777470044
twayn92,DE,,14,1479824873,1778275328
nocharlieno,US,,19,1657314733,1778292750
ahmadnatour1,AE,,6,1704496492,1763256737
hooch89,IE,,8,1255442166,1778268115
busetruse,NO,,1,1489179508,1778260010
peekaboo84,RO,,26,1388358154,1778172343
anybello,AU,,34,1670063128,1777713286
alexis_74,FR,,14,1681214009,1778060528
henkogabriel,ES,,42,1614248674,1776705266
themightycy,US,,38,1294947034,1778298812
big_d0nny,AU,,2,1717739781,1729055541
walkersocks,US,,32,1595721300,1778003593
antuanxd,MX,,35,1663861292,1778293285
majidnajjari51,IR,,4,1585155908,1778053140
carlosgabriel2023,AR,,4,1687139157,1778047849
rookie-gamer,SE,,2,1674818865,1778081752
simonchesss,BE,,15,1395078748,1778257294
mario1067,IN,,2,1656070755,1751910982
echekpierre,FR,,10,1697760129,1778284507
asianchessprodigy123,US,,9,1696781145,1778290141
shwocky1,US,,8,1666272779,1778053146
ssil,RO,,1,1462910057,1778053146
stabbie715,US,,2,1662604722,1778268240
botkhoobsoorat,IN,,4,1687420645,1755457950
thinpop1,SG,,18,1671111127,1778271001
rvs001,IN,,18,1663703916,1778260341
keloarg,AR,,2,1712261285,1778274208
radzakiel,PH,,8,1613197832,1777281049
louisl8904,FR,,7,1604857654,1778187919
ahouaisouaisouais,RE,,13,1540952228,1778231039
pandamanzx,US,,14,1574444204,1778295156
neilloliver,PE,,1,1696261885,1778053154
aidynool310,RU,,6,1689401330,1776673364
stonerchess2,IR,,3,1689512478,1778312327
shadow_king069,IN,,6,1720449375,1778053156
unvsk,CN,,102,1506558713,1773856536
mandalorianqc,CA,,30,1614783610,1778290259
felixsteinkuhl,DE,,72,1668024934,1778303306
scorpion38rus,RU,,1,1691328265,1778258011
akeys,ES,,4,1265237808,1776171436
gamerking124,IN,,14,1656310132,1770808018
rijith8,IN,,0,1726168706,1778265535
iygal,IL,,2,1662969718,1733824174
omarrrahim,EG,,3,1670745115,1778305366
mahdieh_gh_2929,IR,,0,1564403342,1762614617
damamarin,DE,,1,1718885482,1778053165
yuvvraaaj_raajpoot,IN,,6,1686220034,1763026166
chetanp321,US,,49,1682643851,1777919473
jeffordray,PH,,3,1683789316,1760587064
mrtnc2,AR,,17,1701801528,1778301643
kalsgbr,BR,,2,1609016846,1778267355
fc-chrislr,BR,,7,1658975415,1778021824
chickensucker4530,US,,2,1683380707,1778276247
jonorris88,DE,,1,1691934031,1778262822
karwan2005,IQ,,17,1669488258,1778194641
anikez,IN,,12,1527962093,1778233087
kkkvksk,IN,,2,1690693780,1735745972
aritzp11,XB,,18,1663585933,1778275922
bat_naan,EU,,56,1602336439,1777927516
ironenol,ES,,3,1483254967,1778310865
gotardo10,BR,,9,1665351775,1763774082
salmahabdulhadi,MY,,20,1612085751,1778311354
manzanillo79,NL,,2,1702144616,1778311203
supunsanjeewasjc,LK,,7,1335056719,1778219372
morfinum,RU,,12,1579295786,1778304289
conquerormohit,IN,,21,1715538065,1778310947
mikebahena,MX,,2,1606630301,1778303774
mduranv,PE,,4,1678268233,1778272835
deremsrb,RS,,38,1649976067,1778100474
grossmeisterbasti,DE,,2,1616675598,1778192340
anisatmani,DZ,,9,1536786199,1778053184
brknyldrm08,TR,,17,1676543131,1769177029
archit11a,IN,,0,1698830101,1778053185
lijuliju,IN,,5,1534053520,1778310007
piznaul,US,,35,1606323235,1778271963
kets236,BE,,28,1635530578,1778214170
bramauu,TR,,3,1727154642,1730836853
marko-kuso,RS,,12,1667426459,1730484308
porlocks,XW,,0,1675346905,1777319875
ims919191,IN,,0,1719472815,1778053191
walnutpepper,US,,18,1674475111,1778242872
vt650,IN,,7,1713528871,1778251929
dawid19860420,PL,,19,1508489682,1747040479
cebamentor,PE,,1,1679004868,1778053194
snips1961,US,,1,1615087748,1775673716
aka_gothmachess,US,,10,1728565733,1777820545
samishere44,US,,2,1661862478,1777693736
gaje690,US,,1,1611573671,1778053197
letsdraw888,US,,8,1723943043,1777830543
tomot123,NO,,3,1676401796,1778310081
kevin_g99,US,,0,1668563306,1768915238
philelectrique,CA,,39,1590202388,1778301253
jsegal123p,US,,2,1705028115,1778312385
menaazmy,EG,,5,1593486801,1766436790
judith990,CR,,4,1667768497,1778312202
christoph247,DE,,3,1677693194,1778265950
rallenmarsh,US,,11,1607983477,1778295222
ksp13,HU,,49,1536552336,1778282460
stormblast91,MX,,11,1552561382,1778285767
newtoajedrez,ES,,3,1703071487,1753770223
jfri-oise,FR,,18,1435436756,1778305994
hitarthp1,GB,,13,1690643088,1753103187
chipironcio2,XB,,15,1607369764,1778311646
andyrew26,US,,0,1605642920,1767331427
pushinpeers,US,,9,1674789736,1778295128
jimnyc24,US,,0,1710866579,1774094240
yangrobin77,US,,8,1498798232,1772759663
subhash_awesome,IN,,12,1495121990,1762335083
josh_chess04,GB,,6,1695758356,1778275594
wireless_90,IN,,7,1709906391,1777050813
genaro3102,MX,,0,1680642970,1772512925
ddyydy,CA,,5,1609439239,1778305930
yurii2004,SI,,16,1705387883,1778307836
baconeggsandbiscuits,US,,6,1571527358,1778293625
chebunny,US,,11,1685072029,1778280941
jeffgordon247,US,,3,1607349856,1778265283
calvinjoshuac,GB,,3,1636922909,1778310003
phucannguyen,VN,,1,1563766579,1778285993
oagadude69,AT,,4,1693572658,1778307268
da_vud,NL,,14,1638117251,1778269965
playalombre,ES,,13,1686080979,1778053222
jr3m,FR,,5,1566748544,1747824912
mogambo123456,IN,,40,1673372935,1778307111
msheldon26,US,,6,1512419839,1777650022
zangetsu_27,IN,,3,1683398103,1778255864
zebrobero,PL,,10,1611672141,1774511450
sshubh_raj,IN,,8,1727112545,1776985904
ezyman77,CA,,12,1612629969,1776882114
balilar,GB,,6,1574534019,1778288250
ghilesbelk,DZ,,2,1686241416,1750338303
konterschach,DE,,0,1684701785,1768918817
yasinkaragl,TR,,10,1713747789,1778308467
bielik2604,PL,,25,1611266127,1778284983
masquenada404,GB,,4,1605039007,1745184905
fran558,ES,,0,1607539437,1778280899
isssccc,MY,,5,1659926200,1762156853
mv5goated,IT,,14,1667981573,1777555720
javi076,ES,,3,1695843746,1778264417
yann2345,PL,,4,1625910991,1778066816
miguel555v2,VE,,54,1703949072,1778172921
emad3333333,EG,,42,1441187625,1778312371
eslaamsaad,EG,,2,1588795335,1778293866
arashfarokhi,PK,,21,1461350017,1778272178
darius22st,RO,,0,1670599629,1778261292
aejaejohn88,GB,,102,1674591747,1778304047
rgggggggggggg,US,,2,1672793903,1736112848
radginda,GE,,3,1717328568,1778031930
battlingblades,US,,3,1611173070,1778284868
shibbyuk,GB,,1,1296259454,1777242752
markbuquat,VN,,5,1627997877,1762454926
macbad,US,,20,1673907680,1778291355
vaibhavk2002,IN,,11,1672641059,1751395602
demykh,UA,,7,1638264510,1778307751
definite-infinity,DZ,,5,1672887388,1775680630
freewinforu9,SK,,12,1539092610,1778310753
shamasky,EU,,0,1694030408,1778295402
aca2323,US,,4,1556322455,1778301159
mikeyoung666,CA,,8,1410706137,1778295865
mebmeister,GB,,2,1551617169,1778271428
guy_guy11,US,,4,1607989410,1775873546
popfuentes,US,,30,1637440810,1778295469
robotroberto7,GB,,8,1603810796,1778053253
petershish,PH,,7,1696079222,1778053254
bjornlllll,GB,,2,1680381015,1778189089
imalittleplayer,PH,,1,1729402757,1778053256
alechin1965,NL,,3,1659786430,1778283088
seead11,CZ,,3,1603196172,1778307881
vandejackson7,DE,,12,1607583895,1778279777
alexischess3,UA,,4,1650575724,1776884874
michaldolezal81,CZ,,6,1626990798,1778053260
kithlin,PH,,2,1724411350,1778032398
raktim_mazumdar,IN,,0,1377093643,1778275543
chadie14,PH,,0,1728815064,1778053262
mikael0077,PH,,4,1727795207,1777366918
s100bpt,AU,,1,1689233858,1777265215
samu261661,IT,,1,1485989061,1777586498
mohammad_jamei,IR,,6,1488487403,1771860707
bsaynemeow,PS,,12,1671977895,1778312445
1deyvud,AU,,6,1684485676,1778310504
idlejzo,PR,,11,1692517755,1778293388
jims-ph,PH,,10,1686769054,1778299757
mo_77,SI,,15,1612547535,1778310955
miinny,US,,12,1588562190,1778114343
g2andyplays,JP,,8,1580478303,1778228319
peterhergi,SK,,6,1718198598,1778170321
whyttz,AE,,6,1655872443,1755229248
theonetruekevin,US,,0,1681787625,1778292876
tome1991,HR,,3,1708193881,1771428906
hellooomr,NP,,11,1718814513,1773489127
ivancala99,ES,,1,1614847196,1777743642
arturoo18,PL,,11,1615289587,1768335108
sukkocc2,TR,,1,1500927478,1778229437
robertoazon,ES,,24,1519566558,1778270358
king_espe,DE,,22,1661615713,1776950829
panch21,MX,,18,1631321181,1777246822
mr_berries,CA,,6,1675517113,1777823273
drekches,CA,,7,1664052461,1778282003
tohashutko5,UA,,11,1519048974,1776177182
ayx123456789,AZ,,12,1660475282,1778159636
joshwilko2,GB,,5,1673212256,1771231796
roederer1710,FR,,1,1698692896,1778308502
chrissantf,US,,17,1668936216,1778079458
mdg1313,IT,,53,1587048141,1778312001
pamoschoi,US,,4,1533096171,1778053285
eshin35,US,,2,1281026376,1778268769
bjoern-2775,DE,,20,1650094852,1778312486
todd565,MK,,4,1689047108,1764749757
crauthlaxunderscore,FR,,0,1725980892,1778053288
akramnoakhali,SA,,3,1701685874,1773353039
zymaroulis7,GR,,2,1673265570,1778263918
skogkonglen,NO,,22,1674334687,1778311912
pro_blunderz,GB,,10,1700671556,1778302106
maurocarla,AR,,0,1699845457,1735317728
satron0,FR,,2,1719091883,1778281614
nardoarg,CA,,8,1700092007,1778301425
jonas_1223,BR,,6,1678655039,1769266491
r1971roru,XS,,1,1514240557,1778283564
sachoutes,FR,,20,1617302392,1776353991
infernooverdrive07,SD,,13,1630327003,1778199782
enea_7,IT,,7,1675625919,1778053297
fabio2991,IT,,8,1663426933,1778312449
jaychowdary3,IN,,10,1575832667,1778197006
squirlyball22,US,,0,1691466183,1778268715
peterpankool,US,,10,1674620948,1771463926
ethankeyt,US,,7,1703794194,1778308539
indigowashere,US,,11,1643230694,1778298420
gen-turgidson,US,,10,1315777157,1778281300
ganarova,ES,,0,1506448831,1778311728
dchuckless,PH,,9,1704280527,1777370463
frasmussen,NO,,5,1482574057,1775246350
josemariamartin,AR,,14,1614960722,1778295886
thynadvenger,CA,,23,1585544431,1778302725
yanjanyan,QA,,6,1605126654,1778087332
tapangupta06,IN,,23,1587477118,1777731853
aldino9,ID,,4,1593344467,1778310943
sedok7384484,RU,,13,1507978610,1778310970
djsnkakd,RU,,6,1687959198,1778243248
farooq0808,IN,,1,1652875492,1757183171
jackthehandler123,XX,,0,1714157528,1778053312
jacobglorenzo,ES,,11,1584576885,1777970307
dejas,PL,,1,1591812652,1751206787
ashkan6831,IR,,2,1729086213,1770707916
dossantos12,BR,,12,1700224319,1777029354
wassop06,FR,,10,1729789971,1778053315
scaccoalmaestro,IT,,3,1674255526,1778053316
issamnt,FR,,7,1533795030,1778264518
czechmate18,US,,33,1656009803,1778273483
matijasisevic,ME,,12,1714293647,1775641756
imahughjoke,JM,,50,1632003600,1777691349
k3luy,PH,,4,1655370232,1778134199
cyclops12_11,IN,,14,1692953702,1778299669
outsidebalance,AR,,27,1594749611,1778285175
mintmagician,TR,,10,1584465879,1737444055
a7medmat,ZA,,7,1691597249,1769154328
amachiwillwin,NG,,21,1721498952,1778047378
cold107,TR,,7,1593718895,1778308756
eczajk,US,,0,1579482975,1778298766
amc5000,PT,,305,1684890021,1778295332
perenouel,FR,,15,1673177645,1778177625
charlesia,FR,,12,1587802122,1766009738
ninjaaang,BR,,66,1645789098,1778260451
erik_aguirre,MX,,6,1705985736,1778310565
zombiepanda79,FI,,15,1607240219,1778262334
eyemthewon33,US,,1,1399206935,1778282156
mikebrangi,US,,15,1679605296,1778216565
aasmundhh,NO,,0,1708722437,1733424794
makentosv,LT,,1,1633181339,1772300700
thokozanimbatha,ZA,,13,1665086090,1778271281
haider-sniper,IQ,,9,1713394911,1778306409
d0ncap0ne,BE,,5,1714365179,1778304697
abdullah198333,SA,,2,1691184678,1778289368
tiagostracci,BR,,29,1644694447,1778280028
ndesmond,US,,49,1636443764,1778312410
reka311,CL,,2,1526078863,1776540213
jsgill5,CA,,0,1515717545,1778281358
tbruhsch,US,,1,1607370428,1778279224
louisantoni16,ID,,1,1713529650,1769781032
lalll77,AE,,4,1715684300,1757953050
zanelez,ZA,,0,1542460322,1778264544
dumbdudeplayschess,ID,,4,1728998368,1774172902
hubixtate,PL,,13,1664793497,1778084652
robertoaragon,ES,,6,1657640149,1778266861
dheeru8324,AE,,1,1657816955,1778310789
spineoo,AU,,15,1611893075,1778053346
prophet43,US,,3,1611805410,1778293523
narcissis7s,NO,,7,1664168697,1732030192
antoinedelfosse,BE,,0,1346851530,1778250974
guipivovar,BR,,1,1614283943,1733403298
d7796,US,,1,1644991845,1738046516
xmacattackx,US,,2,1646085300,1778278428
radioblibinternationale,GB,,0,1617048360,1778267635
fedelan1903,AR,,5,1631035867,1769868608
panamark,GR,,8,1617556620,1777648272
juho1234,FI,,8,1535452075,1777366309
avinash934,IN,,5,1676705254,1743251411
ardanawyn,ID,,19,1615708089,1778131993
glizzification,US,,19,1656994238,1738991306
bomamz,IN,,7,1589986924,1778244674
guilangd,KP,,12,1637956695,1748710886
007chriss,FR,,224,1611764099,1778271077
elsyoviedo,CO,,4,1653539104,1743634859
andrieniskandar28,MY,,6,1615300938,1770432175
raikol15,CU,,111,1720283939,1778053361
laurieyee,MM,,2,1706289916,1773269915
sinaida07,BR,,1,1589655516,1761407479
rysiu1955,PL,,0,1580916154,1778230113
milanfaith,GB,,1,1595074468,1778312266
tansafak,TR,,9,1547137270,1778252249
theponyjuicer,US,,0,1726959392,1778293259
enfoire2222222,LB,,48,1580701342,1778312126
tejasamitpuram,IN,,29,1716176682,1778307407
valibio,RO,,8,1673281985,1775281386
davyr2,AF,,7,1718138703,1778273342
krunch64,PH,,18,1682141951,1778242630
xtr00,IN,,8,1601572879,1778266253
krys4n,BR,,1,1693875445,1778053371
athlonz900,IT,,4,1619275651,1778311017
rodrigook,AR,,3,1634919030,1778280670
c_a-r-l-o_s,ES,,35,1703342372,1778303541
carinnacuzzi,US,,25,1702634659,1778312014
vivaangarg12,IN,,14,1709316645,1778053374
erb503,US,,0,1341432768,1778193961
juenbd,BD,,5,1648267388,1777996591
sachikasilva,AO,,13,1624241739,1778065737
moh_sharma,IN,,1,1671817343,1777028746
daniel8z8,ES,,16,1673038210,1771510971
alchemist988,JO,,5,1638133297,1737238395
oranglaki,PH,,0,1726061343,1778064056
anandupillai,IN,,28,1622385689,1778277986
y007afghan,NL,,0,1727096925,1778053381
sujir0kifuj4,BR,,13,1610996526,1778263707
aim4street99,PT,,1,1713730367,1768561386
yura4965,UA,,3,1583440215,1778269403
x-4982396613,XX,,5,1697195433,1778053384
sibola35,IT,,3,1640343197,1778279958
becarefulofthequeen,VN,,3,1694348826,1778302726
corbear7,US,,5,1673150614,1778277708
purocarteldelgolfo,GE,,2,1727905680,1778053388
alvaro_amm03,ES,,1,1557075700,1760478865
vick-le-geek,KH,,9,1585588632,1778309192
chekmate2020,US,,0,1556761589,1778272536
annaiae,US,,1,1705818001,1778300090
ami_noww,IR,,9,1683680244,1751264344
vova_ruski,RU,,10,1697040955,1778257675
rafaelleonel13,BR,,1,1678392783,1760817573
mfzlion,PK,,28,1693781304,1757414907
scpaul29,US,,28,1681315414,1778287364
fazel911837,IR,,11,1699631606,1772111529
joaqpv,UY,,3,1612999564,1778293820
allout64,US,,20,1287003228,1778293858
cohenzz,CN,,9,1671550717,1777239140
chessbored,US,,4,1705629507,1778311121
josep_xusi,ES,,7,1612653101,1775852058
bogdanbut,UA,,25,1651681736,1778272202
elinaev,RU,,1,1693805763,1778260401
kpv1975,BY,,3,1697457134,1778182521
superchessan,RO,,6,1725543142,1732991598
harishkumar8344,IN,,0,1699364253,1778300069
renteria_ajedrez,CO,,1,1633186488,1778292320
amirmo1991,IR,,1,1729624729,1771707935
666pohui,RU,,1,1723483595,1739175974
bricechess34980,FR,,8,1611580228,1768497937
nalsur910523,RU,,2,1651867367,1778165575
dm8595,US,,21,1328472915,1778260889
owenluke1,DE,,1,1696675623,1769977755
seage84,IT,,39,1632005332,1778280980
damsvegasss,FR,,30,1714717018,1736415186
ayushk53,IN,,5,1681792117,1774530662
oleanderroses,US,,20,1610842656,1740175146
stefanhari,BA,,14,1648039005,1778248412
samuelsene,BR,,7,1640806290,1778084210
nathanb07t,XE,,31,1672916527,1778062017
ibrahking,SE,,4,1594898388,1778253692
rafaellitvin,BR,,4,1457132512,1778297478
bhrmbeh,US,,29,1687556990,1778310571
levin24_scrappynoobie,PH,,10,1726911934,1758153478
gerlanradz,PH,,1,1688909637,1768055788
watchmakersgambit,FI,,3,1673635921,1757569050
135jac975,ES,,3,1605200853,1764929221
th3o_t,CH,,15,1616677199,1778177027
augustxxl,KZ,,13,1653753384,1778272836
theshatt1,BR,,10,1604423102,1778286795
morenovega43,AR,,34,1679115374,1778306277
iek271,TR,,5,1679958542,1778232838
mithley,GS,,32,1675197474,1778306613
piyushj25,IN,,23,1718636158,1778312506
miltoneladas,CO,,5,1615414589,1778011134
goteamhaggladash,US,,1,1699681508,1778284639
cozzz83,TR,,9,1664567941,1778247179
pharaohmason1,US,,31,1606062824,1778193288
almondinternet,CA,,3,1668150666,1778218724
brazzer89,CA,,3,1667363759,1778288547
yaudalahastaa,ID,,11,1691366909,1776270083
japzg,PH,,20,1714095879,1778249247
betlods17,PH,,6,1583334114,1778298786
kingflyfisher,US,,7,1672888038,1754590042
gicausa,US,,15,1483645140,1778261741
jpaulogomes,PT,,2,1676167488,1778153094
sims7777,FR,,12,1662732611,1778255257
jamilnobrega,BR,,13,1671935975,1778292706
itachi314,ES,,4,1706387233,1778273435
laurohms,BR,,1,1490061976,1778281203
maxton7431,US,,2,1557946070,1777910586
theatlaslion-101,MA,,34,1669570052,1778276173
banana987654321,SA,,3,1650931254,1778237046
jkb12345haha,MT,,3,1649116305,1778292130
fire911111,KW,,2,1676496649,1778312443
aizholov,KZ,,7,1708486076,1776698780
mekawovie0,NG,,18,1677454081,1777154633
josh1fisher,CO,,1,1711466533,1778053442
fernandonez,BR,,9,1658862943,1778295490
mohamedkara,GB,,9,1579129461,1778283896
divish_8104,IN,,8,1594830402,1745516384
koloskionline,AE,,8,1557250091,1778258414
blood_storm,FR,,2,1572819566,1778279546
tltan44,US,,13,1691610845,1778282369
sam14231,US,,0,1606954970,1739724572
pietro1909,IT,,23,1571640207,1778310657
littlecroco,FR,,12,1567323085,1778312257
barachielvedua,PH,,18,1519394501,1778296808
temp1stt,JP,,4,1705753206,1778260871
1condemor,ES,,1,1608189192,1778254509
caspian1985,DK,,13,1627216577,1772117004
akanbee,NG,,18,1376795284,1778295022
lmrmort,BE,,17,1687189945,1768143312
moritzlaumer,DE,,0,1692527675,1769630679
deanspoors,GB,,9,1611075081,1778268666
deemhere12,DZ,,8,1634708095,1778309481
maleandro94,BR,,6,1713466055,1777786176
threfting,GB,,8,1367569008,1778131684
misi5616,MX,,3,1660065669,1759801933
galeaspablo,GB,,8,1611693150,1773879668
meert31,TR,,8,1654198732,1762508697
masterchessfrance,FR,,3,1685343967,1778253129
kieranss,GB,,12,1658958906,1774992195
marabia16,BR,,23,1719763318,1750989496
dody145,BE,,26,1684317247,1777105251
mogadishu987,DE,,10,1693384999,1772140985
rodrigo-acf,BR,,3,1609288059,1778257826
bharathikaliyamoorthy,IN,,46,1650433152,1778250232
ktrumble,US,,30,1493407697,1778085118
aset_t,KZ,,4,1694521694,1773259105
chacinna,BR,,75,1650422246,1778289757
crymylord,TR,,4,1683981913,1777469144
nathanknightlvp,GB,,9,1689798094,1778276512
afn1972,PS,,12,1718574747,1778285664
ninjatraderking,US,,127,1614643301,1778311807
gabriel123abcd,DE,,6,1686669038,1778253633
doejeweljebest,NL,,6,1585407690,1739705394
eduardostewart,US,,1,1519294069,1778239230
manusiakorek,ID,,9,1683045880,1778053474
ianbyterby,CH,,9,1603300179,1778308545
badgerhill,US,,6,1548808984,1777833923
driggo88,ES,,85,1597336481,1778306414
ekrbdkk,TR,,6,1681033607,1778278561
lluquigamer,ES,,10,1611444374,1778053478
ct_fraser,CA,,0,1613836928,1766978162
osama0q,IQ,,17,1483741286,1778014798
rlx1024,US,,4,1675475031,1778287048
slacker09,US,,4,1711727354,1763764876
lilchessbuddy,US,,6,1595498919,1778292731
kcidde1,US,,30,1598525384,1778053482
ourobr,PG,,9,1612698752,1778229030
t-luna,PF,,3,1725246846,1778053484
d3cadurabolin,PL,,19,1609614938,1778252252
bglkar,US,,15,1628604871,1778308431
saadyh,SA,,25,1456839965,1778283090
vinnylaterreur,CA,,8,1611587981,1778311162
prajwalarora,IN,,2,1543742294,1778053487
khal_33,SV,,0,1721418659,1778192958
german17res,CO,,8,1691943185,1777924656
geehbr,BR,,7,1608504318,1778305466
sidney-rl,BR,,11,1694285134,1778312636
jorisf1816,NL,,11,1688414168,1778178365
nayrana,US,,10,1670396799,1778264955
user239822545,BR,,21,1675603990,1778289070
bandellchess,US,,8,1680449297,1753501626
nerina7,IT,,12,1584113250,1778280241
jadmhe,FK,,14,1687656561,1774766278
rambovvv,SA,,15,1681883227,1764724748
liorkl1980,IL,,2,1664109989,1778169551
monkey29123,US,,6,1678660434,1778306780
zepovin,BR,,3,1608556118,1778281612
dmarihfydgg,IT,,7,1664187395,1778201244
natasu2137,PL,,9,1622733955,1778231836
pazovsky,ES,,21,1703012803,1776447278
mvandriel,NL,,8,1495959542,1778277761
kingmini4,US,,5,1687960022,1778155542
kek303,US,,8,1557718999,1778053502
leodiagonal,BR,,41,1595715415,1778227348
masterfyodor,XW,,12,1696052826,1749319583
tojobol,US,,5,1578348349,1777220346
mvyscll123,ES,,3,1645775222,1778278498
dadadaprova,IT,,4,1552758294,1774307996
ds508,GB,,1,1643210258,1778168736
sergeyshtark,RU,,2,1689022780,1750608083
kirahkirah,CA,,49,1612449546,1778305107
markinthegarden,US,,95,1485302689,1778291363
primesyad,MY,,4,1676955765,1773491624
baandchucknorris,CH,,1,1364292215,1778280866
onlydb,LV,,1,1703754696,1778284030
obviate-man,PH,,0,1726588084,1778053512
saithan1234567,IN,,1,1564934290,1778288145
fingerfehler8,IN,,0,1675273798,1778166675
badviki,US,,15,1567288181,1778053515
piteroooo,PL,,9,1673466314,1777022695
raichesspawn,FR,,21,1686252506,1746018055
ivan-mitskovets,RU,,3,1621678049,1778053517
neyzzou,FR,,14,1659966369,1777644851
abhiratanpara,US,,2,1648571954,1778289731
dtotera,AU,,31,1606211339,1778309334
cream-the-pie,PH,,1,1672303325,1778053520
guessss2,KR,,0,1726852135,1777848819
kete0keleevich,PS,,3,1682759818,1743371424
capadon14,US,,7,1612625272,1778287275
migsthrissur,IN,,11,1663589999,1778053523
samir01234567891,TN,,7,1671534399,1775772539
desifire20,IN,,5,1623920911,1778268714
mlad1312,HR,,5,1588458252,1778241952
olegivanov53,RU,,4,1725431146,1778215881
krabsticks,GB,,18,1680977255,1778245095
dvroam,IR,,5,1688382716,1778053528
bapeyeeki,PL,,15,1617879800,1778244135
siddh_05,XX,,21,1713615156,1778301175
robbiedion,US,,7,1678763991,1778279773
ajay_2,IN,,10,1627490987,1775583572
abigal7,BR,,5,1522436982,1778291151
kpstewart,CA,,18,1484349085,1778053532
dduk98,NZ,,4,1715656847,1778297508
adiosbahamas,FR,,3,1588422825,1778146603
joco_montana,MK,,1,1727328634,1737754134
sk4mlol,PL,,10,1611580505,1778284786
saintscottie,GB,,43,1698603251,1778312188
hesisanoob,NG,,24,1725437185,1778293314
ericsric,US,,8,1681000700,1778301996
sumsarf,SE,,10,1451571438,1778271775
psabraham,MX,,4,1674833891,1778295814
danielabadmartin,ES,,25,1538100583,1776299084
verfrisser,NL,,40,1700513351,1773476831
tezuya,DE,,5,1664590983,1778312484
hugohuss,JO,,3,1678738983,1778289949
ignat-007,UA,,21,1685030967,1773670728
turcoparga,AR,,13,1697488613,1778294247
alekpo81,AR,,64,1673709821,1778053544
alig372,DE,,6,1639212425,1777588119
mikezchessgod,US,,27,1641421003,1754408796
youlost1992,US,,3,1717651311,1778292398
tapin80246,US,,0,1647006278,1778242332
giordanobb,BR,,3,1696211810,1778296444
bbc001,GB,,37,1262119064,1777789150
volkan5523,DE,,7,1686224475,1773740685
uchess_8,AZ,,11,1721239735,1756368765
gouldao,FR,,3,1472149256,1778310839
shageryyy,FR,,27,1611572658,1778263474
dommijr,US,,2,1674436335,1774383276
bonedoc87,SI,,4,1705426102,1778276548
m3u6s9,GB,,22,1703783031,1778294710
yayabang74,US,,14,1642469064,1778206233
downtowncrown,US,,7,1482006891,1778264221
ilario1974,IT,,18,1622458673,1778277547
tupacside,ET,,0,1730093714,1778053558
jotawequi,BR,,2,1590448859,1760054694
christhegreco,GR,,7,1611877602,1777460135
jayce272,US,,8,1686846024,1766932349
rookshowdotheywork,DE,,1,1612620342,1778277112
muqeetkhan23,PK,,14,1684646566,1778269815
okeaja123,ID,,23,1713563698,1735086213
mjl977,US,,1,1611051680,1778286774
gmaspoolboy,US,,0,1723037708,1778053564
joaquinn1907,ES,,104,1645974658,1778310177
aidenfisher21,US,,0,1704740008,1778053565
fth41x,TR,,12,1726648194,1773298281
pascage,EU,,9,1607292608,1778239118
thomaisdosul,BR,,11,1594772819,1778126150
kumicho187,JP,,11,1586465115,1777398855
aydinsabaghe,CA,,5,1717708034,1777829498
drewbot31,US,,23,1688081603,1777859689
pleezy_meister,US,,6,1674434923,1777772486
mr-louai,DZ,,6,1727278246,1778053571
hugochanchishing,HK,,2,1718112159,1770196829
tylermorson,GB,,3,1712943513,1765404473
mrxb46,ID,,8,1678291612,1773686918
ovishhh,IN,,2,1728625917,1768323997
vikki00007,IN,,1,1723899622,1778053575
pm_lebrun,CA,,3,1647918300,1778168676
chispaa,CL,,2,1591401413,1778270919
atlanttss,RU,,9,1675962291,1770167510
lojosilver,US,,11,1342653505,1776700892
leer3,DE,,17,1653406181,1778248781
korapy,PY,,14,1643226849,1778267217
jrock0001,US,,5,1608923865,1778273981
mktha,US,,0,1728681478,1737519166
checkmat6,US,,20,1603755399,1777443854
winner_jerry,KR,,6,1722937023,1777982772
fefys,IT,,18,1455455048,1778288165
eyner2817,CO,,8,1586205727,1778269775
verpeide,NO,,6,1709634332,1778311594
gabriel1124712853,AR,,4,1643727990,1778053586
songokym,BR,,6,1708041735,1778053587
rolpag,IT,,14,1621677719,1759933323
drkeshk,EG,,13,1475700363,1778307658
indianchamp9,IN,,1,1729342998,1778053589
rifat107,BD,,1,1717299872,1778053590
vexgall,DZ,,4,1682962192,1778276257
krzytho12,PL,,13,1620593926,1778053591
mohitkat,IN,,1,1704559096,1778053592
clarkhyboy,GB,,5,1672709574,1777864371
harikrishnan000,IN,,4,1664636290,1778296419
vishal141295,IN,,19,1708312655,1778279321
zangetsuduzumaki,GB,,5,1703526081,1778288887
biscoffsauce,PH,,8,1703899389,1778223342
farqaed,IQ,,3,1564237824,1778237364
drjebel,IR,,9,1605576192,1744278568
jw05027,KR,,0,1630292261,1778293915
igorbode,BR,,7,1553017697,1778298569
chrizzl23,DE,,7,1611228671,1778282327
vikings549,UA,,7,1696752701,1778306660
lakshyasinha_24,IN,,23,1645080167,1778053601
destroyde,NG,,3,1729433414,1746217915
duffle_bones,XS,,5,1581372119,1778310982
idestroyanygm,GB,,6,1669497359,1778284027
spanksandwich,US,,8,1678030677,1770688338
dq97585,US,,18,1677499376,1774318553
h0denkobolt,DE,,19,1607016753,1778258296
salvadorelchavis,MX,,5,1702266179,1778305986
chj50,US,,1,1304035045,1778310147
rfc55,US,,2,1605564172,1778270377
hulksmah007,AU,,1,1719557285,1743324366
kayeray,US,,4,1474063539,1778253076
yop1312,FR,,11,1670544326,1778277383
timyr29,UA,,7,1606506290,1778267328
jdsj4real,US,,3,1544679497,1778290741
raychessx6,IN,,8,1690986542,1776197933
withershin,US,,17,1591459259,1778053614
guerreirodexadrez,US,,11,1731024081,1778299628
ajayvarma2023,IN,,11,1677510267,1774369068
schachcan,DE,,6,1679604763,1778280432
syna31,FR,,4,1610756696,1778256646
msbshabi,IN,,40,1627321182,1778311715
hifm77,EG,,9,1680693849,1778295619
robin_j_p,AE,,0,1673580854,1778302367
masha16r,RU,,3,1704812339,1777719452
nazariy1310,UA,,4,1644421103,1760519247
mrrm6y,SE,,4,1725373399,1778280846
prxsomeone,ID,,3,1720094354,1772475145
rayjacksonn,DE,,2,1723134799,1776557951
the_boring_way,MA,,14,1579364272,1777202308
srvprakash,IN,,10,1692721600,1737544805
sellierl,FR,,8,1617472319,1778311587
tempestard,ID,,1,1731678130,1734476898
nerdicus_maximus67,US,,16,1703635884,1778233240
tegustatutio,PE,,7,1720924211,1777504052
jkaleem21,US,,5,1538663821,1778296367
chuchugmgggg,PH,,2,1706601397,1742996402
lukasah777,HR,,5,1567369355,1777627744
capxblanca,MX,,12,1718747181,1778268241
xendercel,NG,,30,1670327801,1778131891
kycobar,US,,17,1674753182,1778307985
lemhiri,TN,,10,1523575974,1778271137
bdavis2188,US,,3,1671997910,1778282240
sshadowwwww,BR,,0,1724397065,1763577736
zebro1995,AU,,9,1674255411,1778307472
sahinssc,TR,,15,1643280009,1778053636
dysangel,XS,,10,1455885239,1778245593
corruptedmonk1,FR,,23,1611060467,1778267403
yakovcoach,GE,,12,1689365065,1778264557
waschmaschinenboss,DE,,4,1726080590,1778266520
jonienglish,KG,,10,1654155831,1777898933
enfinca,TR,,25,1637612199,1778273647
mistervespucci,US,,11,1691137808,1778053641
rocketman1985,BG,,13,1609637465,1778276025
sajadlee,IR,,57,1705952566,1750168754
bezobrazec,AO,,9,1620651984,1760391101
b-v-r,DE,,9,1680719174,1778280003
pipegomezmurillas,CO,,3,1726253113,1778053645
tytyyyyyyyyyy,US,,12,1674675078,1768009766
docissac,DE,,4,1686996098,1778312647
miningstar,FR,,117,1689167278,1760552550
nyccgrandmaster,US,,10,1610577239,1778297909
rjgrubb,CA,,28,1668118310,1778267335
dartyboy,CA,,2,1697403291,1738533388
mayachnia,UA,,2,1705182813,1778311606
thechemycal13,BR,,2,1557633074,1777944070
papino_flo,FR,,18,1611788089,1778272963
rizzo3476,HR,,3,1559084778,1778270256
leomees,BR,,1,1355786344,1778267091
asosharif,DE,,8,1705766133,1772903328
yehslawd,US,,8,1633709856,1765428676
naldi23,PR,,5,1692879592,1778276968
artmmmaxxx,RU,,1,1728042104,1778053656
jelinoy,US,,2,1558921243,1778053657
saraibragimov,XX,,24,1522962161,1742429098
dahti007,US,,2,1656543767,1756506764
jablecznik432,PL,,25,1666619070,1778259793
0avamshi,IN,,4,1695304411,1765635959
yungtonerlifestyle,US,,21,1657765038,1778273076
paulopjmachado,BR,,10,1669948365,1778053661
gonzaasgm,AR,,3,1680400122,1770278734
cruelprince,PK,,1,1597742763,1754249639
deadpool6167,IN,,0,1716269798,1774460143
sebas020497,PE,,26,1597158802,1775659264
nergigantelefthorn,XX,,3,1676748703,1778304528
alijr3nal,IR,,3,1724623858,1749935331
zl0r,BR,,6,1688211496,1766411338
adnane1souri,DZ,,2,1681858660,1773917407
nicoprotoss,AR,,7,1630547132,1778291197
vinona_world,UA,,1,1700730283,1778125018
ilyakurilov,EU,,2,1642502623,1764766623
madhumallik,IN,,27,1587222063,1778053670
gfc1134,ID,,1,1657370283,1767099641
once_apawn_a_time96,US,,13,1691515969,1765915249
notoroe,FR,,10,1616754688,1778283490
dropthom,FR,,3,1587566509,1778053673
kijo7,LY,,7,1725525722,1773795798
ramik97,ES,,12,1631197710,1778285519
herickdavid,BR,,3,1541944493,1769788493
artcut,RU,,16,1591129154,1778267824
cavadr,TR,,9,1657653405,1778062877
totoffandeuv,FR,,6,1588715106,1776748655
roopeliikanen,FI,,1,1446403642,1778232166
mo_2991,DE,,0,1731700949,1754425868
100k_pawns-vs-the_sun,AU,,0,1672225852,1778283507
hoborte,GT,,7,1558048325,1778295875
andreagiordani78,IT,,0,1675459534,1778311315
petertegner,SE,,6,1440964351,1778268288
lucarne6000,FR,,12,1710954506,1778053683
05sanjiv,IN,,2,1716628876,1755361363
rapaila,RO,,5,1606910833,1778304534
jessincolor,US,,0,1613856910,1778308387
road-to-1000elo_1,MM,,0,1728459965,1733317143
arturvac,BE,,9,1670255631,1778269047
sopokntl,ID,,8,1697427087,1778245621
ttl2,ID,,8,1658514037,1778172097
karaca6774,TR,,2,1544166016,1777923054
harshavardhansumant,IN,,12,1604002550,1778298569
calculon101011010110,US,,14,1474329006,1778053691
closeupccgv,GB,,4,1671661836,1776974439
leviriati85,FR,,0,1728940271,1743789414
maratmag,IT,,32,1685741810,1778204387
elmvhdi,DZ,,25,1714692171,1778281402
justtuda,CZ,,20,1673473893,1778279680
jaballas7,PH,,9,1718446167,1778192518
sugmadeskdude,PH,,6,1677211130,1769233648
sadiqfx,IN,,33,1635502219,1778163935
samwise1110,US,,8,1670798850,1778303837
celva_cr07,IN,,7,1697618277,1778306173
mongolkerketa,BD,,4,1668516316,1747558829
fredericodiniz,BR,,5,1606919666,1778273247
araartem,RU,,9,1689945593,1778250712
vigneshvj5,IN,,24,1691156247,1778053701
lemonb24,SE,,8,1702319066,1778274239
davidtu71,GE,,49,1701214059,1778258017
alafaru,FR,,28,1713790528,1773476510
jairsons,BR,,3,1615218774,1778280934
kay1944,AU,,4,1650889008,1778309380
009unkown,GB,,5,1691691170,1778260053
bakrankmebaby,CA,,0,1730586786,1778053707
gabyvr,MX,,12,1658434724,1778310759
yuhinoboru,FR,,0,1718843619,1747790172
albertoabellam,ES,,2,1651908042,1749885722
faatihhs,TR,,2,1723114392,1778285263
dragonbreather69,US,,2,1708003694,1778110389
brunknud,ES,,4,1613396843,1778285199
mateodaniel2,ES,,4,1684584207,1778053712
biplob827,US,,10,1671496220,1778285377
shakersaad1,SA,,5,1701129944,1778030513
ptm-triple-threat,US,,41,1409931261,1778293231
nanogon154,XC,,23,1481756286,1778305049
francofabioh,MX,,0,1729550012,1778303392
linggarison,JP,,2,1727924237,1769589604
puneet-goyal,IN,,10,1718881499,1778261887
catur_17,ID,,1,1614870204,1778298020
raj123843,IN,,2,1675599237,1778223549
coyfk,US,,5,1708565407,1778282398
kakarotdoc,US,,4,1692055078,1778278799
patriotwarrior12,US,,1,1587689639,1778294139
vasyao135,UA,,2,1702828861,1778310332
ibamax,TR,,1,1729960514,1743959720
kcolder718ttv,US,,52,1691855812,1739807665
lahahsh,MX,,3,1644594145,1759250323
iluminado237,BR,,6,1602535024,1778296835
akhmadhodaiki,ID,,5,1617961172,1778053726
momma1brit,US,,2,1681599899,1772031236
1ar2am0,GB,,27,1461597262,1778285956
raulhoyas,ES,,5,1704840024,1778287716
kevintvp,IN,,2,1703262252,1750703343
darki1225,UZ,,4,1678446340,1777271559
kingars228,UA,,3,1648507045,1778138965
newbs97,CA,,5,1529809372,1776700907
businesshammock,IE,,0,1730414691,1745368078
this2hard,US,,7,1645565764,1778286576
aledeh,IT,,5,1711728333,1777575923
marcoamgreco,BR,,3,1716412295,1778295056
dneale,GB,,0,1710499346,1778053735
shehnamshah,PK,,50,1660760389,1778265467
maksio20,PL,,25,1668425490,1741166716
paton16,ZA,,35,1584919834,1778307486
anubhav-jandial,IN,,8,1713350818,1778267702
thekingjipo,CA,,1,1707929068,1776275608
jamesfraser10,GB,,18,1612778770,1778311826
huiledolivegranada,ES,,4,1613248989,1741041115
ardaa_1,GR,,3,1679340280,1775058647
bitesurpattes,FR,,17,1552661487,1776967265
rookrunnermat,US,,11,1703186191,1775880723
charlandk,CA,,2,1511030376,1735937469
aninha14twt,BR,,16,1696806645,1778256562
marcelo85,BR,,25,1501457447,1778261495
v4vpv,CA,,10,1654105195,1778292116
wijk13,CO,,5,1713825426,1778312901
grantonella,IT,,1,1670935041,1778311887
paxoloc,MX,,6,1564167509,1746689845
theo4724,US,,9,1664075824,1777904601
serega_86,RU,,4,1691847460,1778312789
kikilefada37,FR,,6,1668366658,1778236961
zenoverr,RO,,9,1679238846,1759960719
k1noku,US,,19,1641591093,1777563984
martinocastro,IT,,11,1678828460,1778273907
ashert2,GB,,8,1613868278,1778273312
nabirasouli,IR,,14,1529393063,1770238873
diegolseco,AR,,6,1687622249,1778289683
aurelio53,ES,,1,1613425499,1778266053
leowust,BR,,7,1597173792,1778053756
x-7475946763,XX,,0,1693416799,1754729402
throughcomposed,GB,,17,1611856238,1778272788
ricardovia4,BR,,23,1676355021,1778266238
keven9603,BO,,2,1720139186,1778307865
dmytrosorokin,UA,,3,1504271084,1778279447
saeed_adam,SA,,16,1679758131,1778302994
frontprag,CZ,,21,1263728929,1778267987
lirakg,GB,,11,1704380365,1778053762
luismolbot,MX,,24,1712095391,1778268613
sumowumo1,GB,,2,1727821293,1778297737
victorbcn78,XC,,28,1683235326,1778270956
saint341,PH,,3,1728735587,1773612122
yajabae,ID,,2,1659063160,1778053766
oscarb10,US,,11,1415511379,1778306761
jolife4,CI,,18,1689073326,1735426062
cmskimk,MK,,16,1667688441,1778113862
mathcraft_13,BR,,7,1676125831,1778293767
marinero33,IE,,11,1706545465,1755013125
korhnydnn,TR,,0,1722371843,1778277599
rodbob86,PY,,16,1647443112,1778284054
skadone,FR,,9,1631393463,1748696416
snook717098,US,,5,1591985996,1778291497
tobs31552,DE,,2,1715718488,1778310595
aliman48,FR,,1,1723380895,1741215760
juanes4350,CO,,17,1619407540,1776481450
caydenmolestee,CA,,5,1682424602,1762293330
serrezhapolitik,KZ,,16,1691433490,1778196206
moth_rokko,US,,1,1711826363,1778263269
spairv,RU,,10,1664438899,1778266243
higumaotoshi,KR,,0,1728581711,1738378826
chesstnuts2,CA,,32,1467787496,1776945869
x_xudayberganov,UZ,,19,1609430371,1778311176
chitdevi77,IN,,0,1596300315,1778053782
imibay,ID,,1,1715428452,1734591517
fetotuerto,CO,,15,1612150855,1778261722
giugliotto,GB,,6,1611083429,1777708416
flow22120,FR,,6,1584998910,1778304367
chickenplayingchesss,VN,,0,1688027953,1778053786
rehanmuhammad,ID,,5,1597313183,1777464801
jak_tak_pak,CZ,,8,1697831897,1778253768
rishab1709,IN,,8,1701319262,1778210143
baadshaaaaahh,IN,,9,1727567056,1733766238
grzegorzszpila,PL,,2,1703849085,1778311095
e_phonehome,US,,13,1622666353,1778286381
hastachez,SA,,10,1658730148,1778207003
umut53535353,TR,,13,1716567240,1778212512
dipsyboi,AE,,6,1673034833,1774097160
coursen,FR,,0,1357069259,1778279196
bskkzn,TR,,6,1652433250,1751974080
maharaj28,BR,,0,1706275843,1758794789
ikervsqz,CH,,2,1700319432,1778312857
renheartrio,PH,,0,1684826905,1778053797
msp079,IN,,3,1708881474,1776925409
patovaldess,MX,,15,1450278662,1771859426
ayanokoji2497,NL,,8,1693565501,1775388237
robot_jones,US,,2,1547069481,1777086718
davidraybaby,US,,20,1676114708,1778312299
oggi76,PL,,21,1609168242,1778266937
maboisa,PS,,4,1622640233,1778278579
david_trejo,US,,16,1692938257,1778053803
asb1989,GB,,11,1610316661,1778309146
tomek71222,PL,,0,1670547693,1762370342
azamat_dosmukhambetov,KZ,,9,1704793348,1777130051
schlossmeister,US,,1,1555792932,1778124769
madhavrose02,IN,,21,1694086281,1778256859
dn2oo5,GB,,9,1672589344,1778273441
stevmcmanaman,RS,,0,1708818377,1737157756
medali8866,TN,,19,1682460489,1778053809
penthotal77,IT,,2,1675004879,1755502836
hash420cash,US,,0,1667157563,1777930244
starduckscoffee,CA,,16,1457108620,1778305334
miladmlo,IR,,5,1684526158,1778053812
stypych,IE,,4,1692054493,1778239480
ivicavu,HR,,0,1698515247,1778299886
menetics,FR,,6,1605472892,1778266442
capomeli,CH,,21,1680732422,1778273895
4urev,ES,,0,1572041162,1775854265
prstys,TR,,2,1689244699,1778300229
dk66666,CA,,34,1672173760,1778287173
luckyballoon75,US,,3,1726428046,1778053819
grandmasterberg,DK,,12,1685913794,1769121097
shakamunisun,US,,1,1683758631,1769415040
m4rk0cbr,IT,,1,1711808969,1777374168
patedechien1,CH,,13,1610209860,1778275357
valentesuri7,AR,,13,1610902411,1777308912
ysrecords,US,,5,1580443223,1773150617
yopo_bots,BO,,5,1686703061,1778287044
mingyue777,US,,10,1704067464,1777950331
nawty99,ZA,,19,1508962799,1778269212
alistair-brown,IE,,1,1566501791,1778310128
gvelasco7,VE,,4,1624946519,1778087241
idinmendogu,ID,,8,1686923361,1778289338
queen_penetrator,MW,,25,1516135499,1778058003
giazavaleta,PE,,2,1725852686,1743021526
gldk-v,JO,,1,1716316065,1778302589
singhjee1985,IN,,3,1704992608,1754224424
secretguy75,BR,,12,1690562968,1777859960
islem_ltm,DZ,,2,1673522055,1742292816
bealorix,BG,,7,1555412947,1778186511
nicolasrodriguez4839,FR,,3,1604950113,1778003470
akash9025,IN,,16,1705507977,1778241222
aleksander402,RU,,3,1724852226,1778232558
ikkestoltavdet,NO,,0,1609808847,1778256757
ruman4,ID,,15,1616516803,1778310158
omar_abdelzaher,EG,,17,1665760259,1766875572
fast_07,IN,,19,1683236555,1768645317
dannycoho6366,US,,42,1722198042,1777550640
supernova6942069,ID,,4,1670751909,1778053840
ahmedabed90,EG,,7,1605347497,1778271057
derrem,FR,,1,1657132332,1778280207
oisen89,DK,,0,1683064389,1777921896
justforfun973,US,,5,1611034963,1760581386
yaboiwrk,US,,3,1560966214,1778305511
negevii,BR,,1,1716246526,1775995164
a_chill_guyy,CY,,2,1732984037,1778312922
mihailciorba,MD,,0,1650993196,1778270911
joshbuck77,CA,,5,1499855113,1778283384
ontopw,DE,,4,1719487950,1763230585
rarespanfi,RO,,10,1675439870,1778053848
chess_sid_2016,US,,8,1691114307,1778032107
alex9mas1,UA,,32,1612530081,1778281605
gjohnson1989,US,,8,1707937938,1778294356
wtex888,IT,,6,1634156665,1778280314
aspros88,BR,,8,1654609996,1778274608
lfxtheshooter,CA,,2,1673488959,1755386562
darkblue78,IE,,9,1489533017,1778280805
doginspektor,PL,,5,1621028360,1778298975
patrickismahomie,US,,6,1599281608,1736818843
furbo10,IE,,1,1617552102,1778275461
t-bag511,SA,,6,1610102417,1739873615
swanitoooooo,FR,,21,1654236337,1777760347
cornyhercules75,US,,6,1662482663,1778168909
lutx12,XC,,27,1562598202,1778309580
deepak69spy,IN,,6,1712594993,1777789715
7bellator7,CZ,,7,1650053398,1778189312
jimmycrackcorn24,US,,6,1609285934,1778264598
probabychess,SI,,23,1703717216,1768895651
joaoabreup98,BR,,3,1607222535,1778281033
rajvir1984,AU,,1,1712011712,1778247950
kdawson298,NZ,,14,1660078079,1774484095
jamesjamesjamessss,US,,4,1715212440,1778296630
chrisllontop,PE,,1,1672522936,1778280735
aashik_1701,IN,,6,1704434750,1738393418
fireefalcon,IN,,0,1725605159,1746867392
ashracalicut,AE,,1,1677067591,1778266429
abhijeetzagade6516,IN,,4,1588519643,1778298480
nerunii,PH,,0,1635991145,1778053869
anu699,IL,,10,1637679505,1778249270
umut712002,TR,,16,1609495946,1751908186
nativelen,ZA,,14,1705952326,1778312206
phrezzsucka1,US,,0,1728596437,1778207779
kanorizz,PH,,3,1695013659,1766391814
avrb,IN,,3,1368693835,1778303985
adelafer,DZ,,21,1719848806,1778179321
subhanms7,PK,,11,1683373077,1778090790
pawndrama,GU,,0,1582210714,1778288572
henhengunawan,ID,,16,1548078728,1737909765
sarbull22,RU,,10,1411999034,1778240548
thiago_alves,BR,,2,1613244840,1778285088
conncrusher,US,,10,1668309322,1778310381
mayo1818,DE,,9,1672789124,1778287406
riyadh0711,SA,,7,1682252843,1778289942
zehercase,IN,,2,1446761419,1773130763
cavan65,GB,,4,1611863835,1748981720
mistergroundwork,US,,14,1674188542,1778260297
johnjohn6115,US,,12,1687880642,1778053884
cecilioladroga1,ES,,9,1610630473,1778264560
yasinolmeez,TR,,7,1722072678,1778072520
cadeaueric,FR,,13,1687510327,1776000167
louann-lp,FR,,5,1662472764,1775252915
silverback237,CA,,13,1610156939,1778287415
ramonovitch,FR,,24,1508702039,1778312870
thijshk,NL,,22,1673802474,1773306194
mamama81,EU,,34,1696855421,1778311410
realhottot,US,,20,1624758478,1778298813
memestos,DE,,5,1696164947,1777924992
jrrichard95,BR,,3,1704430912,1778292101
alex-pope,GB,,7,1635771832,1778273221
doyouknowmeyet,CA,,10,1672593632,1777496255
strgwygy,SM,,2,1667850033,1778252639
bossems1,PH,,4,1684397888,1746281373
kingbako13,GE,,7,1670673410,1777661224
cheaz89,ZA,,15,1693853203,1778053897
gforgod,IN,,4,1593931142,1774719660
livioa,CH,,14,1673627107,1778310658
maurya_108,IN,,5,1723758060,1762872228
roverfra,PY,,4,1715608990,1778053900
lastbreathout,IN,,13,1711960098,1778297372
phantom-1412,PH,,3,1725496230,1777688457
luisalado,AR,,24,1624753334,1774470662
senka01,RS,,2,1662494872,1778053903
fingui,ES,,4,1618611642,1777755063
patobelga,MX,,31,1689462719,1778298682
cdamay,FR,,15,1643287165,1755038146
ladygaga333,CA,,4,1535068711,1777916173
zabuka22,CA,,2,1673220905,1778286218
marciomarttins,BR,,3,1394594065,1778112077
joesr,US,,6,1238367704,1778294737
subinsmg,IN,,10,1284196095,1778290204
tssica,FR,,2,1656238339,1778223466
octaviokevin,ID,,15,1616530121,1777860438
starwer123,VN,,3,1669472148,1777558907
nick_pg,RU,,2,1679773365,1775395058
joesgh-zanburo,JP,,4,1726797942,1765590908
aashutosh_dixit,IN,,24,1689847584,1778007951
tictac972f,FR,,2,1704105258,1778263391
ahmedzidan511,EG,,0,1702680845,1778053915
jungleteknoftw,GL,,3,1708621974,1778178519
soumyadeepsahoo,IN,,35,1627896745,1778053916
mik3_4nrho,PH,,10,1676603999,1778053917
mustafa_87,IQ,,25,1673037742,1777919648
cry-in-lonliness,AU,,16,1670237054,1778300519
angel777angel777,CA,,19,1710294873,1777945814
kustergunn1,RU,,0,1719234024,1777650161
knoudel,DE,,1,1674423357,1778310212
igoronski05,US,,7,1563469268,1778291417
premchandramaurya,IN,,3,1681786393,1777923030
joeg002,US,,3,1681863391,1777717378
sarkel_is,RU,,4,1609265195,1776770312
goatvernon,PH,,8,1684154984,1778003997
yonatal,IL,,3,1507539266,1778307721
daziz3,US,,39,1542369141,1778270066
dgabrl,BR,,2,1677934030,1778290419
niwin2288,DE,,19,1686092355,1778017781
torvan21,ES,,0,1701815334,1774744060
rupertfp,AD,,2,1714922095,1778311163
caramalhome,AU,,2,1689814613,1778310929
gelaspecah_57,ID,,3,1712272585,1778312549
losgallos2,US,,1,1713397749,1778309972
vatansahu,IN,,8,1729236775,1770232700
crazypawn1023,US,,13,1657639128,1778126827
orrinsalmon,CA,,1,1641071783,1758477781
khody8,MW,,13,1679142848,1778227494
john_josf,IN,,11,1528825357,1778312405
blessedareyou,CH,,27,1685371096,1764144938
peyuking5,CL,,3,1690942736,1763385113
danmck24,GB,,5,1725481910,1778053937
maxnomnom,AT,,0,1645436455,1778278107
jwdoggg,US,,31,1708563353,1778286111
fuadacalov,AZ,,14,1517171994,1778262589
i_am_afailure,BR,,44,1731020958,1778067166
edsonajr87,BR,,5,1609208098,1778267554
spontniously,US,,8,1679709286,1778053942
piyush-manush,IN,,24,1718703402,1778283781
flowpls,FR,,1,1725636358,1778180476
luntasson,CH,,7,1593109900,1778232257
exkddos,FR,,2,1561822657,1778248156
jamesgoodfellow,US,,6,1604727638,1778312316
yousefqyry,SY,,6,1731257553,1756636149
abhishekfis,IN,,7,1716492360,1748864078
orapo,XC,,3,1731149141,1778312975
alvis-zero,LT,,0,1674918700,1742757626
asif000000000,BD,,0,1709921708,1778237515
user200782,RO,,5,1721319721,1777826129
sawyerpetruska,US,,16,1586389871,1777687013
tunsberg,NO,,19,1665175424,1778302146
danielkiss0928,HU,,3,1634165378,1778172491
tin_23,HR,,4,1674721163,1742241325
maxma13,DE,,5,1657538533,1777649663
2060usmc,US,,1,1606547784,1778312682
fabrice1968,FR,,1,1617641186,1778267560
gixy,RO,,3,1385741764,1778311319
hjoijoi,TR,,3,1707155350,1777904693
killer265,IN,,1,1610089028,1778305318
x-1915735507,XX,,3,1614165643,1773074439
fryzjerdaniel,PL,,4,1675943754,1778167889
r_killer,IN,,0,1627398505,1775332844
tomythecat1999,CL,,6,1594561385,1778266694
tttttti38,FR,,6,1608899549,1778053962
drviver,AT,,7,1605475903,1776539617
topo38,FR,,8,1688930412,1778241393
sharva2424,IN,,12,1675171180,1778311579
jz333871,US,,5,1596904053,1778288262
jarivero,ES,,39,1616276990,1778313034
ztoritz,SE,,6,1299098626,1774904496
goumed,CH,,7,1600760018,1778148088
peteb337,US,,7,1623044385,1778298921
plywoodbandit,US,,10,1683125944,1778309872
lsyj,KR,,7,1603959718,1778307174
janbosowicz,PL,,6,1638453022,1778053970
clementcollignon,FR,,4,1584460515,1770069678
rrratty,GB,,0,1678582464,1778273511
yash102004,CA,,18,1686169392,1772838426
leomarj,PH,,0,1711854761,1773724006
bbcag,FR,,26,1655677267,1778282251
riczardeak,PL,,2,1546006866,1736345983
ogamarrar,PY,,5,1684419951,1778285865
fruitbowl7,US,,0,1355022257,1778277618
boiiwastakenwastaken,PH,,11,1667218451,1765518496
downtozero,GB,,217,1382538126,1778266762
ah7med232,SD,,11,1717604554,1778053978
tysonderulo,NO,,9,1707858404,1778247133
niranjanrudra,IN,,15,1620295031,1777643014
naladi,IN,,4,1590305613,1775578411
potoma,ES,,1,1437427515,1778256405
pastorbjohn,KE,,21,1733816798,1777137780
johnname,VN,,0,1584578859,1778311634
biicl,BR,,22,1588550994,1778061978
ashloox,US,,1,1733066953,1778053984
dependency_injection,NO,,12,1597902415,1778276555
ajv111,IN,,1,1723454253,1778305101
beatzwildbeatzwild,ID,,3,1686138326,1778306142
ripz94,ID,,3,1718984008,1778295852
brighteyes71,GB,,0,1610994989,1778272286
wyvern10winter,PH,,3,1680226621,1777922737
lagarderie,FR,,52,1628750129,1778242925
ol4v,ES,,22,1632870259,1778279910
khansahab19,IN,,24,1682099813,1778302301
khayamsteffens,BR,,7,1662161159,1769271498
yuantigean,RO,,11,1675172644,1778191036
juan79jkv,ES,,2,1698074377,1778236740
panniculectomizer,US,,5,1685052022,1778291529
treyghudson,US,,36,1679178149,1778293911
chagdhsjzkizizj,MA,,11,1676827910,1778271931
borisnektalov,US,,6,1560201442,1778177563
timofeymalykh,RU,,0,1659357049,1778297825
deashkiin,PT,,1,1673553676,1776074733
teellij,IT,,4,1583704466,1775248236
adnan9873,IN,,10,1636699017,1748857532
sreetroy,US,,14,1348188188,1778206236
marcosdayan,AR,,6,1612321590,1776990817
ini_chess,NG,,7,1723122090,1778281342
valisardari,IR,,10,1563718416,1772045209
nix1999,CO,,5,1611290149,1778303013
portanto72,IT,,5,1607177167,1778277121
fridrikmar,IS,,3,1725838506,1778286695
cerobelaia,RU,,1,1550567166,1777888723
shendelzare5,PH,,2,1678614000,1768273728
romelquintero-gordon,US,,3,1685029626,1778308011
rookpenguin22,US,,21,1730224481,1778054008
calebn01,US,,14,1444368479,1778054008
josephcharlesw,US,,6,1729146344,1776915604
mopluie,BE,,11,1593966434,1778275893
skagnesh,IN,,5,1710443406,1778188889
v1kingdoge,NO,,5,1553163163,1778186633
inslee_7,IN,,26,1726838531,1778035517
pliser91,EE,,2,1673086355,1778266974
einfachschachspiel,UA,,12,1618484598,1776777979
arasbadraden,IQ,,14,1676629620,1777894944
korbendallas14,CH,,5,1611484159,1778148874
babatundeolatunja,IN,,10,1595159451,1777646801
nmartinos,NL,,11,1607422901,1778313205
zwirnswurst,DE,,5,1654003478,1759570588
ssardpager,CH,,2,1595082400,1778276265
pooyahaghighat,IR,,2,1650854468,1757958271
fairplay46,IN,,6,1593616565,1778178899
mondfalayas,PH,,6,1718431129,1778268434
tijostark,PT,,0,1641658940,1778237749
mustafaxeo,IQ,,1,1693975875,1772279738
romere9,ZW,,5,1635040396,1778302836
burstfade69,PH,,1,1664839741,1757046757
valdas35,LT,,9,1692358358,1778261077
messi10goatop,IN,,3,1727191018,1757433559
antisa123,HR,,7,1611979334,1777561997
mortimor1975,IL,,9,1672247781,1778298771
dahyunie04,PH,,3,1694443587,1778302898
razzfury,ID,,8,1695305119,1778312966
nxdee,PH,,5,1670172441,1778312492
jpt4233,BR,,6,1691267781,1777753460
shivpratap231,IN,,14,1542287794,1778246784
ryugaahideki,IN,,2,1714802840,1778054031
fabioluongo,IT,,3,1526203161,1778275836
xadrezfreak,PT,,58,1665176805,1778283786
sorryari2,US,,6,1510158570,1749589538
kcreivilo,FR,,2,1733224421,1776436596
thirisme,ID,,10,1641792039,1778054035
mikadosaure,FR,,1,1431702334,1742554701
gayforaliving,PT,,2,1648479056,1778054036
exdevlp,ID,,4,1616602388,1778161324
bilbobaggins0875,PL,,10,1613401338,1776892007
smourf808,FR,,4,1617045879,1778307177
wienerja,US,,18,1271769140,1775538823
kvshzilla,BR,,1,1479914278,1778268126
kingchess960,LV,,28,1655424322,1778311029
marbella1969,ES,,1,1610290896,1778276361
twol59,DE,,0,1734034001,1751911141
pi3rp,IT,,24,1675608114,1778262304
pawnbenny,IN,,4,1548958349,1745387486
shu_rizz,IN,,12,1700158988,1778309675
trose2496,US,,10,1591837857,1775793284
ciro667,BT,,78,1607112754,1778312446
maxpower4detuchos,AR,,20,1527559796,1778312827
c4ssavaa,ID,,3,1702260436,1739777430
nakamuramagnusvishwaaanad,NP,,1,1718812831,1778054048
rob_roman,GB,,3,1607013942,1778054049
vasilecovatariu,RO,,30,1661610700,1778300079
satya4004,IN,,1,1734114796,1778054051
mazenbarkar74,EG,,13,1704658519,1778194741
ronny224,US,,18,1612508643,1778308952
clav00,ID,,2,1733481607,1754171189
joao2905,DE,,3,1641319492,1778253165
shashi-kiran_06,IN,,17,1631797060,1778278160
eller_bua,AT,,12,1629442852,1778241476
zbigniewas,LT,,3,1711185454,1778283113
david8035,ZA,,13,1597500730,1778274884
dotathegame,BR,,0,1616794573,1739926994
klodiakhalil,JO,,6,1587435208,1775980774
mui-harsh,IN,,53,1702000833,1778067967
javier370,ES,,27,1585441604,1773254059
tracyls,US,,8,1508799154,1778304342
ta513,US,,7,1608356052,1778294338
davidegutierrez,CO,,1,1687144632,1776223312
wistein,TW,,0,1669102601,1772911108
zwilcox69,US,,12,1691814000,1778290951
orca346,IN,,6,1688289496,1778083820
misha12231,RU,,11,1680182683,1778306201
pkempke,US,,6,1671912192,1778252168
antoinneeee,FR,,16,1645283701,1778312935
geislaa,BR,,17,1441499553,1778297617
attractivehabit,TR,,0,1733836001,1737285541
pronoia5,US,,1,1724546763,1778054069
adilsulaiman,AU,,20,1357477885,1778302668
rajeshhota23,IN,,9,1701363050,1778305310
kacolek23,PL,,6,1616741794,1778303686
aaroncollins14,US,,0,1679610578,1778100180
npulenta2,AR,,1,1547267116,1777636348
ritterschach,CH,,11,1723461518,1778278608
seanjayfred,PH,,2,1618891836,1778060807
ck250771,DE,,1,1671828178,1778272713
usuariolocal,ES,,6,1697116891,1778280195
m_i_l_a_d,IR,,26,1584991597,1778307287
adzdzikr,ID,,49,1616334735,1778304581
tdzin444,BR,,2,1717776877,1773695602
slodko123sdg,SE,,2,1652620372,1777924261
arpan30,IN,,19,1342898951,1778294105
kyivberlin,UA,,4,1614537426,1778268725
jajuman73,PS,,11,1640984814,1778307124
fmtjetlag,AE,,7,1683555120,1778183392
basithggwp,ID,,9,1616738805,1765268446
scroll2panda,AR,,2,1450371198,1778282514
gelendzhik,RU,,23,1555058594,1778311034
sukantma,IN,,4,1686055482,1778172338
rhseyboth,BR,,16,1607820237,1778295674
xasan8558,SO,,0,1536595878,1778307425
nw-1979,RU,,3,1638552859,1775595575
xulio_czar,MX,,2,1626882342,1777957491
t-warrior,US,,5,1614093396,1777664626
daddyo4,US,,4,1592186409,1778294336
cbuchs,CA,,1,1455162677,1778202950
unrisenchess,ZA,,26,1724345584,1778054091
alice081135,BR,,11,1674577207,1776639522
nosuitnotieguy,US,,15,1659130957,1778116157
chris1309,US,,14,1674932211,1778282601
bobanpresident,RS,,5,1700507033,1778282319
longliveisreal,FR,,4,1567211672,1778280084
adriato,ES,,2,1485294099,1766605528
benwakker,NL,,4,1605976201,1767919272
ahmetdky,TR,,4,1671220477,1778166129
d1madeagle,KZ,,13,1687792316,1761541558
kingleu10,PT,,9,1484279528,1778278384
prosiak1004,PL,,1,1643829434,1778313022
pps505,IN,,12,1615119046,1778209877
fab3an,ES,,12,1608655386,1778054101
sumonkd,BD,,16,1711616333,1778294342
tyroneofqueens,US,,0,1725176404,1769499635
markos200415,MK,,11,1673789974,1778244909
thfeddo,CL,,5,1641405214,1777688607
dahroy,AE,,2,1656697530,1778280472
neil0707,ZA,,27,1607929270,1778312789
dhialeo,TN,,4,1733261004,1776426880
kingcrok74,US,,17,1435535033,1778305281
samuelevis,IT,,0,1733774616,1737138359
dankananjarrus,MX,,10,1610509324,1778305334
500ventures,CA,,8,1616420868,1778054110
zaiknown,BR,,30,1692923270,1778293867
stan-1611,BG,,17,1659636580,1778254887
renzy90,ID,,1,1611425451,1777565455
nracatam,AR,,21,1610487086,1778244905
plookpr,TH,,19,1636350851,1778054114
chandanprince,IN,,0,1448606527,1777984566
beatgen,GB,,9,1465151339,1778221376
noicemaker,IN,,1,1679657785,1778299514
sapowaekkekdkdkdkd,PY,,2,1548170273,1778054117
hirbodov,IR,,27,1705176000,1771864145
aaronw00ds,US,,6,1680103745,1778054118
ranavishal2015,IN,,0,1725571335,1778054119
chetanmadan,IN,,4,1587143324,1778304225
hassanahmad110,PK,,20,1631165737,1777564165
milan123345,CZ,,4,1665668070,1778269754
ser1313,RU,,9,1719080965,1778054122
hlc76,CL,,15,1583186479,1778304703
deki987,CH,,2,1709479698,1778313124
sergioo090,PL,,8,1606316424,1778054124
drooltoy,NO,,4,1667299027,1778054125
jtwolfram,US,,1,1668540280,1778281673
atrqq,KR,,12,1690966862,1778303065
enoch_168,AF,,0,1734110883,1778179315
vansy13,ES,,30,1641036007,1777929041
cagee21,ZA,,1,1465724253,1778175876
hythlo,PF,,7,1608582910,1778222403
leor1,DE,,8,1442773944,1778302568
dannowilliams,DE,,5,1674826351,1774943095
kaushal_don,IN,,23,1717485249,1778264227
sultan6664,AE,,4,1689411547,1778264344
iam_ardie,ID,,23,1627799622,1757645061
sadioluwa,NG,,2,1608135712,1778276784
casperfurniere,BE,,19,1609010508,1774538837
junashan,TW,,5,1643799318,1778260435
amrita_m,IN,,54,1598184951,1778312316
bubby954,US,,6,1439251111,1778302134
jpeso313,US,,2,1355474710,1778301882
shresthsrivastav,AU,,15,1534749164,1778311501
elle7007,AU,,9,1674264579,1778312195
koningfaan,ZA,,38,1337074116,1778054140
sajjan10,NP,,8,1665057177,1778054141
tropdepuissance,FR,,3,1694444573,1778295754
anilshenoyp,IN,,0,1694318266,1778054143
kicjluy,UA,,7,1613994588,1778020267
marioo85,PL,,4,1666204933,1778311691
sanjayprajapati9090,IN,,7,1571224219,1771262878
mehul975,IN,,7,1596479181,1778291233
chess_gamrz,IN,,10,1667799370,1773496872
pedroafonso40,XA,,8,1682016047,1778273945
tanishhthakur,IN,,77,1728653893,1778054148
osama_ibn,IN,,2,1714420988,1739713993
nkshooter,AR,,25,1684263578,1778291451
faisal-rshdan,XX,,23,1639937119,1778283976
touseefmalik,PK,,11,1715192183,1777859043
bixelhec,CA,,12,1609969901,1774737325
akiller34,IL,,0,1734029348,1778283295
denberryx,CH,,13,1721944048,1778250771
rockgoddes,PL,,3,1360363287,1778248373
dandara66,PS,,23,1671718695,1778311731
darwinhs,CO,,5,1727129736,1778277514
dlrhawks,US,,16,1601488242,1778264732
alzone_13,PH,,9,1581257638,1778295176
wilblam,US,,39,1483774491,1778054158
sour_grapes4823,US,,16,1661648574,1777943653
sambb198,US,,19,1651084345,1778175872
paradoxicalone,PK,,14,1670911442,1777919179
andfa22,IT,,5,1604768548,1777437200
jalal4040,IR,,9,1724339665,1758957607
montoriuspig,ES,,1,1688077282,1778054163
arig51500,US,,15,1453378188,1778297373
cjack1408,IN,,1,1731692402,1778275263
josan687,XC,,7,1616521238,1778304688
applekbarb,SC,,4,1636105636,1778312985
kawaib,SE,,27,1522518702,1778117212
turanibalint,HU,,5,1606551446,1778085274
drdaddyfatstax,US,,1,1687909000,1778293590
yusufbey2016,ZW,,12,1649269791,1778264108
rogue2016,CA,,10,1646096709,1778126999
timisboss,DE,,8,1639404764,1778149545
mccringleberryanes,US,,2,1724003535,1778054171
dariosap,IT,,24,1701542680,1778312036
nein_kob3,DE,,6,1715280681,1778311949
tothian,US,,133,1341540998,1778303816
yoyobk11,FR,,6,1608835832,1778294738
acer09,TR,,3,1545560926,1778054175
damiangerardo95,MX,,9,1659059826,1778308722
mooo_7,CH,,9,1702135459,1778292801
kk43man,IN,,69,1534950759,1778238723
naimarrage,AU,,1,1609501065,1778287919
mastersodier,CN,,3,1723698160,1776678226
shadowtorre,BR,,1,1707350807,1763836610
phantomatik1,FR,,10,1666357024,1778313195
submariner854,US,,2,1671028697,1778296461
napoleonlucaparte,EC,,11,1702413549,1778304016
manolo_rabanal,ES,,8,1733067263,1778311621
monokisea,AR,,0,1608678594,1778300856
stickypja,AU,,3,1721764782,1776752219
edipro223823,RO,,31,1666461492,1778251033
plebe91,IT,,6,1704641101,1778313062
robert_navs,PH,,8,1700861814,1778197727
seifffffffffffffffffffffr,TN,,29,1700446093,1778289099
s_mahdi_r,IR,,47,1704171274,1778270378
sonomirko,EU,,11,1565207276,1778229828
albertoscandola,IT,,0,1605302377,1778189267
ugn2xas,LT,,2,1678472916,1778313361
bigaelbb,BR,,8,1711088085,1774923367
haliltekin1,TR,,11,1679654872,1778227850
nikita00021,RU,,2,1732022093,1778054193
humanbean33,US,,63,1646200504,1777080292
pedrocan66,ES,,17,1652045048,1757627973
nehiyaw,CA,,0,1590732546,1778300122
felipeecourt,BR,,11,1694171418,1778054196
yaaela,ID,,0,1689257232,1776746447
thearrow_m,IN,,12,1617430997,1740129966
poaul1215,PH,,2,1720983295,1776542600
sazzadhossainszd,BD,,10,1623167278,1778054199
uzbman,UZ,,2,1488221662,1778262234
lftm2d,AU,,4,1703563274,1766154434
davidesulcanese,IT,,1,1567095566,1778258441
supermanthemovie,DK,,0,1732534967,1778054202
y-yogano,ES,,1,1684600998,1778313006
dee999990,CA,,0,1724935712,1766333377
asimkucukomuzlu34,TR,,1,1606589905,1742135744
bakabor,MA,,14,1490896896,1778301952
stephan1994,ZA,,28,1568730749,1778003481
airajanel,PH,,24,1702435386,1769821675
johnericacc,PH,,0,1731849475,1778054207
vypervyperion,GB,,8,1673647363,1765611070
nemuzar,CH,,6,1711919185,1778261133
farm305,EG,,15,1686352473,1776472750
ixbert,DE,,5,1704109711,1778307263
juniorgamp,BR,,9,1609889795,1778288204
antftony,RU,,11,1572384210,1778298088
spat_77,XX,,2,1696333608,1778090772
braincoachsalik,IN,,0,1734540494,1778187698
ugetsu64,RU,,18,1334829230,1778054214
abhijeetnishad,IN,,10,1619414695,1770330129
ovantatz,ID,,12,1730732643,1778054216
davidgaitan1,RO,,4,1674826127,1740601776
oiski_poiski,BE,,0,1585217626,1776625184
checkposture,RO,,5,1673013216,1774636107
rasputious,US,,73,1408404553,1778251289
markovmm1,DE,,19,1724459344,1759855812
sobri1212,ID,,1,1679142891,1755049862
anonymiee,DE,,13,1658441303,1777064767
mauroanima,CO,,2,1712465053,1778296147
cjlwheels,SG,,1,1428854242,1776288182
zywashere,SG,,2,1730864459,1745139681
sanji-sannn,XX,,0,1714577294,1778305643
kami3059,IR,,5,1702924892,1771439053
myboardmyland,MA,,16,1559403956,1778279732
marcogiannattasio,IT,,9,1521728134,1778054226
galdav,IL,,20,1372412176,1767459664
rayyy0007,IN,,17,1725784977,1778054228
vovo11,UA,,0,1552650032,1769761458
samratkhamrui,IN,,3,1732695183,1778222676
normsbreaker,XX,,1,1375795390,1778307525
beadedpot,US,,10,1675445043,1778239574
krishnashanker,TH,,8,1677582915,1778253228
waterhealer,MC,,2,1568794811,1778250225
masterpri,RU,,3,1584621253,1778262720
kamicrew,FR,,2,1683453860,1778086691
aditya_8922,IN,,10,1677990089,1778272160
abodi369,IQ,,1,1697142002,1771665404
mohammedhosny59,EG,,10,1689895174,1778054236
bash400,US,,7,1377039520,1778303559
ar0nnn,NL,,8,1611699815,1777757705
zakaryax8,DZ,,4,1684875170,1776017131
roniausurfa,DE,,18,1656175791,1769560897
slebaww,ID,,6,1725964656,1777918607
mrgaren123,EG,,23,1631593683,1778161412
hadcgf,FR,,3,1664199493,1778313401
toni7094,IT,,7,1609848740,1774087224
struckchutoy,SE,,4,1457180637,1776248250
harshghritlahre,IN,,4,1697870016,1778054244
gabyknight,CA,,19,1565522717,1778270034
zorodevil_1111,IN,,21,1688377715,1778311854
fwrd_progrss,US,,12,1556388311,1778278801
dontworrybuddha,CZ,,9,1677778160,1778054247
pranit_k97,IN,,3,1692127187,1778305250
dzul288,ID,,0,1714372024,1778055290
saraelina,SE,,3,1629193486,1778284436
richireset,MX,,8,1709341264,1778283063
marleysantista,BR,,7,1607184711,1777776543
dhobif,IN,,7,1676475432,1775280241
arielbar04,CR,,13,1618802201,1778311428
lenbick,IT,,8,1676207957,1778261437
3k2d,UA,,1,1670936433,1746852945
thunder2525,ES,,1,1502472828,1778293238
ray07k,IN,,20,1707291127,1778307478
valenciancountry,XC,,20,1618663746,1778054256
julien25121980,FR,,8,1586013195,1778261149
ngatte,SN,,13,1675435784,1778279900
hesuohanyan,AM,,14,1686724139,1778054258
eggstopherr,US,,11,1694799475,1778302462
azey_rgk,NL,,1,1666082877,1767874885
rudyhegemon,PL,,4,1708889916,1778054260
kasap73,VN,,9,1700493426,1778295166
condemagdelafuente,BR,,33,1610218083,1778282966
andrehawke,NO,,3,1655833667,1778308466
kaarun1305,IN,,45,1684164252,1778306949
utkarshbhardwaj08,IN,,12,1643289682,1778204462
checker_leo,DE,,5,1734185240,1778283828
muiz123456789,DZ,,4,1703835725,1750521611
erebuni10,SE,,18,1616677104,1778310629
montrojo,CL,,3,1535915851,1772587553
muktanprashant,NP,,12,1728739485,1778250377
blaw2023,BR,,2,1699379094,1778231887
acaaku,ID,,2,1702624379,1771997727
arunveererma,IN,,0,1717832297,1778305324
sherek65,BR,,9,1570652387,1778302210
rishiaggarwal,KE,,21,1588413374,1762009781
hakpo,NL,,6,1675037754,1778054272
heeman46,IN,,7,1600705928,1778262638
mohammedsabah96,IQ,,6,1585832265,1777040151
amazingme1,US,,8,1629133798,1778054275
cametron5000,CA,,14,1676248230,1778297967
kronask,DE,,6,1663879668,1736891520
ramyriadcads,EG,,19,1610412828,1778295152
gabbone16,IT,,4,1569397325,1778310193
braberry33,US,,1,1610933909,1778302496
kuzmichgdevodka,RU,,4,1670829582,1773465201
mategudelj,HR,,14,1569168831,1778313051
dgosijek,HR,,8,1479933149,1778258948
myafamm,IR,,0,1662064990,1772163366
jamesthedonda,ES,,7,1726305618,1766145293
tim_evriz7,RU,,4,1733248384,1760887802
hinu_x,IN,,10,1678259543,1763566395
luigi285,US,,1,1651688664,1778054284
gonda73,ES,,3,1732734709,1778313225
ayushmandutta139,IN,,16,1688749269,1778303641
aimanjaapor,MY,,16,1582551301,1778241397
bertella,BR,,2,1599767532,1778195793
esmendi,ES,,5,1540902259,1778264888
mahsun_1334,TR,,15,1705399940,1778054289
zgert23,KW,,11,1654046708,1778280460
luchofipo,EC,,2,1689381739,1778307308
lucap11,AR,,4,1654468972,1778280558
targetmayank,IN,,8,1734579201,1778175902
felipetrebilcock,CL,,7,1527380717,1778292388
wk62,BE,,4,1622968753,1778280910
craigreger,US,,5,1485817873,1778026833
chesselfe,FR,,61,1607958441,1778312191
spodermanredmaple,CA,,5,1734604222,1778276871
bamidebe,NG,,4,1673977364,1766044110
eacs81,CA,,12,1682480578,1778293034
quangtmta123,VN,,4,1711986374,1778288086
azwar33,ID,,4,1571913699,1778312434
krinzhovnic,BY,,2,1677374349,1778274589
gamerblade69,US,,17,1611686211,1759166381
hokiehess,US,,8,1534886131,1778300532
nurzhan28,KZ,,26,1620222261,1778054302
dodo290,HR,,13,1587243684,1778251603
minhlongvnchess,VN,,1,1707730904,1777386922
amitdhar20091,IN,,8,1721023095,1769424581
karthikharidas8,IN,,33,1693085736,1776331623
alexpotato26,ES,,8,1609454131,1778278136
dhruvtailor7,IN,,18,1508738618,1771063026
eladfi,IL,,3,1706106248,1776011608
sidneyb89,CH,,4,1654146748,1761236127
jnosxx,DE,,3,1641221527,1776847528
jplascg,AE,,2,1684327121,1778250094
couldashouldawouldaa,US,,18,1703798649,1778274981
sauliuskalvaitis,LT,,5,1608296162,1778218905
brodhagenr,US,,24,1546057418,1778200497
jamesblocker,US,,3,1729608315,1778272784
atiliomarcon,AR,,1,1605813095,1778275225
playeer505,SA,,8,1724110646,1778183090
piedroso_del_mal,MX,,3,1732743244,1778273229
fastlearner1997,IL,,4,1678654041,1776625927
jazzpiano,GB,,16,1311887500,1778190099
gm_robnys-tc,CU,,0,1733345672,1740072264
pierreangeaznar,FR,,19,1605449324,1778098163
m3xicanl1nk,US,,30,1693558816,1776141853
ayanlehmoussa,DJ,,24,1549729753,1778266536
thchoke,CO,,27,1663727422,1778303566
gabbbbb123,IT,,15,1665429110,1778312903
gsdpiece,US,,25,1593086604,1778272635
austypie1,US,,12,1590451553,1778293378
turkmano,TR,,3,1634658281,1778054323
perfectpawn777,US,,8,1564092880,1776664325
adanjohn,BR,,3,1537142790,1777847323
lukeb365,SK,,0,1686583030,1778054326
kiefer76,GB,,29,1495907384,1778275743
the-animals,BR,,16,1620954342,1778293751
nonodu57720,FR,,18,1685362964,1778242674
sab1961,FR,,12,1330156282,1778311613
micheall_anders,IQ,,17,1670853693,1749895832
nandopedraza,BO,,4,1680198743,1778300903
rezaaghaie,IR,,2,1524389369,1772226740
ronaldsiccion,PH,,0,1632404305,1778288099
s1diamond,US,,16,1673763867,1778303235
nipuuuu,IN,,23,1712943978,1776217081
zgamesz3,MX,,25,1621137034,1778308226
seanh12345,US,,2,1211163265,1778284743
blackbird1389,US,,4,1560459196,1778294240
onteriun,RU,,18,1643930624,1777940343
rainbowson,KZ,,1,1264356569,1778054337
matheus_fachin,BR,,20,1725297636,1778190659
anirudhsid,IN,,2,1586556439,1771883342
kmtitas17,IN,,9,1692260535,1778273079
onish2,US,,26,1696080647,1769811393
esoanubis,PL,,1,1608505013,1777660904
chessplayer9760,PT,,6,1609509023,1778304473
reza_afroshteh,IR,,14,1659714671,1757525979
dolevzavi,IL,,6,1666041900,1778068950
benkulik,BR,,19,1364656863,1768687879
checkforme,EU,,8,1482961916,1778313118
dnl2301,IT,,5,1679418123,1777122624
bobtheminion2,US,,1,1494701224,1778119089
joselfde,ES,,4,1656455835,1778054347
aslassian,SG,,5,1689455142,1748365203
hosein_ghorbi,IR,,25,1458144546,1772240444
thinhnamfr17,VN,,10,1608815395,1778249917
antoniiiox,FR,,25,1625000473,1775938153
tzandstra,NL,,14,1592153177,1777833624
peon28,UY,,145,1478173289,1778177341
sah4you,EU,,14,1665040071,1778270999
canon_202,GR,,0,1731705566,1777578208
coldclutcht7,MA,,16,1589657901,1778280159
duke01,PH,,5,1305894128,1778259748
lingga153,ID,,1,1727931073,1737362303
beginerstb,RO,,6,1680785260,1778275351
luciagarca,ES,,45,1623946628,1778257250
dmitriyili,UA,,11,1661193779,1778054358
miguel_eduardoo,PT,,9,1694944098,1778290438
simobekkouri,MA,,7,1679669468,1776347469
yosefabdalazim,EG,,6,1678771511,1778054360
krypto_knightt,CA,,4,1676530548,1778307157
pander21,SK,,10,1611436784,1778278150
joshuachampion08,GB,,8,1644609387,1778265066
petoisback,RO,,6,1616947769,1778257327
gm_zuber,IN,,1,1679237413,1777885082
eem,US,,29,1249910290,1778292302
karapapak06,TR,,2,1713594822,1778312670
evagora3,IT,,28,1615725106,1778054366
bahtigul123,RU,,1,1716321630,1771286961
l_i_a_e,IT,,18,1698832795,1760620628
leetazouz,JP,,15,1700402964,1778290584
iamdrako,ES,,8,1614029674,1778294487
cheenukrish,IN,,3,1374917894,1778230762
mrhaer,RU,,14,1617458773,1763725294
colonelprime,US,,19,1639329258,1778277777
leonardocastro1,CO,,11,1732686336,1778304872
imnva4339,UZ,,1,1703486393,1778311672
omegatwc,US,,21,1593730481,1777017538
panduranga_123,IN,,4,1649661461,1778272976
mbilalamjad,PK,,9,1675705764,1778269616
zitwayne,TH,,6,1682142641,1778265359
ruffch,TR,,2,1726512462,1778221058
sef555,CZ,,2,1587460738,1749450930
adjiegoesma,ID,,2,1708954410,1778054378
rma1234,NO,,14,1542126356,1778312658
tcraig2,US,,2,1615101734,1778238596
7milez,ZA,,21,1725213522,1778224358
mariojaques,MX,,23,1639626971,1778301071
geelo24,DE,,9,1721465753,1778310808
miigej,MN,,14,1683786912,1775012636
arjunmp12,IN,,10,1655742785,1764736251
shellshock2024,DK,,0,1706633281,1778054384
ad2401,IN,,12,1617467720,1778308575
visionsameer,IN,,10,1585118430,1776763493
ranjeet12345678900,IN,,23,1646317075,1778254255
lunatik06,FR,,26,1582819953,1778267880
stefan1994m,RS,,0,1709239276,1754368113
miruku018,PH,,10,1657384270,1778054389
vvjvvv,TR,,2,1666269372,1778259115
vishalshanai,IN,,60,1692273713,1778290103
blun8,ID,,6,1730513756,1737088026
i_am_soguet,CH,,6,1703157578,1778181347
serghei1593,MD,,1,1701459851,1778273974
el_extranjero_loco,DE,,74,1636811311,1778312175
temukeng,ID,,0,1721796954,1778285578
ybeess,IT,,0,1706269789,1777983770
wuhan69,NZ,,16,1602210906,1778272757
flakeshino,IT,,13,1671461710,1778286199
arthur44xxx,FR,,2,1604949949,1778265962
ayush7771,IN,,0,1704335971,1778253491
tito1807,TN,,24,1668698059,1778287418
fragopower,IT,,10,1571992757,1778277604
shaqtus2021,AU,,11,1625152685,1778295338
blackrose079,NP,,4,1552651697,1778309816
chesshorse2387,US,,14,1560911096,1778257778
muaath_alr,OM,,7,1682712291,1778054403
yogigx,DE,,5,1625342809,1777987796
tomaszgizinski,PL,,4,1606384487,1778172170
juancho2211,AR,,6,1605734486,1775326156
laerciomoura,BR,,48,1639446894,1778274383
patalassosse,XX,,3,1567515581,1778203212
atomicheards,RU,,2,1679783193,1766777088
canadavh96,CA,,6,1686868140,1751316670
kokoskuu,RS,,3,1674818325,1778245489
westonsousa,BR,,4,1713640087,1778295124
pietropinton,XX,,17,1553280993,1778054411
sfapk16,AE,,0,1721349433,1778054411
ka-ho,AE,,8,1493115057,1769531494
emmanuelromani,MX,,8,1708492504,1778261346
noireblanco,US,,6,1630028693,1778185448
francescoluigipanizzo,IT,,47,1668704846,1778280344
scheisseaberhappy,DE,,0,1695148091,1770509106
jackbnmble,US,,8,1648514488,1774636769
vitgrigoryan,AM,,4,1727973284,1778054417
crispycrider,US,,11,1409228953,1744177344
valtinhorufino,BR,,26,1611875482,1778303201
punkygio,PE,,0,1612715405,1778313523
hasitha4561,LK,,36,1654829660,1778313067
bananace96,FR,,11,1615750051,1778084200
zeline0,FR,,19,1610226906,1778231531
dan55714,GB,,3,1676554896,1778185825
sekak1gg,ID,,5,1718381798,1777563637
tushki20,IN,,2,1734628321,1739564480
colgateofficial,SI,,6,1613677933,1777622063
headphn,IN,,18,1671796464,1778240922
g3mbel,DZ,,0,1616591977,1764519062
swayam122345,IN,,16,1636795726,1778251455
skydog72,GB,,12,1339020805,1778310984
lucasliporaci,BR,,5,1639677701,1778276821
vobao7296,JP,,2,1717243606,1745157656
heybudabuda,US,,2,1676324922,1778289368
jonhiik,ID,,2,1674480480,1778297857
r0001,IN,,8,1518068761,1777357504
nidhinmohan1988,IN,,11,1692985163,1775223180
lenavelasquez,BO,,32,1656730495,1778295356
rahulsambyal01,IN,,2,1595910376,1778300753
sizzlesteve,US,,17,1600940159,1778293542
kgahlisomokoman,ZA,,2,1656799026,1739408673
manchodu_yash,IN,,18,1677346808,1778313087
satsam3001,GB,,1,1674585751,1778275424
griskorv,GB,,9,1498823025,1768415645
swiss1970,CH,,17,1565154113,1778275367
przemo8621,PL,,0,1706728305,1778310893
kessching,GB,,9,1578355385,1777301683
bbbyhffcu,AR,,1,1716904002,1778298619
acarolan1606,US,,8,1606170012,1778262339
yasinrh,MA,,15,1675273799,1777135897
algolzero,PL,,0,1688498429,1778313435
luisflopes1,BR,,15,1716133169,1775614844
lecavalierdelapocalypse,FR,,9,1684329722,1778310483
zmwwins,US,,2,1696715281,1775057051
sushantsawants,US,,13,1734840438,1777677301
ogoose,NO,,5,1591546672,1778282164
anthonypanthony,DK,,3,1450734898,1755204273
fahirainf,ID,,3,1733648964,1750556871
thomas_duqi,JP,,4,1618037987,1778275423
koeningvh,BE,,3,1646823844,1766183696
kefalonia-greece,GR,,1,1733166162,1778313091
yayathefrog,GF,,14,1695654490,1770468683
mathildoborg,BR,,0,1725715982,1778045799
imnotthatgoodatchessss,PH,,0,1731637456,1753187576
jadulaza1,VE,,2,1650846926,1768633266
nurosuuu,BR,,1,1734010155,1747039754
mortimernils,ES,,9,1617365591,1778313073
uipvlv,US,,3,1483750560,1778294174
roshanrellik,NP,,0,1725472820,1754479601
kiritza111,RU,,1,1735492278,1778313355
chris56410209,GB,,5,1650482787,1778251039
acking,US,,3,1357350693,1778259233
fabregas299,GB,,2,1665117625,1778293039
ankall,NO,,7,1671225714,1778217330
elektro69,RS,,4,1704475056,1778304002
na2az,IN,,12,1728661953,1776671768
riship7410,US,,1,1613624675,1736535285
landogarner76,DE,,17,1618683645,1778299467
lululebg39,FR,,7,1678129263,1778306986
adeadean_ya,ID,,1,1731299365,1744541275
nikitimanfaya,ES,,2,1608333969,1778310167
joshhanno1,US,,4,1704402733,1778265304
musbahshakeel,PK,,15,1648144547,1776461616
jetli777,UA,,7,1587994620,1778299679
aadityar4751447791therook,NP,,30,1704010944,1777737274
ltbaum,US,,1,1561498796,1778251825
tigermillersucker,US,,6,1673052519,1778285557
engintt,TR,,0,1672847203,1762452094
rickb8,NL,,17,1672694040,1778176695
chemafuntan,ES,,10,1686614028,1778275275
morrisonjull,ES,,2,1692469529,1778309377
mauricetsant,GR,,3,1606086584,1774628722
graemerjbrown,GB,,4,1702931999,1778283659
ziko_2009,LB,,4,1678434454,1749508253
juan1000687820,CO,,9,1613512273,1741914155
zidarn,NZ,,1,1685329444,1778312577
noobiiplayer,NP,,2,1711275849,1775789061
elrandyoe,US,,12,1704403216,1777943463
bogdanbgd123,RO,,6,1683803331,1778233616
bhandaripawan1,IN,,22,1709928489,1778300187
narf365,IE,,5,1403917521,1778313636
yusufahmet46,TR,,0,1726738913,1741258784
alexlarra16,IT,,14,1611513253,1774437862
poldelablanca,AR,,19,1705505109,1778291410
0vaibhavdalvi0,IN,,13,1593608798,1777958955
ali-s-zada,AZ,,27,1694183447,1778309973
chado123,US,,18,1653452675,1778302669
xeroz001,US,,3,1689053429,1778297793
benjammin396,US,,6,1700056386,1778199831
danink2,ES,,4,1690895079,1770161012
soegenghy,ID,,2,1727834243,1740998766
pieropolar,PE,,2,1577817704,1751053720
7412shad,IN,,2,1726496480,1738755996
uhhhmerica,US,,12,1659562055,1778216129
abucobra,DE,,11,1723968865,1778313658
phillipians_1-6,CA,,17,1660271697,1778168894
theodore676,GR,,78,1666051229,1778313573
cygaldo,PL,,12,1670242247,1778279375
picica,IT,,4,1607718430,1777920435
nilcymae,PH,,4,1724036949,1755760115
yash-126789,IN,,6,1729673847,1763206638
euroleaguechess,ES,,0,1707510062,1773552009
sura_97,IN,,15,1672729525,1778303515
sejmha,IN,,46,1611336951,1778177358
a1wer5a,RS,,1,1560084442,1747772124
edgiegutierrez,PH,,6,1679672212,1777525844
ramkrishp,IN,,2,1703865835,1778182022
yr424,IN,,0,1735416050,1778087819
ghass329,TN,,12,1708782225,1776001488
kachoriratu,IN,,27,1619972327,1778265886
offre1234,EC,,4,1681510109,1778300409
dimitrioszaires,GR,,5,1608909359,1778278115
heura,ES,,2,1383266740,1778292034
papinenideep,IN,,16,1541666649,1778229663
hflorida,US,,5,1635086363,1778313638
habeni,DE,,4,1506361360,1778277988
sanyam7487,IN,,17,1709546898,1778166004
da-cia,US,,5,1699053012,1778295161
senku82,FR,,16,1706286452,1778247344
bardsworth,US,,1,1313177570,1778193741
jlje69,ES,,2,1674053651,1778307911
insatiablereaper,PH,,19,1682156898,1747538878
nono35000,FR,,13,1626639594,1778274718
sevy00,US,,25,1608498813,1778270157
ruggy40,GB,,4,1606737770,1778265386
dewr93,LK,,10,1734178326,1778054515
syafaamzar,ID,,20,1733374323,1778311754
zazabuenosaires,BE,,4,1605088815,1778101332
dcosentino,BR,,22,1634439839,1778269633
cheki8,BR,,19,1606227547,1778291067
aliizawahrrh,JO,,8,1687000502,1778054519
marlenekremer,US,,1,1616207476,1778292676
awarapan23a,IN,,7,1727806415,1778240259
eshea44,CA,,0,1613428078,1772985713
pauliusaz,LT,,5,1675606057,1778054522
roelpoppen,NL,,11,1664716589,1775831674
himanshu465,IN,,23,1735627470,1775600582
stefanoach,IT,,6,1685124337,1778119665
paffneko,IN,,3,1695429308,1758654084
coder_s,IN,,5,1711885702,1775764095
monteprata,BR,,2,1734285305,1774375578
wetlegjoe,DE,,4,1705052726,1749414685
republiccommand,US,,14,1613313254,1778281012
doudou64d,FR,,7,1614425943,1771504996
rams1401,IN,,8,1733808074,1774058202
bossuytc,BE,,10,1581750728,1778259980
mauti87,DE,,4,1676199697,1778074191
lj_po26,US,,0,1411340143,1756831566
minty45,FI,,20,1611213055,1775000639
x-2619016552,XX,,12,1707469903,1768819089
danipro222,ES,,12,1713660625,1778278461
c0rv0_op,IN,,9,1686861861,1775911315
nelcali,US,,6,1601231312,1778292699
shetrenj,GB,,14,1616274416,1778298344
yogi0208,IN,,3,1575808636,1737039704
gmnaruto421,CZ,,1,1676411715,1776977376
ambrosemensch,US,,0,1641229591,1778054539
m333m888,RU,,3,1503605013,1778189886
zinga69,AT,,26,1616006065,1778242197
mohamed_88556,EG,,2,1513788740,1763581146
akacorrasio,IT,,3,1675896537,1776531140
arnob_achariya,BD,,5,1700511122,1778312083
spid3y0008,IN,,10,1698367676,1750394312
elmopablo10,CH,,9,1677414467,1778310722
utk_xd,TH,,2,1640054597,1764667270
justdiehappy23,US,,4,1689228926,1740207692
swollenleft31,TR,,6,1660317006,1776876132
clawvenger,IN,,21,1683216386,1778248430
cq_anon,PH,,4,1730804140,1769942642
gtjd84,US,,3,1621607025,1778313436
fisticated,US,,3,1598099932,1775480006
tsch-aess,AT,,8,1685882509,1767503139
gusehecatl,MX,,3,1540529931,1762979232
linankara,TR,,12,1734395878,1774011566
sneider87,DE,,0,1533752275,1778310476
othoron,US,,55,1613257715,1778304833
karpat10,AZ,,1,1609690316,1774290213
lakikada,MX,,8,1611727968,1778271378
thelightknight47,EC,,14,1674743684,1767159033
idealist1174,PT,,31,1670844730,1777211000
theposhnerd,US,,3,1362121107,1752175941
kazyv,DE,,2,1506791246,1778312571
sameer1231,GB,,2,1619786032,1778283156
fjalm24,US,,3,1718422341,1771372108
bgodop,IN,,34,1693815668,1778238364
culombooo,KI,,64,1683018287,1778307818
erdeipityu,HU,,9,1694596939,1765066796
bsmith2889,GB,,7,1620411802,1778311017
shahroz727,CA,,1,1690568848,1778298661
berlianto0,ID,,8,1687155944,1775803980
diabetiker07,DE,,7,1706360190,1778054565
nohonorchessmaster,US,,12,1577555759,1776877512
sanhg92,AR,,3,1729389040,1778285315
lucyferenc66,PL,,1,1672314336,1762585806
rfsshelby,BR,,9,1606745150,1775087104
elmahdi_elkhalifi,CL,,0,1734527686,1740755958
jdbp123,IE,,23,1605113845,1778128756
mancoajedrez,AR,,2,1696166366,1778298594
darko_milanovic72,RS,,1,1673534962,1778054571
narek2025,AM,,1,1735570869,1743687682
jamknv,GB,,9,1674996191,1778313324
caxamb,BR,,11,1577318873,1778278842
igorrebelo,PT,,12,1447255902,1778282636
silakhileisra,ZA,,18,1691993852,1778286583
qukaa2,CY,,3,1660306482,1774297937
djusty2022,FR,,8,1654165900,1778274542
cleoandrio,US,,197,1623199718,1778189472
zeus14141414,US,,2,1666753636,1778296284
lindanilindanilindanilind,ZA,,4,1662648081,1778009525
coolin21,US,,0,1670121440,1778302323
keshavswamy,IN,,4,1544527224,1778305871
awoken10,AR,,7,1630696942,1778188809
louissyz,FR,,8,1695821229,1778257181
lilsmokie314,US,,4,1608433503,1776940510
dionmangupi,XK,,9,1670948853,1747503511
octopus67,US,,2,1618418728,1778189819
alcatraz23313,GB,,19,1664351088,1770461607
cyan727,KE,,11,1718041287,1778302859
jesuscastrop,ES,,3,1607004665,1777378144
ozzgurr1,TR,,9,1611074518,1778177251
ayoublaar,MA,,1,1666444823,1778107735
travisjohn77,HR,,39,1675715223,1778311126
robertp13,US,,6,1726349265,1778307762
straitpaper,US,,4,1488295026,1778121256
100elo1111,US,,0,1723874950,1767980722
paramount2022,FR,,16,1662487867,1778274726
yougotbigone,GB,,7,1620081000,1778304693
ahmadkholafanazhad,IR,,3,1677675644,1773772255
gabrielnnamdi,NG,,16,1668197798,1775386668
charo666,AR,,9,1689004171,1777582115
peca1406,RS,,7,1731417682,1778054596
mateusceo,BR,,29,1665511781,1778275447
c4ixt1an,ES,,9,1617307158,1775329450
rebdoodlebob,US,,5,1580791546,1778213104
boom_2,US,,15,1717560259,1765760971
shubbhu321,IN,,13,1705593912,1775297805
herzanm,CZ,,6,1617992230,1777883329
lionkingpri,US,,1,1697067052,1777252250
gustanvo,BR,,1,1491086714,1778290997
corujacervejeira,BR,,1,1654462326,1774145259
markzroth,RO,,10,1636376611,1778199209
alex_reinez,PY,,1,1736816522,1778313190
davladii,MX,,12,1363231412,1776217993
sundance0,FR,,25,1666015219,1778272799
hk433evolve2,PL,,2,1684644999,1741456089
martimcflyjr99,US,,6,1705990331,1778287258
cadmo8,US,,0,1610144348,1773432596
saberib,ET,,0,1736006350,1778313106
psychoking_09,IN,,15,1686045767,1770585136
eatrightguy,US,,14,1553919219,1778291380
ilhanerkan6565,TR,,3,1677604118,1778272627
kokokosev,BG,,17,1671388932,1778282097
ahmedmohey36,EG,,2,1659903767,1778310414
jumperii,US,,3,1589132885,1778251947
king_safty1974,LK,,5,1731966137,1778054614
ferniekov,XX,,3,1615755431,1778054614
abrahym06,IR,,0,1727718009,1742721213
norman_d42,PH,,16,1683364755,1778311609
ajgupta1226,IN,,6,1700656551,1778305903
cunhaleony,PT,,8,1717769016,1778011680
serbenrena,DE,,14,1673634713,1778267445
deh16208,VN,,1,1720526310,1762815518
blacksmithchess22,US,,8,1678205177,1778296621
oliphantm,FI,,2,1722010387,1778309403
ai-agent0010,XX,,4,1716053507,1778310148
bocho69,US,,0,1605150304,1778054622
rubelitindigolit,SK,,3,1689962766,1749448469
jimmykicks8,AU,,8,1664457331,1778287716
nickxlc2,HK,,20,1675432051,1757417843
phhhhhhhhhhhhilo,IT,,2,1675452119,1778313072
vahid_shabani1982,US,,1,1701771945,1767801520
amirxvl,UZ,,6,1659870530,1778268375
karolisglio,LT,,9,1692259417,1776241961
jameschessin,CA,,4,1606345176,1776609086
gcsgjg,DZ,,25,1716838119,1778280222
luiskip,MX,,16,1679583675,1777617708
mick78200,FR,,2,1717581380,1773899295
oberlandmystik,IE,,2,1640901210,1778269728
essiekag,ZA,,2,1625688550,1778188054
renosss1234,CA,,9,1603849341,1775674662
x-8834948495,XX,,61,1659291166,1763381849
fabicaruana124566,US,,4,1731345594,1778187507
baty45,TR,,9,1725314407,1778264877
daviddd164,KN,,12,1599339336,1778288811
qurow,US,,5,1602513736,1778299730
vaderdoc,US,,2,1736187962,1778284677
timurabdulaev01,KZ,,35,1657486656,1778275424
tadical,RS,,1,1311019271,1778258702
dodonke,RU,,2,1735758318,1778303884
marenostrume,FR,,3,1704873220,1778301566
johnwretched,BR,,1,1615031212,1778275620
david43kaz,US,,11,1616013722,1768571034
cr7siuuuuuu1287,VN,,3,1691680419,1778090390
a7hamid,AF,,4,1512192056,1778238257
the-goupil,PS,,10,1713043923,1778266428
pedin_4321,BR,,7,1718584217,1777748599
ossieworst,NL,,9,1542816833,1778080027
samuel775,AL,,7,1589831425,1751822051
jacky55233,IT,,7,1608928278,1778242200
chamula,MX,,0,1430926846,1777581270
amitushstandup,IL,,4,1637333212,1778313220
thiarm,FR,,17,1617608935,1778263220
covaccino,SE,,3,1587594811,1778269908
max24150,FR,,30,1554623130,1778167838
misterscoops,KP,,20,1737316187,1771234008
bundyhorse,NZ,,5,1636721665,1778312464
yassin3241,TN,,17,1673180851,1778243000
nikitaccc,GB,,17,1671961190,1778227700
lilgeo26,EC,,1,1699145015,1778164897
marisella1,CO,,48,1693742151,1778293580
shokirjon19750,UZ,,1,1722223253,1778054656
dilmurod344,UZ,,15,1590348917,1778308110
happylucasguy,US,,7,1662671870,1777663851
sarangwarad1207,IN,,15,1711187923,1778243628
massimodiz,CA,,7,1512174808,1769375450
tom-sanders,FR,,35,1554390704,1778257086
bryanelkh,US,,1,1576607768,1771874239
arnav_gupta_ji,IN,,4,1705396016,1767505004
hdssndss,CA,,16,1677248233,1778312980
eljose07,AR,,12,1612909464,1778299962
babousheyt,FR,,7,1663531533,1774795650
jo-monk,FR,,4,1612709913,1778054664
mfhri,ID,,9,1730798245,1778238206
specfav,NG,,16,1699572241,1774179252
tygrys1944,PL,,30,1638781544,1778297367
thelordjl,PE,,5,1609361495,1778128479
karppovv,US,,1,1375708657,1778291423
pinguxpoilux,BE,,4,1634591007,1778273784
luispok,ES,,4,1646420520,1777866823
112att112,TR,,5,1386445725,1739572990
krish280,IN,,73,1631695615,1778313303
alexpalexp,CA,,7,1465848510,1778273005
rashedalnqrshr4,JO,,17,1688276428,1775561257
bigbosss007,SY,,110,1606174597,1768391952
rewdog4,US,,9,1450582161,1778301675
kemaliooo,TR,,11,1730659657,1778259528
youssy200,CA,,15,1497979522,1778054676
adilrafiq,XX,,29,1610557777,1778290719
carlosola,PR,,5,1606416588,1778273596
osama170628,US,,11,1707204995,1738601136
denniston,US,,3,1513580927,1768233750
green0s,NZ,,5,1692692850,1778303449
hanmaclan,IN,,1,1729862453,1758518319
maxp92,DE,,1,1660838626,1778299874
fitipaldis33,ES,,2,1611878036,1773185757
human2004,IR,,23,1539751207,1778256410
paulo9909,BR,,12,1689199939,1778280618
camilobe,PT,,0,1491929505,1778313671
daab97,MA,,14,1518130091,1778185574
comet3sula,ID,,7,1689188513,1778230257
karlsenguga,ES,,5,1377651390,1777925531
teije-06,NL,,15,1672156915,1778247731
mk_officixl,BW,,27,1680538822,1778199448
yasseresmat,EG,,1,1704012122,1778261550
scottystone17,GH,,85,1498429885,1778231205
arjunchoudhary654,IN,,27,1672592426,1778301466
ddor98,IT,,5,1604259884,1778054691
luke_sniper,BR,,21,1682935725,1778286332
icoot89,IT,,15,1585261437,1778298857
hedanilll,RU,,18,1676280610,1778249888
guteee,PL,,1,1674421367,1776698034
adityakarkera47,IN,,8,1591589207,1778231255
cleitonfe,BR,,12,1617123493,1778288602
ach22et22aussi,CH,,13,1663704652,1778242753
arashfatemi,KZ,,16,1606858476,1777961272
new_player001100,IN,,1,1673806348,1778302460
vanmeeganathan,US,,11,1541212009,1759890707
mihce86,DK,,2,1676639853,1778062545
faisalarafat123,MY,,9,1622901785,1778253626
toni2882,DE,,7,1574119660,1776472244
promeille,CH,,8,1622053341,1778129704
sam7095,GB,,2,1610459737,1778313372
raffael-rs,BR,,28,1730829133,1778054704
notgood0_0,US,,10,1602277398,1778282537
learnrupesh,IN,,8,1702555352,1778296672
zorgette,CA,,4,1575863193,1778252311
belyi001,KG,,3,1728829413,1778227728
philvdb,BE,,7,1447802376,1778247667
a-k-a-y,XX,,3,1616777137,1778235219
klenca,CZ,,8,1626464478,1777307623
megustatudama,MX,,2,1735185848,1778054710
prathithr,US,,13,1642529025,1778311845
khanitz,IN,,7,1732620806,1765705589
djeda,RS,,15,1384604096,1778279579
aqzed,FR,,17,1692188560,1767207127
chessimonr,AR,,4,1730660583,1768246048
fishygambits,US,,81,1721182472,1775191977
donjohn1997,GR,,8,1615331391,1778292908
whitezred,RU,,15,1666207341,1778299207
asatryanarman,AM,,5,1671740586,1778275522
amadman23,PS,,44,1674223859,1778286295
marshallfair,US,,0,1595209749,1778257321
pl4y3r2k24,DE,,1,1707249971,1749827928
tg710,EU,,9,1685967935,1776191625
deepdishpizza_fr,FR,,5,1670780750,1778295281
jolacea,MK,,5,1632680133,1778226463
gabinlegamin,FR,,13,1612638032,1778054722
adamwilliamthegreat,GB,,27,1659709012,1759419746
rebell135,DE,,2,1700423044,1778311179
dancheva14,BG,,4,1597817765,1778054724
hormaldik,EU,,52,1714235764,1740186672
mansam98,CA,,137,1686819291,1778308961
lllsandmanlll,AU,,86,1606718539,1778226244
tequilla213,DK,,5,1584103540,1778253758
x-6782481301,XX,,7,1677450876,1757322916
thasupplyr,US,,6,1631488314,1772149086
freemangunner2,TR,,84,1671659942,1778234886
piodoras,UA,,10,1690741132,1778054730
nikolainadeev,RU,,8,1701409095,1778288761
entityz,IN,,47,1604144599,1778246862
al9,KZ,,5,1274533069,1778122574
soybeby8,BO,,1,1716413500,1741713109
nailuj76,ES,,6,1392501132,1778270987
segio_gordievic4,UA,,21,1707313096,1778265886
aardmann,TH,,43,1656006052,1778311925
skidichillisti,FI,,3,1661118284,1778261675
ciaked,PL,,2,1610391026,1777760030
chickboya,QA,,8,1465496796,1778220862
cksangmas,IN,,44,1735933957,1778307906
tuvacheden-ool11,RU,,0,1689761787,1774283715
jzkobb,GB,,16,1677278260,1751231166
ssgs1412,IN,,4,1542530772,1776353568
challengers_daddy,IN,,6,1606639174,1744798734
justgetbetter19,DO,,17,1593038955,1778293870
arthurvizb,FR,,4,1735138905,1778054743
maddimitri,AR,,22,1534002315,1778280774
fiescher87,RU,,9,1651914357,1778169857
davekindipan,PH,,1,1675784308,1769521439
polivan,FR,,1,1398522889,1775419397
krebzz,TR,,2,1542299544,1778248923
amantay83,KZ,,1,1550592197,1777639004
casper-bailly0,SE,,6,1671917959,1778228884
raggeddog,FR,,6,1607864455,1778307427
punychess24,BD,,10,1704020609,1778253210
burketra,US,,104,1557165357,1778293806
rororollo,IN,,6,1690213242,1778307177
ishanbanerjee28,XX,,23,1719572251,1778312768
tyrkus,PL,,12,1606672782,1776671291
dahabat,MT,,2,1557873547,1778274484
ahmedjaafar99,IQ,,17,1585240238,1778279454
alexbins,US,,47,1472009935,1778284285
make3e,FI,,10,1627678992,1778310307
2000vordemort10_27,AE,,15,1691190991,1776691014
greenjuicyboi,GB,,23,1615990199,1778282951
h_riba,XE,,12,1675350499,1778307066
koninapower,TR,,4,1601039514,1778268721
agusbuenob,UY,,17,1663536036,1778194843
als_55,UZ,,17,1641625793,1776840150
m7g22,EG,,0,1639141789,1778054761
randyrko1999,RO,,1,1629935786,1778289642
blazestorm2003,ES,,12,1656934182,1778288903
sajilsaamlaal,ZA,,34,1675263273,1778273075
dieuntoten,US,,0,1649345441,1778002894
denydwi,ID,,0,1733738490,1778311383
arcticani,IN,,32,1605341346,1778312416
moozeart,PH,,29,1677566017,1777371929
gmamitkori,IN,,35,1673356172,1778310714
seinsation,CH,,12,1547758757,1778289124
dctwofive,CA,,33,1604898905,1778311412
scalu77,NL,,5,1601323796,1778265446
vergieanantaaa,ID,,304,1676232063,1778289911
jvx_71,IT,,19,1659114041,1778308735
pittimiguel,AR,,11,1609127253,1778251424
stevestevensonthe1st,AU,,27,1611376130,1777724905
ghandisouliman20,DE,,4,1691749011,1778276134
noe34,MX,,1,1588354341,1757022474
bholiday11,US,,0,1736449821,1739640299
mobolaji1945,GB,,2,1704544380,1778280573
alejjime,VE,,14,1658343284,1778194419
bala125,XC,,3,1604940262,1778058108
rijadshehu,MK,,3,1713687796,1753626296
strannik_x,UA,,6,1504776333,1778237056
balu28,IN,,30,1563236289,1778293863
jodoner,MX,,9,1666326102,1778295032
joelkirkland,GB,,26,1587807075,1778305354
serdarowsky,TR,,4,1694612798,1778285585
logaiter,ES,,24,1632643348,1764181073
cidcord,BR,,1,1735568391,1777000594
mallory-martin,CA,,20,1607554466,1778305666
ronyuwu,HN,,20,1607199451,1778296374
fork_you,US,,8,1266544996,1778200881
rothdawgg,US,,2,1616098669,1778273574
siraf92,IT,,3,1679664373,1778260542
wanderingaengus,IE,,6,1505042566,1778312118
jgnat,CA,,32,1486232777,1778307006
skoczek86,PL,,12,1588854149,1776366280
uncleland,FI,,3,1384802522,1778300861
jerrybishop51,US,,95,1324420227,1778313331
tetetetebu,GB,,0,1674677574,1778281183
ryakut,TR,,23,1623587138,1778273651
vietdeptraivcll,VN,,3,1731846622,1778054793
11_atulg,IN,,38,1423633893,1761380358
ranandipon,BD,,4,1658278391,1773168578
tomekp318,PL,,2,1598635437,1778011118
budha25,IN,,28,1697305042,1773510206
minrai,GB,,33,1303845640,1778231598
zakischach28,MA,,11,1735406578,1778284608
bernabeu007,SE,,15,1423848482,1777847624
f1resong,UZ,,15,1707577843,1778253310
cemutkann4,TR,,30,1519026735,1778149763
jacabat,MX,,18,1512088682,1778116271
subra14,MY,,22,1502827696,1763780984
yanick52,AU,,52,1536653885,1778288425
amankanishka,IN,,26,1602220048,1778154599
mohamedelkady81,EG,,6,1692974072,1778297119
hodakarama,EG,,8,1651996437,1778314004
iiaaaaaaa,ID,,9,1680237270,1778054805
pratya1111,IN,,7,1560847992,1776066984
monkeyinthewater,US,,15,1593995603,1778306459
oem2000,TR,,1,1701681979,1778252617
ramzyhassan44,EG,,11,1612367562,1778287125
ferbuerotrebino,AR,,25,1613407621,1778277723
wellthatsokay,US,,24,1591153433,1778274833
dzban_99,PL,,0,1577194490,1778300713
ajedresista100,ES,,2,1724064386,1778286555
aryanxoshakya,IN,,16,1686727799,1766044719
shaqlah,AE,,15,1628880845,1778313706
icepharma,IS,,2,1667670978,1778247553
patt_spencer,DE,,6,1607289368,1778190009
maiquey_chess,BR,,9,1635267600,1778054815
zwartitudee,US,,7,1712350813,1778293270
ck6525,MX,,5,1684883556,1778285690
harryw99,GB,,3,1646930450,1778313925
nednedned911,VA,,26,1642878852,1778269908
vladimir260584,UA,,12,1649678264,1778251787
bardzinek,PL,,13,1586683257,1776266984
rdillon55,XB,,1,1730671358,1748813168
tiggyybb,GB,,1,1689113412,1749551399
nashatgattas,US,,0,1637005953,1778290954
salahc77,DK,,2,1714383746,1778278943
ziakhan-1,PK,,66,1635860925,1778311032
joaop_10,BR,,4,1703229034,1775179908
athleticreason,HU,,3,1585128868,1778313096
drfailakawi02,KW,,3,1676070689,1778054826
lichowski19,PL,,2,1697906656,1758655097
oleh86ua,UA,,0,1683227072,1778270920
d1d1z3ra,BR,,0,1708185778,1778268302
slytherout,HR,,6,1707996339,1757027209
babynabu1,IL,,9,1530361698,1778262085
420oakley,CA,,6,1675389805,1769558908
zeenabenjamin,US,,5,1594743983,1778268030
viveknotfound,IN,,5,1690658628,1749641200
elyouzoo,EG,,20,1684405540,1778176374
paozinhoum,BR,,2,1529098185,1774027549
arjaycontractor70,CA,,2,1654562304,1778226964
tthepro,IL,,12,1575021614,1769442504
xnexas,IT,,3,1674320979,1764785762
thezenrook,US,,1,1738769506,1740294071
drewskidog,US,,17,1374488041,1778313390
paulowens,US,,19,1270692118,1778296310
potatotornado1,US,,14,1678324915,1778304970
hemojit,IN,,12,1696143866,1778312570
karri529,HK,,16,1676095641,1778272399
rotnow,IN,,14,1702276792,1778310676
didier2021,CH,,0,1608843928,1778267499
vasal2002,UA,,2,1697255032,1778161865
waaannnooo,PH,,3,1718272320,1778291107
afrothymilkshake,US,,2,1642433665,1778054844
o_team,FR,,7,1706617512,1774099841
syedusama70,PK,,8,1538578022,1778280537
somebodysomeone62,BE,,21,1607726110,1778313785
carlnus_magson_1,US,,7,1717359313,1778281045
wrsofilho,BR,,35,1697307923,1777932977
wayt00easy,US,,11,1706636417,1778054849
jiieeen,US,,9,1593893738,1778291657
thejean1215,CL,,0,1720630683,1778247598
oknksr,TR,,17,1734530275,1778277438
luan_365,BR,,12,1537235656,1777729072
hondacrf450,ES,,10,1674596782,1778302343
timur05re,RU,,5,1608723760,1744581478
brandonshad,US,,5,1659632939,1740019238
ruilua,PT,,6,1658446530,1778285193
ardakalaycioglu,TR,,3,1656166187,1775387680
alwaysredo,VE,,82,1586482178,1778296083
mtbc2011,US,,11,1675816960,1778296819
nesneros95,GB,,3,1671187760,1778310910
sybo12,IN,,5,1652870218,1778299127
temucin03,TR,,19,1699182342,1777209455
serg3521,UA,,3,1612188164,1747858869
fat-thor,FR,,8,1577560507,1778253944
giustefer,IT,,2,1612893410,1778311857
pioner_87,ID,,0,1728487232,1778236187
skero51,HR,,10,1599164237,1778296781
maciczech,CZ,,5,1674414988,1778312875
chessking9065,US,,22,1721340447,1778254425
bobtuit,CA,,32,1395695655,1778304624
skeptic28,US,,9,1635618403,1778287872
nottbee,IN,,55,1706115837,1778263308
darkredseven,SG,,9,1633682500,1778309252
schnit69zelcz,CZ,,19,1673728206,1778239848
alioguzturan,TR,,13,1542820719,1765730376
harunnntsc,TR,,4,1555489496,1778254861
benironside,US,,1,1643188364,1778310730
fetidpeasant,US,,0,1692056042,1778268281
snydlichpyco,CZ,,4,1735482958,1775497363
jordymacdonald,CA,,22,1690728182,1778297991
pacomi20,MX,,10,1421785251,1778311339
no_name_3a_7c,CZ,,2,1737670721,1740736323
by_ferid,UA,,15,1706473581,1777595501
chrismis888,DE,,15,1661345653,1775250790
2000holly,IT,,0,1737399779,1778054877
isi-i,AT,,2,1734451220,1778252468
yw2015fcb,FR,,28,1688768283,1778269393
riverhater,RS,,8,1262569235,1768721405
ruohola,FI,,10,1522544737,1778075957
mbaash,MV,,5,1691616903,1778156515
mojojojom23,JP,,6,1478101155,1777007452
manpem,PE,,1,1716237916,1778054882
lpeer24,US,,7,1637032621,1778302657
vineetahir,IN,,10,1676029114,1777801742
royaliver,HU,,39,1568618529,1778305153
amarty2251,US,,0,1697834183,1741395241
akuttu,XB,,2,1659133279,1777039242
blacknaad,GR,,2,1640670812,1778311321
kisuhampii,RU,,9,1704640364,1748701960
pigty321,PE,,6,1680062433,1753972923
mokhtar-lt,DZ,,34,1725367953,1777150692
dexy31,ES,,0,1703496453,1774868583
junztttttt,ID,,0,1697172718,1771773322
chs1212,XX,,0,1700047506,1776453131
max-gaming-001,PH,,1,1737161115,1744449847
venkataram116,IN,,35,1728473133,1775306587
jinansh1711,IN,,22,1692703219,1778139942
poweredbyrac1sm,PH,,5,1681873468,1778099277
tradersplace545,DE,,1,1737047494,1769375713
iman_62,NL,,0,1712589123,1741034021
dinler50,TR,,16,1603548645,1778262888
hasnain12252,PK,,30,1699481361,1778010003
maamador,PH,,5,1680085132,1778054898
mazeikaon,BR,,3,1670175445,1778276733
braden926,US,,7,1659292866,1778275654
toudjine,DZ,,25,1709110866,1778189836
stanygaliana,FR,,11,1684088353,1778278928
jbalfe,IE,,106,1704388367,1778270524
kingbenzema11,SG,,11,1561201869,1778054903
wisata,NL,,24,1469820044,1778274366
shmzq,ZM,,11,1662313858,1777398203
noahsiev,DE,,31,1640283706,1778256258
yafiggg,ID,,3,1735464503,1778054906
buljatti23,HR,,3,1732745571,1778054907
kkeepsmate,ZA,,27,1733734288,1778177484
monsech88,XC,,8,1698719065,1778266513
lesjan,UA,,2,1600030313,1767126297
olga12121212,UA,,43,1653608669,1778246407
luckystrikemike,NL,,23,1629040973,1756404868
wizardzg,HR,,1,1508483877,1778241281
jinglewell,IN,,8,1620793053,1776088402
rajeev7dec2015,IN,,75,1450075513,1778302941
amitsharia,IN,,15,1696100402,1774688984
corialius,DE,,3,1656348321,1778289194
aldoapaczraine,PL,,17,1671790651,1774550071
prakharvarshenya,IN,,18,1641613409,1776872542
jimbub777,TH,,0,1679515240,1778278490
woody890,GB,,7,1604657687,1757074072
pessilopers,ID,,0,1682759678,1746640836
rouxpie,FR,,0,1637072022,1777874198
a7anik,CA,,26,1674767622,1778272736
chess_champ2,XE,,7,1371425955,1773737105
dnss-fly,BR,,4,1608663453,1778289676
pakkahaarunga,IN,,20,1589469366,1778308523
ras0223,ID,,3,1729601951,1778307840
niyawda95,TH,,0,1731938562,1778054924
nglenister,GB,,1,1605573336,1778311789
lesmana11,ID,,4,1617206898,1775719448
shri_loves_chess,US,,17,1465942581,1778054926
martinbertsch,CH,,13,1638972725,1778087348
bpwoodall,US,,72,1616190103,1778289923
gonfl10,FR,,1,1738364320,1741646114
james10383820,GB,,12,1659551313,1778265397
eryrc,XX,,13,1670851870,1778269532
jhimmy_m,BO,,5,1725136276,1778272513
p00pbox,US,,25,1703654717,1778295050
e1ik,RU,,8,1672235211,1778149774
sohamladkat,IN,,1,1643115451,1777489149
chabuleiro,PT,,14,1607526999,1778173288
lnyzukol,RU,,27,1651946718,1778242963
niki1420,AR,,22,1702532908,1778302267
halwapoori68,IN,,17,1542790864,1778307171
naranjo92,CO,,19,1609992391,1778268568
urdurrgs,US,,51,1679657964,1777837008
joeprokill,US,,11,1609459406,1778163885
husog,TR,,10,1700771701,1778243208
vigor002,CA,,7,1611543695,1778278975
carboda,FR,,7,1625924660,1778268714
henriquesimioni,BR,,10,1620826110,1778244097
kerametbey,TR,,8,1607944193,1762890606
blackzenyatta,VA,,6,1710774208,1778268953
dst11537,IN,,9,1697030559,1778054943
aska653,US,,1,1644540736,1778237028
niko2424241,XX,,6,1679685165,1760437740
rishabhjain111,IN,,21,1612121489,1778092551
vaggelis1926,GR,,7,1682604542,1776564795
hasapis,GR,,3,1460672589,1776805704
f2yazan,IL,,2,1732717761,1775403447
choo456,GB,,11,1559858254,1778231033
alexkurylovich,ES,,9,1705622444,1773137094
k_a_h_e_l,PH,,44,1550719642,1778193894
enriquemarin995,ES,,11,1608648760,1778313060
thanasis5891,GR,,5,1660913955,1778102407
math1911,BR,,18,1617210503,1778267231
adrianceteeljaques,VA,,16,1571740407,1769019982
eneskingu,AL,,14,1644701215,1778313125
ashwin2511,IN,,57,1588265518,1773575059
peki1983,RS,,8,1463814575,1776883896
pritam808080,IN,,56,1733713086,1778297954
tomchess42backup,FR,,6,1633373142,1778269049
nikiminsk,BY,,1,1664361971,1778054958
daniel_franco10,BR,,5,1655209508,1778054959
cks_1436,CA,,2,1403760224,1778283600
wazakikii,PH,,5,1628928828,1777757086
u0524502065,IL,,2,1549646052,1778281418
mmdhusayn,IR,,3,1728468675,1778054962
jhum97,US,,4,1629680583,1778128168
henzocarvalho,BR,,13,1622672565,1778302162
edu_cachorrao,BR,,10,1613512887,1778272617
halumikoo,IN,,0,1724890078,1747432288
sarveshraider,IN,,16,1719565726,1778220298
newmna,LK,,36,1654970206,1778054966
02_stvk,IN,,11,1690713103,1778302787
filippo1963,IT,,11,1607289138,1778309540
alvalentino21,ID,,10,1625849996,1778220453
gj_channel,ID,,7,1675928096,1765903015
don18antipuesto,GB,,4,1688348221,1778313904
japaokazaki,BR,,14,1668880711,1776817451
x-5445832033,XX,,5,1611264284,1773308063
jankes123321,PL,,7,1733950479,1776344428
karthikkdtvk,IN,,2,1675490119,1778269211
truiylegendary,CF,,7,1697971300,1778310605
dragon7777777777777,EG,,8,1737461522,1778272552
amir1995amir,IR,,0,1737791020,1750258892
aarom20,FR,,2,1736025664,1775216466
paper_boy_22,US,,9,1689988604,1778295622
elton77777,BR,,185,1633475586,1777124144
stivenst_17,PE,,7,1696700520,1763499596
mr_m1d,US,,4,1675749683,1778285644
dajjose,US,,14,1612983306,1773187240
coreofatom,IN,,5,1608470183,1778222602
pizzaandcheckmate,TR,,12,1738914072,1778054982
x-7257346469,XX,,3,1714106437,1774590324
theotjd,FR,,1,1739385901,1766231620
paulwheeler-really,NL,,10,1657830635,1753607157
blacho65,CO,,0,1694551956,1778310090
mikeortiz-nieves,US,,13,1265037069,1759019488
dan_killjoy,MX,,16,1572882875,1777928490
goosefrablet,FI,,7,1656078853,1778313772
govh,ES,,4,1609171930,1778159617
franckiker,FR,,10,1467920368,1778028627
plomba4,CA,,12,1692416976,1778295482
contadeagua,BR,,0,1730133935,1773243117
arthur_fernandes06,BR,,13,1715699771,1778288345
setherakh,FR,,0,1739408021,1758048854
wthreadgill87,US,,3,1665085862,1778268192
guijulio,BR,,5,1673297944,1776979347
anicechessplayer,MA,,13,1622460320,1778054994
perspicacious777,NL,,3,1707864722,1778105047
jkelly1313,US,,12,1595653824,1774026219
sleepybanana123,CN,,6,1719504541,1777844354
ghazalinoor,PK,,15,1545044848,1778095176
pavanvicky7,US,,1,1726120674,1752650355
verbye,US,,4,1673208379,1778312726
ali18802,US,,6,1609714336,1778291209
ronny8724,CA,,6,1676680167,1778055000
arthurcesarfigueiredo,BR,,7,1665113705,1778279613
francolucio289,AG,,8,1660534213,1744499659
dum_dummer_dummest,IE,,25,1728744674,1778286329
kalirajah,IN,,24,1715919675,1778304968
ali198408,RU,,6,1677175500,1778265129
ladas2524,CZ,,5,1735549122,1778311197
tpaxmachine,FI,,0,1688148633,1749301750
amy_10y,IN,,10,1680524824,1778306374
ryanheub,ZA,,5,1609102310,1778309815
fealess123456,TR,,9,1675085839,1778310275
anypain,CH,,6,1696160153,1778251717
lalalaursen,DK,,4,1592035943,1778312943
vbkl,AR,,14,1611970618,1778065556
frenchguybeatyou,FR,,3,1731578039,1778246189
bratslevin,NL,,1,1691346168,1778267240
bechabel,DK,,11,1612430316,1773494187
afpclaud,BR,,9,1440874338,1778239975
nimg14,BR,,0,1739371247,1778222684
mhejazi98,IE,,9,1696091722,1778266795
microsyntax,CA,,32,1477891341,1778300552
joranisgoed,NL,,4,1682193302,1778158770
cypher971,AE,,4,1672992185,1777410837
elgi026,ID,,0,1738086505,1741763396
diegosantos2021,BR,,4,1630192658,1778288219
asawinasawin,SE,,3,1634641061,1775545247
deanamann,GB,,16,1604179445,1778179555
charogandolfo,UY,,7,1648402924,1778206524
kofftaking,DE,,8,1611471687,1778260939
x-1990411118,XX,,1,1604169808,1765856673
viktor2281703,UA,,5,1612637333,1743021275
catsuperlover,HK,,1,1673600107,1764983929
0xhehehehaw,DE,,3,1673722426,1762624848
nicolai_hs,DK,,3,1610916664,1778055026
spatzles,FR,,1,1614860659,1778262610
pouya398,IR,,5,1717592023,1752136321
vishzs,LK,,2,1736346063,1778244438
grunch_mx,MX,,184,1696952774,1778290610
adviftekher,BD,,11,1653895983,1778313952
dev_liviu,RO,,2,1466287149,1745523453
jblemaltais,BE,,5,1605283319,1778310373
chabibel,MA,,28,1738685695,1778288623
keissistara,FI,,9,1680111193,1778306305
heartrosetta,KR,,0,1639908455,1778239225
hozaifa_568,ID,,4,1659445682,1778312313
eyelumni,JM,,8,1604679610,1778284710
pedrope96,IT,,6,1671901001,1776903788
ahshsfbdth,TW,,13,1679628952,1777291726
bahman6,US,,11,1595337236,1771418099
69learner,IN,,1,1736797381,1757332032
csaridis,GR,,14,1706310756,1756142712
chiboydbest,NG,,21,1677792170,1778168324
yesidontplay,PH,,0,1737389390,1741948687
saltlakecaramel,BR,,14,1675720135,1778193301
kiyushin,BR,,8,1592262198,1778290521
lokstok008,LT,,4,1615464465,1778256852
penjari,FR,,0,1736963584,1778055044
deadhawkchess,US,,2,1662700962,1778294376
skpandey84,IN,,10,1462250961,1778258127
david_mu7,DE,,14,1678548833,1777559531
zewv,SA,,6,1624830767,1778055047
notanotherdavid,IE,,0,1681143582,1778064078
roirui,NL,,6,1714583668,1778313924
wonderwomay,ID,,7,1616140290,1778313988
book_62,IT,,83,1702313485,1778304534
jwydyd,MN,,31,1699243700,1774943684
jeffyza,ZA,,16,1679003252,1778247236
juanitoalzate,CO,,1,1718756653,1778242909
ivnm94,PT,,7,1737504202,1771559462
crimo0017,CO,,3,1691779268,1777956524
nahhbispo,BR,,11,1606364810,1761753502
nono010101,VN,,10,1695727313,1773923836
ayano-ss,SA,,6,1675769635,1778055056
padster230805,GB,,14,1521296386,1778267140
riskym12,ET,,24,1711910682,1778307700
lcpetruquio2,BR,,0,1725141210,1776798898
joshuadeck,US,,23,1609905222,1778292966
alfiguigui53,FR,,5,1698323670,1778286738
19840707al,UA,,1,1704657788,1752067006
thiam-laye,SN,,5,1736613862,1775271115
hian173barth,BR,,64,1605464983,1778291807
festusezeli,US,,7,1604074472,1778305546
abdallahamrsaleh,EG,,10,1671035302,1754827015
cronosian,BS,,20,1671045045,1778313629
suburbanguerilla,GB,,26,1416949888,1778081104
littlewoo,SE,,6,1670693190,1777896561
raykid20,US,,24,1569550807,1778257608
sammaior,UA,,1,1701338797,1778055067
urvos,PL,,0,1609516575,1778280422
harshchoudhary1873,IN,,24,1690133701,1778313468
lboy626,US,,17,1700871153,1778288296
shiguerovysk,BR,,12,1724326113,1778280616
apxutekt,US,,7,1500225751,1778292528
madargue,FR,,6,1690546432,1778308453
sittingcarton13,US,,11,1676053564,1778278184
pxq_3,SD,,6,1737905464,1761396581
saatvik-2010,IN,,15,1717315336,1777819362
smalt45,FR,,11,1673736757,1778274638
jorge1721,PA,,8,1531759116,1778310389
ihatemyself11,US,,24,1687129738,1778279657
mauricye,DE,,10,1710580031,1777798098
tommytankk,GB,,5,1701262463,1778055078
khaotiko,MX,,8,1609204000,1776638796
jaedong1982,FR,,6,1558476945,1777900700
solimaneldoc,EG,,18,1607713164,1742963978
reykocz,CZ,,1,1725216930,1778275451
coupduscorpion,CH,,18,1640164205,1778291243
emadaldeen79,SY,,2,1699541107,1768167041
vincent-fr,FR,,10,1613289090,1778313706
luqman54922,PK,,22,1615558798,1777285882
adass79,PL,,0,1634239133,1778311962
gazteaea,ES,,4,1619103525,1777394638
2ndtolastdodo,XX,,8,1644187331,1778270544
galbz00,GB,,17,1603267811,1778079415
adrianfeer,PE,,11,1575316382,1776867416
c4r0l4,XG,,17,1555929423,1777932016
leebvi,GB,,2,1737651033,1778055089
luitzsche2024,CL,,3,1729047872,1773874951
na521903,US,,66,1593192288,1778289935
henrycarchemine,FR,,13,1520000666,1778276821
kjdjdjdi,AU,,6,1713188697,1764257656
lightios,CA,,8,1607367925,1778260829
zweivordreilinks,DE,,3,1716225458,1778276519
jayllemos4,PH,,4,1680951650,1778136406
dnsirius,IT,,8,1704909280,1743873139
babbar10,IN,,2,1716484684,1778055096
satyamtest1000,IN,,9,1622607871,1778298534
akpeter,BR,,4,1607018957,1778276009
lucashuggler,BR,,8,1537368136,1778274410
jmburns,US,,1,1723806350,1778290799
saaddag05,RU,,37,1577315336,1778055100
mohamadparsaghafari1388,IR,,1,1738949540,1746389107
alexanderbriceo,VE,,63,1612355737,1778055101
qwertynamekot,RU,,14,1603580965,1778246477
libertyhaze94,XX,,10,1660301138,1778305491
ssehc2024,CY,,2,1699031662,1778313927
smkoko01,IN,,0,1716361968,1778234011
phoenix_mp3,XS,,5,1700378571,1777019325
gandizard,DE,,29,1672173438,1777754622
edb8822,IT,,11,1612908065,1778288741
uwu_11uwu,IL,,0,1677332003,1746680983
vulkano03,AR,,2,1727619079,1767382327
steffortless,ME,,7,1595944686,1763456319
ihorstr,UA,,4,1648488324,1778290270
bretzelbredele,FR,,2,1735293319,1778055111
semek207,GB,,10,1661013915,1772765869
mantaralla10,MX,,2,1661707931,1778227028
raggedbelief,NL,,1,1567351785,1746523638
sweo7,DE,,30,1705178844,1778312367
lukasj16,NL,,4,1609105487,1777861072
anneurysmc92,DO,,0,1734134717,1778291521
elviolages,BR,,35,1636897272,1772914756
kunalhiray,DE,,3,1712747597,1778314285
starblind666,GR,,1,1723155983,1771271793
thialu2305,CO,,3,1722298200,1751116797
alsoraimi1,YE,,5,1714265100,1778226701
bgusa,US,,3,1690297774,1778305858
7amood2,EG,,13,1700230114,1778258328
sudipshrivas,IN,,4,1716799491,1778298866
shiba22,XX,,29,1623579908,1778312695
abdumalik_abdumajidov,UZ,,2,1739641618,1741198537
verbo2,US,,4,1674249430,1778214701
tammyxxx,BA,,13,1738752984,1778055124
yasaryakut16,TR,,29,1675616526,1778284116
lauri889,FI,,1,1602778399,1778055126
mauror26,AR,,2,1546536282,1761851234
krishna_chess,US,,9,1274413125,1778309564
m_e_66,TR,,1,1613418116,1778255390
hassanemre,DE,,20,1674312516,1778055129
ibrahimabdulmaati,HU,,12,1671037707,1755635110
gontrantator,CA,,3,1657137000,1778297521
louisplaasjapie,ZA,,13,1673018432,1778163711
romeosmart13,IN,,0,1530791834,1778257156
tayyaarrr,PK,,5,1697564067,1747597333
maerd3kk,MN,,0,1704368705,1777051767
mfstrange,GB,,3,1655120075,1778246069
austenhibler,US,,8,1469045088,1778055135
0_pranshu_0,IN,,3,1423898139,1775206295
adamchudy,PL,,5,1601301730,1777808423
decwakeboarder,US,,0,1205951751,1778277228
ahmad_99,JO,,19,1501575359,1778055138
lilphatty666,US,,1,1706804502,1778294674
gegostyle,DE,,5,1622234719,1778183761
stephantosh,DE,,0,1604774429,1778071416
mgeiger312,DE,,6,1615053392,1778252930
gamemainic,TR,,7,1668868383,1778102066
ahmed17181920,IQ,,13,1722719345,1778084236
supreme_platypus,US,,1,1594586465,1768518564
ervthus,AZ,,5,1712237139,1778246380
sherlockinho,XW,,1,1613047049,1751221180
3mk_200,YE,,2,1678449412,1778279208
simeonfie07,US,,4,1687623078,1776740608
parsianmaster,IR,,18,1457038612,1778310904
kersaint1,US,,41,1670390073,1778306381
kenvindoan34,VN,,5,1634920377,1778190996
fepicasso,BR,,9,1668017898,1778272165
charliemc98,FR,,1,1721769361,1778264227
nightfabi,DE,,21,1668072348,1776183414
anuchessomg,DK,,1,1722000373,1760642526
applejack888,SG,,0,1717558128,1778313106
javymiranda,PR,,59,1661308195,1778295700
jumbocane121,CA,,4,1699583078,1778312872
leuyke,US,,11,1672683665,1778278495
zanurban,SI,,10,1672735636,1778252924
goata,US,,1,1602366524,1778252776
m3l0nc0lly,IE,,3,1609894919,1778246086
kaito_ono,RU,,2,1698605785,1778305182
cia_agent434,US,,10,1699400005,1778055159
kylrstone,US,,5,1671996881,1759874577
sushrutsheth,IN,,4,1645206440,1777104540
flipedbear,CL,,12,1622815707,1778289984
lucasbsouza,BR,,16,1710430419,1778290764
perseo-10,ES,,0,1724250435,1778251949
pierr0tlefou,FR,,7,1698694252,1777662820
vityaj,RU,,3,1673131888,1778184985
keym555,UZ,,3,1721581200,1756918506
soumitra345,IN,,7,1735715548,1741369004
broddawg,US,,3,1673542902,1778277903
fearless3337,IR,,20,1735301968,1771623133
duke59320,FR,,1,1736798281,1778148934
matrixbailey,US,,4,1540733840,1778055169
dark9982,CA,,2,1735597797,1778055170
d4ve18,DE,,27,1505571917,1778307115
rohit_yadav19,IN,,1,1736130311,1746721053
walter507,AR,,4,1631296821,1778281510
banulja,HR,,4,1684481110,1778247687
twainie,NL,,17,1666787702,1778249688
bigbickmove,US,,6,1677397322,1778301830
josercruz01,US,,2,1656292437,1778289196
pcu23chess,CL,,18,1707446618,1778300784
babalaw,US,,2,1685304769,1778304700
jimmyves,MK,,19,1572186776,1778246142
gordodenatureza,BR,,14,1610992895,1778179752
ssator1,CU,,12,1726830903,1778300878
sluzhy,SE,,20,1661635448,1773095732
alexchekemat,FR,,16,1609462761,1778267635
eddietf,ES,,3,1577751941,1778307619
limm666,DE,,1,1670368223,1778055182
edizx1,IL,,1,1639942415,1778305016
mastrocacciavite,IT,,5,1593013562,1766926010
philoopp,US,,12,1584489630,1778124952
xeravon,FR,,12,1585328625,1777039847
jonasrosenzweig,DK,,7,1496091294,1778163915
hehehhehehehehhehehehhaha,MY,,0,1718952165,1763258037
gunamc,IN,,2,1696231430,1778302273
tvsteve,US,,10,1609379515,1776537703
x-3687468548,XX,,2,1688253649,1778055188
xcen3,PL,,1,1684142862,1778089606
dalu19,DE,,3,1670284149,1778313107
freakenstainn,ID,,1,1614862153,1777881261
stlst,BY,,7,1673002311,1778313842
bradt487,XX,,10,1690947821,1778307815
frat3838,DE,,1,1733823010,1778272512
iyeeddd,TN,,12,1689759668,1778055194
petterrn,BR,,9,1687549764,1778055195
9awn,PL,,2,1512337975,1777134621
stypizza,PR,,23,1617112118,1778270635
darkknightdark1,IN,,4,1557939542,1776671132
kashmirpeanut,UA,,7,1683070236,1778219845
allm1ght,BE,,2,1586981771,1770724860
leo02062017,IN,,2,1329422820,1778050725
rhrvjwzja,MD,,13,1599464163,1778246465
imraydalio,ES,,6,1724435720,1754221053
hamadalmjbre,LY,,18,1686356774,1778241880
hassan_marfr,FR,,42,1641750353,1778276847
mhoussien,EG,,33,1621612514,1778308633
fatehx,LU,,41,1610798084,1778309473
pfdeyz,UG,,32,1690127129,1778256528
dudujah,ET,,7,1554727279,1777685399
m-pressive,US,,82,1704515027,1778310254
blackroux,BR,,8,1633286133,1778150428
mrszabo,HU,,5,1617482967,1778278236
loco_perenne,MX,,96,1543254065,1778301596
zura0_0,ID,,1,1722953420,1777748296
timoysam,PH,,15,1609518752,1778163859
krdvttr,TR,,4,1675873813,1771100258
ymali001,US,,19,1587348887,1777259619
yarzaman,FI,,7,1737699592,1778273000
alwaysbelearningmore,XX,,42,1511781415,1778290273
abazvika,IL,,5,1623842280,1777674432
yosef130808,BE,,3,1615017311,1778309069
jaytoubay,BR,,8,1641838039,1778278997
martynaskviklys,LT,,6,1456010317,1773830479
fran123412,LC,,1,1663431576,1778311300
noarbear,ID,,59,1687530750,1778293036
rickdahomey,US,,5,1593548038,1778205063
asuero4,PH,,10,1700568780,1774121619
csac2020,US,,1,1585356851,1776483306
sarthak-patwa,IN,,5,1715680434,1778055221
josol99,ID,,1,1736946720,1778314376
alexkim1211,US,,10,1604728523,1778214719
chillypalmer74,IL,,9,1605268729,1778279701
yeasin180710002091,IN,,7,1614685930,1778144028
sayan1509,IN,,16,1672220659,1778254287
njpt_007,BR,,0,1699100107,1778115065
tadeualdrigue,BR,,13,1572269033,1778279901
trevorarnold40,CA,,6,1675912161,1778312465
rices927,GB,,224,1355691409,1778312036
adighag,IN,,6,1519067884,1778223341
nikhilendra92,IN,,28,1637833093,1778311720
tristanbello,ES,,6,1630239376,1773870184
hsyn148,TR,,19,1709739857,1778310300
mv_cll,BR,,3,1727366660,1776338854
jamesh8888,GB,,0,1672515789,1778311237
unluggyuceo,NZ,,3,1728148121,1768192675
graunav,ES,,16,1608628012,1778314259
rizokkk499,FR,,1,1679862495,1778274354
tarn9,GR,,12,1596633074,1778314123
murphyjean,BR,,21,1595151215,1777798205
rudranis,IN,,17,1705236980,1778266863
rafa_m889,XA,,3,1715335019,1750683187
akiraisd,RU,,9,1737811916,1742440942
spmozzer,SE,,25,1586984088,1778302087
spartanphil,PH,,6,1345891937,1778067342
shaaffin,ID,,10,1675589620,1770425848
szymon961,PL,,3,1606248887,1777224278
shallowfortress,MX,,17,1608237615,1777052931
imbra83,IT,,16,1564084700,1778313428
zibiker72,SE,,12,1643391847,1778244083
gab0502600,BE,,0,1614887126,1778314018
aidendrake84,IR,,30,1708709660,1766697657
happywin69,KZ,,6,1587998492,1778055246
ounnoun,KH,,0,1691784892,1773107559
no-mass-chenko,IN,,7,1461162407,1769452502
ifthekharhossain,BD,,24,1672569743,1777650717
sadathassan7,EG,,0,1699612759,1778055249
jejerf,TR,,8,1716390326,1778263783
sachimp,GB,,2,1579270203,1767304213
descalzies,PE,,0,1736903317,1776894024
juanthebanan,EU,,4,1700428515,1778279762
leoloctin,FR,,11,1700246727,1777049655
ruediger_rna,DE,,3,1731239527,1778297437
detikmam,DK,,2,1652214602,1747335859
mylastpiece,US,,0,1730667677,1771937032
xlocopo,TR,,6,1606901385,1764922439
dura33333312,RU,,8,1677283174,1744562293
broadfjord,US,,1,1666334319,1778307191
drdavincinot,US,,0,1679443346,1778270596
dinakumar12,IN,,3,1315831440,1778238602
hmo20,TR,,10,1609064692,1778233391
newt1969,US,,8,1637708192,1777743465
mariposanav,ES,,2,1730153860,1778314199
davigno,IT,,24,1662397550,1778313343
juangomez912,DO,,3,1533415403,1778307762
ayi130,NG,,42,1730480032,1778313382
stalinvask,XE,,26,1633708051,1773645143
drupad18,IN,,0,1588877512,1778055265
nkknghgh,PL,,1,1704835582,1778261713
neardabeach,JM,,6,1721979270,1777593476
zeltun,TR,,6,1607876485,1777384911
el_chinaski,XC,,21,1684908958,1765367719
salfadf,ID,,4,1668402978,1778055268
xuanondzai,VN,,2,1740299295,1762686848
dany48777,RO,,1,1691144259,1770029287
xxsuhuxx,ID,,15,1690551902,1778055271
ravibshah,IN,,56,1594358095,1778272689
afsarkhan42,IN,,5,1677571665,1769160707
uk_chaitanya,IN,,11,1504940678,1778267959
shiyam123456,LK,,1,1738348575,1764575819
alexrodia,ES,,0,1677324894,1778313351
eugenebalbes,UA,,4,1498890891,1778195644
mayked,BR,,0,1719015364,1747345876
tesedy,GB,,7,1669905199,1778296104
morritafresita,ES,,4,1731245380,1762992173
wbda12,XX,,9,1621609735,1778311781
ahma409,RU,,1,1709308433,1762289325
choto26gitano,AR,,3,1712519697,1778296088
49jeanjean85,FR,,14,1723485458,1778263092
xtianch1974,PE,,20,1486862678,1778306204
bikyakshi,RU,,2,1725532551,1778278513
susie59,GB,,56,1606687416,1778278810
trevils123,IT,,25,1575308029,1778308719
fz1803,ID,,4,1729815423,1763362037
pbegs2,US,,7,1690845652,1772570440
josasmg,MX,,2,1725760011,1776812949
crowebags,GB,,4,1613752037,1778218708
ffpjason,US,,5,1389481390,1778307952
sakkmatt001,HU,,8,1675902089,1778279044
piluy,ID,,3,1616916844,1778240654
honzarezab,CZ,,2,1673095704,1778228306
redden_azs,FR,,9,1662485424,1777721609
mil4d0,AF,,0,1556123808,1778275775
rojoreydecopas,AR,,23,1612036470,1778243969
adex001,NG,,14,1517418648,1778184882
playjonii2,DE,,8,1697654240,1773417863
aasevraa,HR,,41,1680679014,1778314395
conquer_s,NZ,,7,1672789481,1778309196
thegreenwolverine,AU,,12,1658046826,1778252712
shyev01,RU,,6,1735391851,1778309832
f48z,DE,,3,1674051938,1778009847
manav_9779,IN,,12,1679767237,1778301177
kazamairuu,PH,,8,1614899068,1778055299
agrawalraji,IN,,3,1674051148,1778055299
clevertriangle,IN,,2,1590166914,1778229388
shivmali,IN,,11,1538761405,1777667006
bayarkurdistani,IQ,,1,1720270678,1778055302
davemd30,AR,,1,1607263811,1778299360
ag12bi,AL,,22,1583002755,1774115618
shakie831,NO,,4,1483815070,1742999021
ditocujogy,BR,,3,1616373722,1771549890
platoneldeespaldasanchas,ES,,12,1726552702,1778055305
pavlikpavlik98,UA,,7,1723392800,1769778698
ganeshbssr123,IN,,7,1714255208,1778308926
cabaniiiiiii,BA,,0,1634138090,1778055308
bishopjeronimo,US,,4,1614556841,1773854766
lukemyron,US,,1,1736194252,1754528451
roccosgr,IT,,10,1620975946,1777372466
mwaluso89,ZM,,14,1690200219,1768485552
czapel99,PL,,3,1732526157,1778245824
razecbr,BR,,7,1696272440,1777770704
ynshammer,TR,,5,1644790640,1778055313
nygelthornberry,US,,7,1616377046,1763704518
demiannite,MX,,91,1514329200,1778313894
sailormoon44,US,,35,1718856493,1778306682
alex077777777,US,,12,1669336527,1744402852
opa_obelix,DE,,4,1665837561,1778312784
atommyk,DE,,10,1661802390,1777481053
funice25,US,,4,1670812968,1778296202
tru3undertaker,US,,17,1605972872,1778170592
elfoquinamo,ES,,5,1663097327,1776486035
jonxjonx,HK,,10,1608720115,1773056060
joseph78y7,MX,,8,1613463862,1768365953
jonathanpoto,US,,15,1540435184,1778000409
shaaakkp,IN,,3,1729056046,1753815194
universalaces99,US,,5,1615933333,1778313790
vladimir-i,RU,,6,1685807876,1778313769
hamzs07,ID,,1,1734064846,1743084647
queenkadeewana,IN,,12,1720354060,1778154989
adko_89,PH,,0,1738756042,1778301536
geords155,AU,,7,1667106733,1744542340
njkleist,GL,,15,1447370373,1778283660
hyeinjeanzforfree,KR,,1,1737179794,1778055329
marino100,US,,13,1608499136,1775662257
heiesbull,DE,,1,1629363479,1778310529
alirezaazami,NL,,11,1486581259,1778290412
zoro02,BR,,13,1546294627,1778292150
jankobotez,PL,,17,1617977743,1777533809
mlchior,FR,,4,1604401832,1778261588
mena-alby,US,,1,1731295736,1776195614
darth_cognus,MX,,9,1733022056,1778278027
cico1970,CZ,,11,1694272929,1778273554
babedave,SE,,3,1680148406,1745264045
umm3kelo,LV,,4,1738462678,1778305007
mosa24s,GB,,20,1659340864,1778055338
architpanand,GB,,13,1701180138,1777818054
edwinmonim,ID,,4,1675678182,1769679758
andulmohsen,SA,,14,1650539955,1778280832
kiransinthakindi,IN,,77,1458633064,1778314457
luizhumberto,BR,,19,1565294707,1777766223
zulqornain,ID,,3,1737120941,1746061056
tomibr9,CL,,1,1592196353,1775114792
faisalimtiaz1,IE,,11,1672876369,1778284300
hhachraf,DZ,,11,1716312930,1778267414
alexgrellert,GB,,19,1706126858,1777732285
michaelscheffenacker,AT,,9,1514673674,1768053378
kingsacryfice123,SE,,10,1674510808,1771950532
pietrotorregrossa26,IT,,37,1609953681,1774979454
adriano_123m,BR,,3,1732191836,1749595229
a-z-1-2-3,GB,,15,1670708302,1778270580
ad_hom1nem,US,,1,1685545705,1778258015
gatomilton01,BR,,4,1735155903,1778282421
venkatasaiarjun,IN,,10,1540650132,1778084982
gerlesh,CA,,15,1536861235,1778055352
alhasan8,LB,,5,1653472758,1744435285
deso_beats,PR,,11,1386460429,1778238489
gigi760001,FR,,11,1726833803,1763452476
sorenaart,IR,,3,1724161770,1772122080
eudaldgr,XC,,9,1657988549,1778246504
dibuslt,CO,,2,1705970846,1748452772
inve92,IT,,3,1738857730,1778253369
am1r2030,AU,,3,1730621419,1773247019
fitobepi,UY,,21,1553031924,1778294351
tomaras67,CY,,7,1628795199,1773997203
dfor4,IE,,0,1632843325,1778303260
feber2020,CL,,11,1590325086,1778231959
saddam2323,KZ,,2,1733935477,1778266020
lavize,FR,,7,1634197434,1778309724
zon6d,CH,,4,1692530628,1778298262
rickranking,GB,,4,1354055239,1778299923
thomasnc12,FR,,25,1606790792,1778300269
x-9837548056,XX,,5,1688870293,1747900388
trypula,PL,,4,1552436436,1771626092
user_75113564,VA,,3,1585598600,1749594865
andorrairpf,ES,,0,1630598208,1778275365
helenacvitko,HR,,56,1624910798,1778306885
jaynz12,NZ,,23,1647400768,1778300951
duks483,KZ,,13,1611853854,1777447454
supertinmar,FR,,1,1702405710,1775814298
shmevan11,US,,2,1634494993,1778286015
charysiri343,IN,,12,1697870986,1778268804
lespaniard,PT,,9,1656360728,1778055374
pistonut,XC,,9,1620121719,1778309421
eliyas013,AU,,4,1658140001,1778055376
akyolfrkn1,TR,,0,1697366811,1778265707
gappy087,BR,,29,1708199223,1778290246
bvar_assassin,SE,,4,1637696860,1775609644
chocapik20,PL,,1,1696794274,1773608520
mohamed-sahli,MA,,15,1718212990,1778279048
terraci,FR,,7,1555534444,1747078953
blue_dream27,CA,,25,1672969822,1778269926
mirk31,VE,,4,1665761129,1777152647
chrisdubbya,GB,,8,1683820194,1778055382
post1510,FR,,1,1698193236,1778312000
aliinaseriiii,IR,,2,1728109757,1771656767
jnazer777,CH,,23,1695942224,1762933937
m0ztq,US,,0,1726597690,1777988842
touquette,FR,,4,1349518113,1777907315
knappster9999,US,,14,1711029520,1778283156
winiczek,PL,,6,1683455366,1778055388
mralbd,FR,,13,1605012387,1775072320
diry77320,FR,,2,1629454937,1768028779
ieva1114,LV,,8,1720295876,1774454804
zoiomineiro,BR,,4,1614874185,1778211478
riccardojc91,IT,,5,1662128906,1778227857
elcancxr,EC,,1,1705856520,1778055392
totore7,BR,,6,1668080696,1777589614
lenninpi,CO,,9,1691340416,1778298748
danielgarciagarcia,ES,,12,1610409626,1766874441
tpfon,DE,,0,1734122101,1742138785
dorandeo4,NL,,0,1721150301,1755259243
pola1539,EG,,1,1740391887,1757578550
alexisb422,FR,,4,1609096707,1778191746
lorcoppa,IT,,11,1665306753,1778094346
qwuarta,ID,,1,1736555786,1778055399
raphchess7,FR,,0,1609106012,1774731096
supergoodhuman,NL,,32,1682370135,1775014777
bohawkk,US,,1,1718043201,1778298003
wylde95,IT,,3,1689288744,1778314333
uiop2367,LB,,34,1676376098,1778313965
sarvar_bek,KR,,7,1635848895,1777100516
ngicuk,ID,,23,1709631723,1777621938
bdb-ibsnsih,VN,,0,1739704022,1778055405
juannabojou,ES,,2,1697637091,1778055406
grubbinem,SE,,3,1673819279,1778055407
1iddkkkkk,FI,,0,1737703651,1777883153
damian_36,ZA,,5,1658909415,1778265426
eldinkk,ME,,3,1703449782,1777156007
kartikdeulkar,IN,,3,1676114338,1771524975
anant7836,IN,,3,1687148062,1778055039
r2oh2o,XX,,2,1546534364,1778138613
obieger,BR,,22,1706542361,1778250676
islamkhedr1,EG,,1,1737911346,1778055413
tokarvaleriy,UA,,0,1732914057,1778287817
dom-elite,BR,,11,1598135285,1778282340
lucho_rivera31,PH,,9,1723724595,1778190752
ibru2023,AE,,7,1694629778,1778312641
theartistdoesntexist,IT,,0,1734527165,1776945918
oreozzzzz,FR,,15,1671134438,1745016112
envidious,DE,,13,1616227791,1778279773
fffuvkvbbucra,TN,,1,1653827583,1770216005
johnny112910,US,,11,1729594299,1767981230
cadjcord,BO,,4,1719858495,1764492794
byku28,PL,,9,1579973652,1778312138
jericb24,US,,29,1650080089,1778280942
aliylmazzzz,TR,,12,1642296371,1778102677
man22173,US,,10,1596812593,1778191818
krausikpepa,CZ,,1,1617696124,1776270175
zack010785,GE,,0,1721251075,1775539663
seyfou05,QA,,96,1646495259,1778275122
rzq165,ID,,4,1714050542,1767264556
apysar1,ID,,5,1740211771,1773586459
thejakedestroyer,US,,3,1696785741,1773345362
biggripriper,BA,,7,1675356710,1778273634
averagechessplayer707,RO,,18,1667855605,1777896187
pingourspowa,FR,,4,1730535554,1778239366
sansan0606,MY,,5,1671197789,1778260715
abyssgazing,SE,,12,1721303327,1775369707
galliano327,DE,,11,1615310984,1777926599
dmytr13,UA,,6,1669228474,1778055434
argen54,AR,,4,1699304378,1778290049
natalprb123,ID,,15,1691139296,1755714828
beefmissile16,US,,1,1720210411,1757956310
prasadpmasurkar,IN,,1,1589836062,1778313737
norwi67,CL,,3,1660101149,1778302305
dacapo7,CO,,9,1661951420,1777592390
kirbytch,FR,,7,1610640951,1778238821
josepha122,PA,,0,1739806119,1741731001
papayodarhs,US,,9,1608841234,1778312069
edelweisl,DE,,0,1735064524,1745938327
tlkil,IN,,0,1718141438,1778314548
azizm89,EG,,2,1704819012,1753197729
separatefig47,IN,,2,1732898510,1778306022
ravindrajazz,IN,,21,1676794012,1778300858
goose2210a,CO,,4,1692717113,1778295775
keepitdusty2,XS,,3,1689975305,1774363910
raghu12e4,IN,,13,1734763975,1778051822
jugstarz,FR,,8,1722252991,1778148522
wafflechimp,GB,,5,1385169263,1777488761
amsm0155,EG,,43,1675547453,1778225589
mitjaneta,ES,,7,1604278512,1778193537
leephh,CA,,11,1667615319,1776354974
mahipal2qa,IN,,6,1597338856,1777518403
blazej1438,SK,,27,1723202129,1776508200
khaledshokair,AX,,2,1667077521,1778303654
flyalchimist,PT,,5,1696771103,1778280188
dubininkg,FI,,4,1677308139,1778308495
goofyigi,HU,,9,1731780970,1776180205
pedro_z_la,CZ,,2,1673996459,1778168051
david_ghabbour,EG,,17,1492702517,1777899175
vostidylan,CH,,7,1676815359,1778310079
jeremyt1070,US,,7,1589697684,1778304565
marcosvillarvila,ES,,1,1612896825,1769712066
heyboer89,AU,,10,1652010058,1778073818
tonythwest,TW,,4,1622109249,1776591363
ojhong11,PH,,2,1307780300,1756778977
nandakapri,IN,,3,1647436983,1778305320
kpotez,FR,,0,1607083570,1778266009
lilsaint273,US,,12,1617913418,1777959138
chicken-killer,SK,,15,1694514413,1778258435
omaral-amir,PS,,101,1484100105,1777195888
cacina,IT,,43,1607623355,1778250220
aleksbozic85,RS,,7,1705439073,1778310434
mohamedali1523,OM,,6,1667059639,1778055467
saxdxdxdd,RU,,6,1713427060,1778260140
maxusminus,FR,,5,1737225522,1777320772
gwstein,US,,1,1630904216,1777837498
ajsire,AF,,5,1673433241,1778178271
robmecs,IT,,1,1609061759,1778307428
k_yokoyama,US,,23,1655340111,1775927938
ligetbell,HU,,5,1707665614,1778011395
15w17,BA,,3,1724400850,1778281682
zombieamr,EG,,8,1610127362,1778270635
mikhailfirouzja,XA,,15,1638455468,1778289408
sumitsutar,IN,,1,1539105757,1778267091
spotchalov,FR,,41,1612252173,1778306535
polcimon,ES,,2,1613317278,1778308400
pernambuco98,BR,,6,1711472446,1778286497
sp_chessmess,XE,,2,1392564809,1778285388
alexandremoraes1987,BR,,3,1678664755,1778292973
chicamaik,BR,,7,1503613388,1778254646
amnesiadk,DK,,18,1677143541,1778251630
alvingonzaleschess,PH,,2,1726207290,1778250830
skypic,ID,,4,1723605376,1778070487
tareqabdurahmanedaab,TR,,2,1644215931,1778267315
bujanganrumah,ID,,0,1740349278,1777980145
73sm73,SK,,16,1672485695,1777540478
heinzskitsvelvet,US,,1,1605828475,1778289035
amoryv7,CN,,2,1729094554,1778055486
pedro_boal,BR,,19,1606846487,1778290227
ericofc,MX,,20,1602512825,1778295480
louitch1000,CH,,9,1670003917,1778215864
coram04,FR,,12,1663587740,1773915360
vndhk,VN,,2,1658583344,1742553546
beasthashim,IN,,1,1644822514,1774635641
nuuunojr,BR,,12,1620058532,1778296082
kassro,IR,,6,1676000041,1778055493
jufracaher,ES,,12,1352056987,1778314301
sakkeddd,FI,,0,1699293823,1775539635
narcisse001,TG,,11,1737649818,1778173590
camikaaze06,CO,,7,1731116059,1778055496
moneymarq22,US,,4,1674500953,1778285484
prajwalst1,IN,,13,1707673343,1778293471
josuprietozugasti,ES,,26,1565881960,1778055498
mebindom,IN,,8,1499443861,1778311408
vlafo,UA,,11,1613251269,1776033664
flyingmonkeykid,US,,5,1701749375,1778302567
chicanoconlimon,MX,,10,1609376421,1778291729
porfirio1133,DO,,11,1457025932,1778292772
bulla91,ZA,,10,1601792470,1778299603
finnsofa,DE,,10,1673961040,1777993193
alig45,IT,,6,1686154195,1778077352
whits1515,CA,,6,1678379328,1778133116
spastikolo,PL,,6,1635077431,1778263481
ferplaro,ES,,2,1675531615,1778314328
rayaan447,ES,,0,1690734628,1778055507
serge1155,CH,,2,1609324625,1778274720
yahyazodiac,MA,,1,1735745242,1777663191
ggeromik,RU,,5,1603675784,1768404818
mego11111111,BH,,8,1686097033,1776690585
alvinoamd,ID,,5,1624852918,1778258009
avovnenko,US,,2,1618329458,1778308166
kapluch,PL,,14,1610699983,1777855446
shravannair2,GB,,3,1684951362,1778274511
watansinghprajapati,IN,,24,1715517353,1771665439
gliggl,IN,,5,1619868172,1778308571
purecojones,GB,,32,1637012543,1778259617
hnva816,BE,,1,1738797398,1778261708
scottcubus,PH,,5,1676688679,1778295322
radennsmbln,ID,,12,1735025770,1746863785
t-dawg5,US,,43,1644204801,1778284761
dimabolshov,UA,,3,1526926487,1778314125
furiousjool,FR,,2,1708105369,1778311240
geppasia,IT,,17,1675604765,1778273729
f1n84,XS,,1,1657115444,1778314159
grantozor,XS,,7,1605789372,1778275027
trapstereo,NL,,15,1595745972,1778292722
iamdavidl,US,,8,1734147838,1778297528
shawki444,TR,,4,1626800403,1778146592
kappatan,IT,,9,1675690419,1778183106
erik5686,BE,,13,1600869669,1778312401
serban80,RO,,2,1612787107,1778312568
martinlavie,DE,,9,1673552387,1778227262
davee2s2,DE,,1,1640197754,1778181508
kidding_me_69,ID,,0,1712412864,1778211941
lj29283,MX,,27,1595121119,1778310070
josearteagalajarin,ES,,5,1664999227,1778275586
wakealtynov96,KZ,,3,1698652495,1778246178
brian8878,CA,,15,1665543137,1774465607
th1476,FR,,16,1683892818,1778295629
hjvodstrup,DK,,8,1612187832,1778266289
anvar_21,UZ,,6,1639847506,1778298971
sheetalkalsaik2002,IN,,16,1702371439,1778181346
hij5436,IN,,3,1687272688,1778303284
arnaxoo2,IT,,11,1722600569,1773995005
cyrilchendev,BG,,12,1527611120,1778309919
turntplays,US,,2,1706460712,1778028454
chessloverbigsack,US,,15,1713320736,1772638942
madsnj,DK,,2,1542986329,1755336031
achrafh6,NL,,3,1662295658,1778113458
dizsii,HU,,10,1675530488,1772124349
lunadll,US,,10,1688795950,1777751951
obiforwin,US,,10,1666981740,1775586304
shivankgoyal790,IN,,10,1652446822,1778272269
gt810,XE,,16,1604587240,1778265627
emaf14,IT,,9,1695182971,1778299481
yablinked,US,,17,1667334794,1777776500
mrydy,ID,,0,1722719178,1778274141
ritesh_gautam5,IN,,13,1696363968,1778310720
fna671,BO,,0,1502122479,1769132072
jean-b1988,DE,,5,1372758658,1778311674
ege-sercan-alkan,TR,,8,1612989844,1778055550
tybro2121,US,,4,1690133668,1758501101
roy-ferdinand,MX,,11,1648497414,1769440093
poyilon,IN,,4,1424287519,1769067993
beauthai21,AU,,16,1722566314,1778296285
dlplz,US,,5,1729400856,1778295376
al-adaha,BM,,3,1675507007,1774686746
robinho76001,FR,,4,1601881679,1778055555
daniel_01_2001,AR,,17,1410549189,1778292009
parallelizer,FR,,1,1610613969,1778283977
mrxb468,ID,,10,1686307849,1753466852
metleinix,TR,,13,1686778717,1778091011
artkydland,NO,,4,1727388814,1756053725
brusarosco,BR,,3,1653482957,1778154837
edirnolove,PE,,15,1695076129,1778293765
pumpedmule,US,,0,1609636379,1778306558
lolgamer6968,DE,,24,1699730880,1778275533
sparshs,IN,,4,1575057930,1778311875
akmiami,TR,,12,1666312029,1778252246
stone347,US,,4,1320714462,1778280644
mohamedismel,EG,,20,1724259561,1778314349
1004cb,US,,2,1624548481,1778203497
kristofszakacs,DE,,3,1729857045,1752690738
npasf,BE,,12,1629042457,1778055567
luc4ll,AR,,6,1677709373,1776518547
hellermo,DE,,2,1643152301,1778255866
dvmac,ES,,1,1679774820,1778055570
the-live-really-boring,VN,,5,1692017322,1777288743
iwillbeaturfatass,DE,,10,1584970171,1778183327
kohlapo,NZ,,10,1679735574,1747304089
artmzz,ID,,6,1684841348,1778227657
veerakesari99,IN,,1,1668317289,1778304608
aliarafat9,IN,,10,1682015456,1778194405
rax66,IN,,3,1606490869,1778310860
pjoter71,PL,,11,1675856301,1778313720
zezinhodudu,BR,,18,1608500976,1778275881
dantete1982,PL,,3,1730485216,1753550952
mavastheo,GR,,1,1586018864,1778305873
koreyalberts,US,,12,1688138123,1778294814
smcheckedyou,CA,,21,1658251644,1778302499
fgrande5,ES,,3,1659357767,1778306269
sidabalok18,ID,,5,1615987449,1777988254
vedantshah123,FR,,26,1600628594,1778255434
pineg85,IT,,1,1703504546,1778254490
filipeberndt,BR,,23,1609550583,1778205557
rllv030,DE,,4,1733689081,1778092656
j-seelo,AR,,2,1588538358,1778280090
aspiringtrumpet,FI,,14,1580584521,1744670746
1111lidi,DK,,3,1664304353,1778302237
itzbravemohit,IN,,44,1603604620,1778177667
twarkmaine,US,,93,1667952933,1778314607
ediiordan,GB,,9,1614117551,1778194343
x-1180849260,XX,,2,1718045392,1771266483
jefflawrence29,US,,5,1622606387,1778279447
hmg382,AT,,2,1594737664,1778238619
naqiraza1,PK,,13,1660246331,1778283076
ta1121,GB,,5,1627233160,1778280407
peterbrummelman,NL,,4,1590316524,1778241760
ritiksingh20201,IN,,2,1735892700,1778055594
silander1,SE,,3,1655225977,1778248838
huntingshooter,NL,,10,1606853750,1778288010
1234567890jonlegend,ID,,0,1741207087,1763120379
danielpauljr,US,,1,1606525983,1778295568
darkplayerofthedead,FR,,3,1590698117,1765475651
canyildiz35,TR,,6,1609529004,1765864304
garri_kaspalost,NL,,3,1607954812,1776796473
elrasam12,EG,,34,1716557313,1778267281
y012s,TR,,0,1725136764,1749323674
oorbit1,SK,,4,1612755019,1778262090
maino10,TR,,3,1634230830,1778249681
tom11082011,RU,,3,1718652292,1752259664
nicko143,AU,,5,1664947340,1778314363
bbxe5,SG,,38,1670213386,1778052693
rhznndya,ID,,12,1724999149,1778081043
lodeiz,NL,,6,1706354769,1778311854
wunderjam,AU,,8,1709011960,1778181434
esnxv,SA,,26,1647364106,1778274283
ddnnbb,NO,,44,1618170876,1778055609
abdulmaguire,NG,,14,1731502925,1778289925
sp299,IN,,2,1675402718,1778055610
songs_of_wars,IN,,4,1735489353,1766160990
sloppyeggs11,US,,37,1666973110,1778277467
hamzadhl,DZ,,8,1682971123,1765190756
pph0988,ID,,28,1731236633,1778259476
nowhowyoufeel,US,,0,1605318726,1778310433
andrzejwielki,PL,,0,1609686969,1750267945
mwa0,ID,,15,1546026740,1777741965
smkrj,AE,,25,1670609334,1778174728
mabrviw,FR,,48,1643982669,1778314771
yonamangalilo,ZM,,3,1738650116,1778280975
winterekss,PL,,9,1649745728,1777800480
verteusss,PL,,5,1611303216,1773910609
henrik0908,GB,,7,1650831392,1772905000
epicbabayt,IN,,20,1609531436,1777625597
ghosst007,US,,2,1691021845,1750195977
frenchie_13,US,,7,1445183547,1778292592
tedipinili,PH,,11,1676791493,1778219823
oobersmexi,US,,12,1690353517,1778301428
bishopjoseph31,SC,,2,1712358622,1778282558
michealscarn2,US,,1,1608831001,1772377494
myjachess,US,,6,1582662956,1778297774
hazelhkph,HK,,34,1692184277,1778293847
g59terror666,US,,12,1705121837,1778299480
bhaskar5647,IN,,10,1732897889,1778303199
justinkropf,US,,7,1608588330,1776253761
riellalm,FR,,2,1658858243,1778270407
jevandro1989,BR,,16,1529675011,1778278816
contu-mateo,FR,,3,1698507702,1778278365
racuszek_32o,PL,,61,1733591787,1778237017
pawnredeem,GB,,26,1593977894,1778266747
smjb,IE,,1,1566852097,1778179153
limaromeodelta,ID,,2,1725114281,1778251392
kelso009,FR,,3,1732308572,1778313449
ryease,US,,5,1736875339,1778055637
husky4157,PL,,0,1674578072,1777200847
annimo86,BR,,13,1633183512,1778204293
mehmeettt2,TR,,10,1690477036,1778276241
ecthorbentor,XA,,1,1695224609,1778288960
devotion16,LB,,6,1722644081,1778293657
anticzz,FR,,8,1665464900,1771922007
bareny_chatto,IN,,3,1739164651,1778237630
realailol,US,,10,1735959937,1778055643
dsmxiv,KH,,0,1726871037,1778313618
jojegamer,ES,,11,1437645517,1778256862
vladwtz,RO,,22,1702576426,1778269796
ct13989,GB,,0,1674232382,1756936403
ata-ibrahim,IQ,,20,1718914145,1778278735
phipsko,DE,,1,1691488718,1778060288
danyboyxd1233,PT,,2,1673802132,1778280864
maholovic,IL,,1,1700571993,1778277720
snelschaatser,BE,,0,1646296353,1778311812
peropeki,HR,,7,1591286786,1760358690
mhr7960,SA,,3,1590529053,1759476308
yogiokt,ID,,2,1729966968,1777538698
nirajsinghvi,IN,,5,1435315565,1778271038
shadixodjayev,UZ,,14,1697524324,1778309539
justdmitriy111,UA,,0,1680806486,1777836472
viperrr0,IN,,33,1606755013,1778305602
ziff5000iq,MY,,4,1677675745,1772759915
ivankiewicz,PL,,24,1607761185,1778265007
hip694,IN,,7,1578777565,1777890643
wizz887,BY,,26,1689500042,1778274217
mglryz,TR,,33,1641747275,1772547210
s-mani-123,IN,,1,1726868441,1778314597
redpandoe,US,,15,1575253489,1778055660
nokian81,SK,,4,1688140654,1778262597
vitjok_by,BY,,10,1733902384,1778308645
jackal6957,FR,,1,1736188521,1773036270
amgad560,EG,,23,1624811728,1776418998
ekaterina826,XX,,2,1611522083,1763404688
odogwuzaza,NG,,7,1700305470,1778016278
artechalo,CO,,0,1738007277,1778265655
patafixx,FR,,12,1542217036,1778234841
papadad3,FR,,2,1494707094,1778260511
xxrydxx,DZ,,3,1677784884,1778288662
shshano,BG,,3,1697505928,1778260097
nortuuq,TH,,7,1732719491,1778314615
tdashworth,US,,11,1625142475,1778298825
salami4life,EG,,5,1675115645,1778276842
daniele_polverelli,IT,,15,1675535165,1778264952
albert106,VE,,1,1597859410,1778302905
cindyandmarkoutten,US,,0,1459634272,1778055673
kaaizexx,BE,,0,1740522140,1746099664
nunoluis9,PT,,11,1586011119,1778253242
dawoor,ME,,2,1675629772,1778183548
shackelfro,IE,,16,1545403086,1776210652
aymanoub,FR,,29,1595871452,1778212114
likja1,AL,,4,1537347219,1778187122
jacobtaibern,US,,21,1669915456,1777745334
bertouli1,MA,,3,1577759783,1778191607
zizalz,BR,,29,1608558067,1777458810
tobaldo94,BR,,3,1623286192,1778298163
alexbenne17,US,,17,1673823322,1778290180
bielzadax,BR,,0,1605624346,1760655004
tomchessman1,US,,7,1610858235,1778296074
revolucy909,GB,,10,1378242739,1775838211
alithril,CH,,5,1551379686,1778228495
octaviopro8,AR,,16,1687218365,1777068184
davidgomez27,CO,,21,1590698631,1778298984
soulchess312,ZA,,15,1708673910,1778292872
taisenchosenbatoru,US,,18,1705738895,1778309983
phipochess,BR,,22,1692435384,1778247650
juanmanuelg97,CO,,5,1713749156,1778286808
ikke_bare_bare,NO,,0,1740588979,1777928058
toto642,FR,,3,1664733535,1778279814
alexisj56,FR,,3,1674822291,1778279291
mackwell112,US,,14,1555946042,1778269161
silber666,HR,,16,1618063481,1778110377
r2u2,US,,42,1524880005,1778314525
carlosdlrf,PE,,6,1606237354,1778282273
hanslehman,US,,4,1605756929,1778297855
r0od10,MX,,0,1659128563,1774371262
kikegn,ES,,9,1667773598,1778280840
lucianoruizdiaz,AR,,4,1573252547,1777590461
unitboy1,RU,,6,1729690176,1778115349
eduardopig,AU,,3,1605064168,1778216675
vladislavgorbatenko,US,,6,1670716150,1778055700
mayers8678,GB,,6,1483788596,1774425587
cjh91,US,,5,1700936556,1778297099
jspalma,HN,,5,1612882037,1778290016
shikharshah,US,,41,1362042238,1778302202
gustavomxx,AR,,17,1656988695,1778296679
peterbjohnson,GB,,9,1692123787,1776382758
kitodouble,FR,,25,1634150273,1778304036
maxisaiahpatterson,GB,,0,1691774700,1778170148
jalexander84,US,,0,1326728904,1775519380
o_scq_o,XG,,12,1707350734,1778264658
vitriago77,VE,,6,1543255243,1778214467
tanmaydhall,IN,,0,1632738002,1748334195
kingobimo,MO,,8,1721940543,1778280983
itsmezenn1,ID,,12,1741560493,1777881777
knightlight21,HK,,12,1711591117,1778314911
lorak44,PL,,4,1611793051,1776698604
m13-l13,DE,,0,1735550261,1778305218
elllchin,KZ,,5,1573123338,1769077311
cosmicfriend79,ES,,2,1696398892,1778314315
pinturo79,IT,,1,1663749411,1760015789
dom6383,CA,,2,1671816775,1778289699
lucky_king01,GE,,11,1447938258,1778314730
shalomrabin,IL,,23,1673112630,1778311344
milenraykovbg,BG,,10,1651336366,1775845683
indonesia_gov_sucks,ID,,15,1617459924,1778269330
nick_jen,IN,,1,1730916593,1744057538
cfmtkd,BR,,11,1716335364,1778055720
u4ws,IN,,7,1686721358,1778301423
operandie,CA,,3,1605644108,1778277819
kingdaviid77,CA,,7,1677976277,1760472848
palortoya,MX,,4,1680561672,1777653712
hopfi6,DE,,5,1730333933,1778280760
skywalker-f,US,,26,1633955825,1744388476
bbackbbackee,KR,,16,1721956140,1778240662
kouzr,VN,,1,1670068049,1778055726
ali-ghadyani,IR,,8,1726253675,1772259949
spj8,IN,,9,1725373075,1773757411
ikaikyy,BR,,3,1732578472,1778055729
pseudo_o,FR,,16,1617477279,1777740073
chessmaster36,US,,63,1257433555,1778055730
bbfsh,BR,,7,1648944307,1778109979
urfavewitchcircey,ES,,36,1676731359,1778280833
gungunu,IN,,38,1640490588,1745167516
minzco,DE,,7,1592249659,1778148876
lbibb,GB,,9,1668635099,1778277116
manjunathseegi,IN,,8,1717652035,1777816034
jacorleone90,ES,,3,1612128179,1778152964
drndr96,FR,,1,1740825799,1778055736
leodagan84,FR,,0,1720883954,1745103223
moclas17,MX,,4,1671771254,1778302397
takeabetterlook,BG,,13,1657592893,1778198258
kabirdas786,IN,,15,1606328621,1778055739
juanjo_moreno,ES,,20,1718193845,1776698618
nickolas_stor,RU,,6,1670444299,1778311169
bazho77,FR,,2,1611084051,1778259686
kingscarfacex,IN,,2,1737791304,1778313721
leti87,IT,,145,1609349314,1778309819
aroflo,FR,,19,1640992539,1778272589
funkguitar,PL,,34,1332199060,1778277258
ih653jfb,US,,7,1649034423,1772850965
rensmat,NL,,36,1606577860,1777878043
andrew-mac,GB,,22,1710711614,1778278949
abidinkiremitci,TR,,12,1480352444,1778305939
albertchessmu,CA,,3,1558470695,1778229769
acefh,BR,,2,1726187073,1778304189
riader,CA,,1,1645481728,1778029967
laststand0685,US,,2,1717480054,1770665117
kaba77,IT,,1,1576611458,1745606062
vyktus,US,,0,1458379666,1778292469
kai1n,IN,,2,1714750257,1774381605
pancakestacks,CA,,5,1572820512,1778273046
frknlolies31,FR,,3,1621631200,1778269786
kingdula1,IN,,0,1637760745,1778312022
600eloloser,PH,,34,1622003260,1778306247
chaitanya_dixit,IN,,18,1712160097,1756757209
boroboro11,MY,,4,1675231148,1743302168
lildrip7,US,,14,1643656811,1778300572
nikollaje,RS,,8,1500037393,1778310815
mihaibulacu,RO,,29,1603995544,1774615128
maillard_e1,CH,,7,1678725549,1778286095
jpps8108,BR,,19,1608549783,1778209271
cooldeep14,IN,,46,1617645885,1778297130
plaridhel,KZ,,0,1678800661,1778302793
zedzedi,KE,,74,1690400871,1778310313
walterrai,BR,,58,1606009557,1778284673
masterfootball123,FR,,13,1614028230,1776537018
youngmacvii,KE,,11,1671144521,1778256744
h47ch37,EU,,17,1724860246,1776688459
isagiyoichi127m,DE,,13,1711108674,1778086240
volodyapotiychuk,UA,,0,1741597933,1776289928
colegillespie94,US,,14,1557589485,1778295102
suru310,KE,,7,1734030392,1764265241
mattshat15,US,,16,1532581735,1778304284
freiyeru1212,VE,,0,1738542472,1764645123
emilatom,AZ,,9,1636922362,1757893384
xristoszark,GR,,7,1725321125,1778055773
mush_abd,IN,,51,1589151964,1778272513
coxy412,GB,,1,1717243766,1769804041
ciryus0645,FR,,14,1606873609,1778268656
vosadchiy_ua,UA,,1,1669573320,1778308497
fufu038,NL,,22,1669218221,1773178677
jancasto77,ES,,40,1702204980,1778055778
shaileshubhrani,DE,,116,1546802243,1778261098
walker05gr1,GR,,17,1682883478,1778309302
vegetablue80,AR,,33,1590713424,1778278633
leo240119,CH,,3,1667403613,1778312959
medstud4life,US,,41,1608797345,1749857794
maiabh,BR,,1,1565040472,1778291481
andreasdbck14,BE,,7,1607163863,1773332010
fadedtyphoon,BR,,1,1575583147,1778281253
homerhos,US,,18,1612754561,1778302928
vazzaxdxdxd,AU,,4,1531926711,1778313842
lowkeynoobmaster69,US,,3,1627871337,1778217871
justin_thyme030,DE,,17,1704731113,1778055787
mr-funn,IQ,,1,1720337774,1753649020
mrbobbydb,GB,,0,1740010124,1778055788
trader2015,ES,,2,1737454756,1756721230
thatstheway69,DE,,25,1611826494,1778283159
popthicl,US,,1,1551495120,1778255438
wylliedevil,XC,,0,1609006557,1778314833
giftedmikey,GB,,25,1706118165,1778314984
hasanshdaher,SY,,26,1687137479,1778296281
robertcalm,US,,0,1681699134,1778296685
uneducated_player,LK,,0,1521910423,1760613834
bbb011011,US,,2,1727975395,1776968712
dr_gordon,CO,,48,1704996389,1778302271
triplecrown165,RO,,8,1583165491,1778258774
pistacchio78,IT,,13,1322020917,1777404928
roudy_rathore,IN,,15,1677000770,1778151939
ecosta1,BR,,8,1519847959,1778280486
haraldpeen,DK,,0,1707149848,1760085650
dhdiydts,BO,,5,1684183818,1755969167
g1267,IT,,1,1617882474,1765919053
anton11041990,UA,,4,1644567813,1778270832
loutishcave,US,,13,1611544807,1777442433
gadaboum,FR,,1,1606585747,1778166712
htchief,US,,2,1605999275,1778275302
pointdonator,CA,,3,1680441331,1778294730
chessuup,US,,15,1245715172,1778313245
andrew98967,XS,,6,1728600533,1757000529
petersonsferreira,BR,,5,1690861369,1778294418
guillaume69440,FR,,13,1649528440,1778055808
mutazkhodary,SY,,6,1638273715,1778268607
clayton_bigsby_og,US,,2,1676756308,1778294578
sam251m,MX,,16,1718087798,1778285949
krzysak,PL,,5,1607163234,1778242626
z_zoinks,US,,4,1681260868,1746399089
heavens-feel,ES,,14,1610807013,1778231301
merciless_barbarian,IN,,43,1524417213,1778310727
d0lesniak,IE,,8,1622325188,1778247833
femberman,DE,,9,1633979182,1778306847
irshad_09,PK,,19,1710779555,1778055816
chessebar009,US,,0,1720261513,1778308625
gduboncassoulet,FR,,5,1731028128,1775317375
jenkins114,US,,4,1673555176,1778307223
rebecasantos2004,PT,,51,1613937976,1778084572
jacopobaz,IT,,16,1490459277,1778251521
hk2324,GB,,0,1733091870,1744842209
carloslps,BR,,4,1712497101,1778055821
g-mono,US,,19,1655007541,1778144328
ethiosn,ET,,3,1623156042,1778055822
leorebe,MX,,8,1698016212,1778312583
makssmb,FR,,15,1546891631,1774452177
tanntalus,ES,,0,1697578540,1778280198
patmos1982,IT,,3,1448820164,1778276129
3rdeyeacademy,AU,,4,1587789830,1778307909
128car1,ES,,1,1701115864,1778266536
alasanty777,KZ,,0,1565269753,1778314359
shand113,VN,,10,1655356688,1771753211
yoshichoi,US,,3,1516408346,1778302010
mein333,XX,,8,1683196711,1778055830
ngchinhz,VN,,0,1740928828,1746516862
sassanteymouri,US,,27,1514048592,1778307310
glette,DE,,8,1671284783,1778262371
lotsula,GE,,5,1675138525,1777428289
elgringodelacasa,FR,,5,1674224996,1778289481
spongillas,RU,,20,1677142669,1778055834
sofiaanastasia,RO,,565,1395830372,1778307766
zuzudivin,RO,,6,1715771489,1778306392
kebarr0,ID,,15,1650194164,1778212074
lyserg2012,XX,,28,1328943024,1778297998
t_rulz,CA,,15,1703006015,1778311192
mikes1million,GB,,19,1681640762,1778311076
juda0929,CO,,34,1578246677,1778284171
sohatyiomar,KZ,,9,1624021715,1778264757
pclark855,US,,40,1426357292,1771690749
devjaindxx,IN,,12,1679572684,1775622001
nnnika15,GE,,2,1682238974,1778128791
gonartes,XC,,6,1672448508,1778304819
lorenzz09,AT,,8,1711637179,1778167017
sotosforever,VA,,9,1673603387,1778055845
siyabendov,TR,,17,1610718615,1778272449
fahmey1,EG,,32,1588726960,1778300509
praguekraken,CZ,,15,1640333546,1778313107
fabien1933,FR,,6,1589632695,1778312085
kralqt,BG,,4,1577116596,1778314397
sagoaz,UY,,1,1615807592,1778284893
kickersofc,DE,,1,1673777954,1752510581
akn1212,MK,,11,1663961513,1778274796
raduh1,GB,,5,1605889189,1778055852
baixonorte,BR,,4,1723636417,1778258566
1mara8,IT,,4,1669022900,1778271698
cyrisdante,US,,7,1580619960,1778309336
jewels955,IT,,4,1728605256,1750114348
phimans,FR,,1,1674649827,1778268788
pirali856,AZ,,128,1553441064,1778302507
zaini-123,SA,,3,1636471804,1778055857
jakubkosior,PL,,14,1670239384,1778231307
gab3236,IT,,12,1607277987,1778083828
goldshteindaniel,XO,,2,1609680282,1778265625
myyccaaahhh,MX,,11,1707366905,1778313616
itrihacker,TR,,21,1609018519,1778275250
profess0rking,ZA,,5,1645135340,1778290520
shamoilmalik,PK,,9,1714236917,1764961069
akkashbhadana,IN,,11,1554395646,1778304833
makerazerbaijan,AZ,,24,1355769810,1778294721
thelastbeardedknight,FR,,8,1693986512,1778175969
gilmiranda1,PT,,17,1735951254,1778233554
fireblade007,US,,4,1546018233,1778307355
nnnielsss,NL,,1,1674598869,1778278851
supriadu,ID,,7,1734603760,1775298627
bruno284u9zuri392,FR,,14,1735807679,1778304306
mgautier0737,US,,43,1648492341,1778290251
frtmrio,ID,,9,1672970483,1778255555
cityboy32,US,,11,1610408542,1778301273
carloselmejordelmundo,ES,,2,1722602185,1778311178
lepareur,FR,,1,1711918317,1778314082
karen468632,AR,,0,1732833999,1747272426
tszyroxx,FR,,3,1741376677,1778264781
malmoouff,SE,,0,1475913528,1751987044
kurashantv,KZ,,8,1671995904,1778055876
knight654321,NL,,7,1575735729,1778314608
toukool,FR,,32,1666352426,1778309193
khisky,CH,,27,1662625185,1778313968
florii456,BE,,2,1714801142,1775140622
ahalah22,HR,,10,1652162119,1774654889
ti83pluscalc,US,,0,1701481988,1778298912
peacock66,NL,,13,1495564382,1776633443
nabuchodonozo,PL,,10,1571038161,1778302568
topchess0922,TW,,3,1741587618,1778055883
therichster,US,,7,1524969991,1778276612
pigas7,BR,,4,1736368302,1778293290
thestardavid,IN,,19,1631231324,1778305117
danielluis888,US,,2,1737763954,1778295258
lord431777,US,,7,1658233955,1778282225
mcav2010,US,,5,1651294559,1778300425
lileaf20,PH,,6,1735673346,1777630126
michel-alexsander,BR,,16,1741702875,1778055889
kavaleross,MA,,1,1737379805,1778192340
schwing11,US,,10,1613635059,1778055890
adityamaxwin,ID,,8,1726719370,1778055106
taboochessgaming,GB,,2,1661129955,1773618863
vaibhav32740,IN,,2,1734122126,1778203589
762073189_tanishq,IN,,13,1725422157,1777982725
heartbrokennnn,ID,,21,1706561813,1778180103
fjsawa,US,,1,1657917584,1778295788
akashuj4,IN,,0,1681053900,1778055896
bebabenja,ET,,24,1704962326,1778114686
engrjricky,PH,,2,1707565396,1778250811
yandimata,IT,,6,1704180604,1776341118
phongcutochaba,VN,,4,1699100309,1778307214
igor_159,UA,,7,1676525851,1777443817
roycefernandes,IN,,7,1697650338,1778307924
coole2k8,IE,,1,1589415382,1778283445
parkoffyou,MY,,4,1742143080,1743767833
jameshawkes696,GB,,9,1670453954,1767997446
elfis40,TR,,7,1612466585,1778263120
junuba,ES,,14,1707323455,1778314604
ralphabmhel2,LB,,11,1675344683,1778187175
marwanh99,EG,,5,1609171341,1744067238
jordans278,ID,,12,1673678773,1777903301
chocolatechocolate500,US,,3,1710986492,1777906505
udit_4567,IN,,6,1720366018,1765206332
jupadudu,CO,,19,1577300093,1778216021
mokingeg,SA,,1,1612692547,1777068772
derrickd2004,US,,5,1540572822,1778284252
kingme2478,US,,0,1549581627,1778295884
applemangsan,HK,,1,1536216493,1767820307
vntmnn,CA,,27,1692808286,1775328082
3ismorethan2,SK,,0,1683789642,1778055913
rogercuffee123,US,,14,1698353354,1778266517
fenerbahce35353,TR,,8,1651055983,1776247246
pfcl009,BR,,3,1608948112,1767283084
xy_sm_117,XX,,3,1667735059,1778067535
sailinthesouthh,MX,,8,1716085695,1762835155
shreyajoglekar,IE,,39,1738588493,1778270178
rajanikantpatil,IN,,1,1624699588,1778262517
not-why,ID,,0,1738461162,1744543613
lukasschach25,RW,,8,1737638632,1777807643
marcia_8,AR,,1007,1635130534,1778278770
blueking75,US,,2,1731465259,1751908767
alkeskog,SE,,22,1569324034,1778247986
dhruv_sharma_101,IN,,72,1683540211,1778309338
choronaut,ID,,19,1700738876,1778055925
arkplays3min,US,,3,1671231445,1778055925
mario0807,AT,,60,1590340185,1778270989
bombilfry,IN,,4,1605695916,1768753065
amirgdpk,IR,,13,1690155568,1771869479
yanselbourjii,MA,,30,1737294998,1774784554
letkovic,PG,,18,1588334231,1778288436
ulvimammadov,US,,67,1442250942,1778273657
l3br0n,PH,,9,1595076668,1778149259
monsieurb222,CA,,41,1730508783,1777609300
benjag17,AU,,13,1607477215,1778281248
hughmungus5225,NZ,,10,1718212059,1778285292
seekyeshua91,US,,2,1636700548,1778267180
bran_wav,MX,,13,1724686173,1778299978
bozzo29,AT,,4,1676678500,1778273246
marines_89,PL,,1,1694500976,1778286941
saifinho5,US,,2,1694198886,1778258528
smopak,DE,,2,1631665499,1778273418
jay_2501,IN,,8,1739198951,1778137163
greenhardroc,GB,,3,1606753070,1757417763
alanclash,BR,,12,1735945665,1778301053
asjeps,US,,29,1633631989,1758919446
pribyll,HU,,5,1609587216,1778244752
sasquatch-22,US,,1,1351476710,1759263156
damapinoy,PH,,0,1648118989,1778224257
se8rkh,FR,,5,1578243129,1778188057
fulldomination2,US,,1,1720831240,1778217340
hperticarati,BR,,21,1607286222,1778055945
lichtschalter9,DE,,1,1696756539,1773913334
boddieczech,CZ,,19,1694944853,1778310499
tac93,US,,8,1665093507,1778215625
poulet1298,CA,,24,1673446078,1778291353
youismat,FR,,5,1612115788,1778269290
thunder_gok,IN,,3,1577853732,1778055950
towfikkhat1,SY,,1,1700162860,1778055950
moyadepa,ES,,7,1683056676,1778055951
aahan1004,IN,,13,1600524132,1773850932
lmandol,IT,,11,1640009630,1778267435
pipiense,AR,,21,1595866988,1778246638
botakgeming69,ID,,6,1736739743,1778231407
gk2403,IN,,10,1607577190,1765283602
niimsaj,FI,,11,1702749995,1778257721
joam31415,AR,,13,1695482065,1778295238
_swag_,US,,13,1318232634,1778286580
condor444,US,,0,1725568113,1777150609
boxingzizou,RS,,49,1614637161,1777331228
omarsitteen,EG,,12,1704422395,1778055959
dhferrara1,VE,,4,1672697262,1777906766
phpc2007,BR,,6,1655383553,1774054165
nabakrishnadas,IN,,1,1737294864,1757256912
cpr_1,US,,6,1684557790,1778305065
sube-shanks,NP,,17,1727860325,1777391103
jaydeepk22,IN,,10,1716722368,1778311416
wimpelientje,NL,,11,1423416309,1778279709
donwuro733,GE,,8,1673131511,1778286167
throback,NO,,7,1483632822,1778277472
cemboga,TR,,0,1607772752,1778311183
eldenlord1996,GB,,5,1665677602,1778313244
luan_guima,BR,,0,1717514363,1777920919
passer-by1234,US,,14,1674568007,1778242199
jaramelito,ES,,0,1672609451,1778311749
arthurcota,BR,,0,1676816712,1778186385
brocovic,RS,,2,1609493558,1778309071
mpilorain,ZA,,0,1742502231,1762988426
aaitorito,ES,,4,1640473725,1778243895
deboo77,EG,,19,1707303457,1778315156
yrlaw,UA,,7,1652217624,1778271694
scottmc21,GB,,3,1674385110,1778313104
maxivarani25,AR,,21,1595137952,1778311440
prasun_sumita,HK,,5,1275589655,1777477260
bricestoff,FR,,2,1732736522,1778263210
the1pal,US,,35,1703142625,1777311614
prathz12,IN,,39,1725353303,1778246425
naszek,PL,,2,1694773522,1778299742
josealgonzalez,MX,,1,1669345367,1778282988
odono237,DE,,4,1523046844,1778259662
krishnanibeganebaaro,IN,,6,1662882464,1778314535
therealmsmith,US,,1,1702412468,1773190302
timmsouille,FR,,0,1569504213,1767813816
eifla99,GB,,3,1661954502,1775386217
sebseoul,US,,5,1696904406,1778282358
pimnada_a,TH,,0,1733232612,1778055986
gotnw3,XX,,6,1334608493,1778279753
newdiamondgold,CO,,0,1521078737,1778246977
jakub102030,SK,,8,1614343933,1778073574
adarshcm1122,IN,,20,1678527489,1778208587
basiczxc,PH,,11,1621582641,1778055990
petersmmurphy,US,,2,1611265318,1777550870
forgotmyrooky,IN,,8,1639460987,1745769569
ersatzzz,US,,3,1678840587,1778290400
ianfromthea2,US,,4,1730736508,1778245872
mihalkovv,RU,,2,1617135162,1776329985
tcmmann,CH,,19,1407492764,1777370468
cchome1234,GB,,2,1704495582,1777146525
joahla,DE,,13,1480702528,1778263266
eballiy_v_kalliy,RU,,26,1709106777,1778232040
trevoroates1,US,,11,1676944852,1774144937
x-6371787504,XX,,5,1656754711,1778055998
belar1978,PT,,49,1659905593,1778314775
zapping101,US,,5,1688357397,1778271695
19panther79,US,,11,1709295862,1778295118
gemaul,US,,15,1609889409,1778307832
ahmad22484,LB,,19,1659824041,1778312652
xzendry,FR,,6,1687449722,1749029498
aivan9898,MX,,12,1666221120,1758182625
devastator0000,IT,,11,1607338406,1778278714
pratty_30,IN,,10,1660463958,1778232798
cesan1,GR,,11,1726055114,1778189623
ersan_ilyasova,US,,2,1732571977,1777714745
peppesasa,IT,,11,1612473509,1772569482
alainhh,FR,,7,1632059146,1778314921
chessdid01,FR,,19,1475601289,1778315129
justjoe2020,US,,35,1671202692,1778245183
nuaase,KZ,,23,1626620936,1777847835
nocturnal_newbie,SK,,2,1721031451,1778313089
servejesus,NG,,10,1692778827,1765718420
digital_sushi,AU,,6,1738930814,1777803238
9dragon9,ID,,1,1684403583,1778155151
kanthraju,IN,,1,1714887060,1778307582
goutham5555,IN,,1,1704384259,1778306953
clownnjoker,TR,,5,1610478480,1775418478
impeccablexi,IN,,5,1708172840,1777254110
tricia_mcmillan42,XX,,1,1613943400,1768128979
concacbietbay2109,VN,,8,1694153463,1771727483
mohamedt51,EG,,7,1718099532,1769976398
saminouminion,FR,,10,1715701124,1778056019
foootee,FR,,9,1620732533,1774809200
lazuardi14,ID,,4,1616569589,1775829574
maheswaripnehru,IN,,10,1590565753,1778305383
wheelie80,FI,,19,1609100777,1778252684
skyjoaquinchess,DE,,20,1675534475,1777295325
pawan1982,US,,4,1327207550,1778303482
raloescri,ES,,10,1576171104,1777744844
mhmdnjar7,IQ,,5,1693693319,1778274365
nate_tpg,US,,18,1696292287,1778283087
4jan5,BA,,13,1672940061,1761651089
evangelistse,ID,,10,1677765406,1777453404
antreando,AR,,2,1707509238,1778286172
quicklypawn,HT,,32,1678404152,1778296191
raulbbria,XC,,22,1688897527,1778310898
leochavez1720,US,,5,1676271717,1751038178
camileinsxxx,CL,,4,1733574390,1778056032
sonnynakamoto,US,,3,1721334623,1778284557
elcabeofisial,ES,,11,1690628622,1778263085
hildegard-von-bingen,NL,,1,1742993122,1778056034
gothamwolf,MX,,6,1533451444,1778310039
akshayk151818,GB,,3,1632570537,1768922786
ondefeat,RS,,14,1623240329,1778272592
damjan187,RS,,3,1670238191,1778056037
dimokbla,RU,,12,1713956039,1778315094
alekpaja,RS,,10,1676464765,1755280157
hassemoll,DK,,13,1628787887,1778284603
ausamahsethi,IT,,7,1674994060,1777771428
kevinstoffer,US,,1,1608432809,1778293291
hawaiianclorox,US,,22,1621979601,1778292801
dellabump,US,,11,1602099517,1778281230
maanjolian222,IT,,8,1608672296,1778056043
hunter080569,PE,,0,1740419384,1778305669
loammm,PM,,4,1644573159,1778293619
iulica25cm,RO,,2,1712048127,1765654818
y242,IN,,10,1600455077,1753436895
morty194,CA,,9,1735166336,1772661774
evensuhr,NO,,3,1543273834,1776301759
guto123456788,BR,,2,1672335347,1778275498
chessthechaser,PH,,2,1737967610,1778310521
bthcjjaiq,PH,,0,1740638189,1772325765
arco_o,IT,,10,1677250827,1778221959
haggarmachayenge,IN,,22,1595410862,1778256230
iamnightking,US,,10,1653434814,1778000128
oklahya,ID,,11,1730534861,1771541324
abdullabanitamim,IQ,,6,1554498044,1778307856
lilkijii,RU,,16,1642974257,1776644959
bxqwyg7y,VN,,1,1701437237,1778218524
jitendra2971,IN,,4,1741698251,1778286489
publicfunc,TR,,23,1674435234,1778315182
sanjaygarg1984,IN,,4,1720934985,1754130313
gygof1,CZ,,12,1594562064,1759689082
a_j_styles1,GB,,17,1739540195,1756838399
zoulking,ID,,16,1722482188,1778284115
skoropatskij,UA,,0,1724256813,1756743820
cunekkkj,ID,,4,1738633525,1778056062
tenven13,FR,,5,1642163721,1778086654
emisus88,AT,,7,1689603194,1744366441
saitama38630,FR,,11,1611571623,1778310604
irish240,US,,15,1559826084,1778283046
hkab636,NO,,10,1585143302,1778264634
bojesper,NL,,2,1731853642,1778137449
kokoddx,CI,,22,1671028242,1778280906
cezeract,IN,,7,1732045399,1778303603
jdhdhdir,DZ,,0,1740480593,1744558698
raph-cng,FR,,6,1739021852,1767099983
daniloph53,VE,,1,1737424645,1776044044
olivegarden2845,ES,,7,1631484284,1776312006
jason1745,GB,,75,1567878493,1777935568
erko-91,KZ,,32,1674204993,1777970965
grandmastadrew,BB,,2,1685837302,1757257896
anurag_saksena71,IN,,7,1606416663,1750948187
inx70,US,,4,1545344208,1778244165
bobissac,CA,,0,1730514309,1777597295
ankit1897,IN,,1,1736244333,1754906950
lujaaah,FR,,16,1614505929,1771692287
medzest_official,IN,,5,1731162654,1778022995
frantp80,ES,,6,1690496216,1777649687
rotebaletogokazino,RU,,3,1737971610,1778303864
saiz5,DE,,16,1613267201,1778308184
zissou31,US,,2,1465145655,1770348165
doedee671,GU,,9,1705573652,1778314048
ridwanrahmat,ID,,15,1607526597,1773503067
nmadman13,US,,19,1557683900,1776904756
tyson069,AU,,20,1608452339,1778296452
cristalymarco,ES,,1,1610993650,1778273988
x-8158860574,XX,,3,1543287747,1772504837
aleksa144,RS,,5,1631610692,1778273698
cheetaz,US,,5,1573420845,1778313624
geronimo_dru,UA,,9,1691503980,1778056088
joseph_jordan1,US,,5,1652841855,1753716296
flobzzzz,CH,,0,1603739931,1778233770
genaro1985,MX,,9,1634860010,1778304922
killerpratz,IN,,28,1630828384,1778309619
totnenimozne,CZ,,2,1736180452,1778056092
davfertr,CR,,3,1704303582,1744322080
vfvi,IL,,3,1742844190,1776710759
shivad14,IN,,6,1664096292,1744239994
alejandro2539,US,,4,1585106269,1778265842
clem86,XS,,13,1441970638,1778315130
chezzwme,US,,2,1726110981,1777434231
sugusduturfu,FR,,8,1706704579,1777352451
drednyce,US,,7,1642340217,1778300424
krayola99,CA,,1,1524490582,1761339517
antoninbru,FR,,11,1706956518,1771261301
m0ristenmadri,AR,,2,1697430948,1777057484
hugoperezlira,MX,,0,1607103142,1777576861
panpetre,RO,,2,1695480609,1762007363
davidkingdama,AR,,16,1687475808,1775259315
mana,AU,,71,1377664536,1778289172
papajub,US,,3,1664551516,1778015271
lrodion,MX,,11,1589088700,1778295832
gustavincoveiro,BR,,11,1610586663,1778281846
mbjn1,SA,,2,1679794313,1778315109
shalito13,IL,,11,1609192616,1776364186
ahzloco,MX,,33,1610063981,1778287089
deuseniltonsantos,BR,,28,1492119344,1778278836
drilon87,SE,,16,1610481359,1751909820
alimyrekli,AT,,14,1611682727,1778315306
sergeyy311,EE,,2,1653377070,1778267510
mezoo599,US,,53,1640829898,1778304245
eroifrem,CH,,7,1677179569,1778314803
mb19980727,GB,,2,1633376559,1778225261
brucewayne201,US,,4,1506734808,1778313218
vakis_1993,GR,,6,1614133204,1772041280
demigod_jesus,DE,,1,1685148800,1778253279
yilmaz061182,TR,,1,1585406617,1778262955
kickboxer1993,PL,,3,1734429386,1778314436
jannepl,SI,,3,1416157882,1778056118
daniil010415,DE,,4,1648824143,1778188243
momingo,AR,,21,1294886827,1777938644
artsyarmadillo,US,,8,1670959999,1777932053
ahmeray1,TR,,6,1544664060,1778294078
oktayozsk,TR,,10,1693600593,1778238392
duch3r,FR,,2,1713640848,1759322063
reinhardt1,ZA,,9,1365790202,1778314208
navruzhikmatov,UZ,,0,1728621623,1754463817
juergen71,EE,,7,1604232257,1778277610
npkeren,ID,,13,1621579782,1778292960
tayo256,BE,,16,1677591377,1778257347
netofive,BR,,9,1657734638,1778285417
h222o,US,,0,1672740132,1778280652
rberluti4,US,,12,1711801923,1778300532
raj_makavana0912,IN,,18,1734879389,1778299661
elinvasor,VE,,33,1533506641,1778287499
pandabad1,IE,,9,1743007151,1774819355
ahmedanwar990,EG,,5,1716817250,1747244687
anka-0,HR,,261,1588507280,1778281190
antal008,NL,,16,1658056090,1778250359
thelunker,US,,32,1452185980,1778280085
chamlingrai07,NP,,7,1550022162,1778007770
akmluzn,TR,,5,1497963125,1778226765
qwert3430,UA,,1,1738274631,1752833006
sapopov,BG,,13,1575826016,1778302700
anetasa80,PL,,13,1607891647,1778303597
bgdstf,RO,,10,1609793506,1778312964
citizentanttu,FI,,0,1639489494,1778216497
andryuo,UA,,18,1680353986,1778306563
brunoowjl,BR,,17,1731282454,1770138767
yotroy,US,,4,1377066295,1776181030
archimedes45,DE,,0,1638464015,1778084299
silpaging,IT,,21,1609622960,1778315075
rvp9647,PT,,6,1718921988,1778279550
maybee8,UA,,2,1720401218,1778287807
yusuftekel,TR,,8,1657751026,1778161776
nurza_012,KZ,,6,1738870308,1778084737
digirat,CA,,9,1318934392,1778311996
orko415,BD,,5,1692300040,1770110796
fewfewwww,LA,,0,1743077779,1744446992
sosiska_19,BY,,0,1734891053,1778314036
ajarnas007,IE,,3,1665412604,1773525451
rogerbmc,UY,,9,1499166771,1778250824
er-one,FR,,0,1543951899,1761430008
cfabrii94,IT,,9,1676730918,1757080634
vishwatej86,US,,9,1422762572,1754247390
vollin,FR,,7,1379262025,1778243012
ray-moh94,ZA,,15,1722619851,1769456078
spaderunners,LV,,6,1474497648,1777190053
bluesky61,US,,4,1551640220,1777829940
spammer111,US,,48,1609587683,1778255284
majstorx,HR,,5,1659990911,1778244441
didierkoblet,CH,,1,1691090107,1748165990
johnwick60,MX,,5,1609424362,1778308813
kevincardona000,US,,12,1648158208,1777654987
lalexa15,RO,,14,1679861416,1776526566
sorrymyangelifailedu,US,,1,1687866709,1755581269
tomzsus,SI,,7,1685364444,1778311333
mo3ath_kt,SA,,7,1485272635,1778313753
elmargeldox,FR,,5,1544108876,1777768853
lucasrcarneiro,BR,,10,1525231188,1778188400
nizziedadank,PS,,12,1650230383,1778269855
juanperez197244,UY,,3,1593705821,1778178857
dylanreddy18,ZA,,14,1652512294,1777644997
hoikloiner,DE,,4,1697041517,1777746772
arminpouyani,IR,,5,1680338528,1778265113
sasan78,IR,,13,1608887542,1772221771
topknot666,GB,,1,1677584600,1778315336
duffmode7000,US,,8,1575350372,1760122608
floydreunion2005,IE,,3700,1503282846,1778302026
amalj1011,AE,,3,1738650347,1776099559
geen_grapjas,NL,,4,1609416830,1778274110
chesspo12,PH,,3,1637064627,1778199957
aliev222,AZ,,7,1547127388,1778301528
znfkz,JO,,14,1675211776,1778144972
joshua29z,PH,,5,1685926031,1778056177
ministro02,UY,,7,1668541037,1778056177
alessandrinimatteo,IT,,9,1581444195,1761399528
ismail124455,TR,,3,1702235537,1757003704
wezanova1,ZA,,6,1674243351,1778281530
riad1997,SA,,11,1488459927,1778314947
parinhaf,KH,,2,1732760569,1753718170
rlyan97,DZ,,30,1607040819,1771257339
tekdalan,TR,,2,1608190243,1773385967
zidau12,UA,,10,1674987948,1774295011
hawwarielnayak,SA,,3,1676231708,1778278976
sean_raniel_cupino,PH,,5,1682931909,1778254320
hamed433382,CA,,7,1675882620,1778301588
tki2,FR,,24,1605608518,1778178970
j03k3r_666,US,,1,1602164041,1778241497
young_adept_szachowy,PL,,9,1512667069,1777688178
orangeisfruit,TH,,0,1603893829,1765808999
senkojin,UA,,12,1663867314,1776462969
ratzsatoru,ID,,5,1730609581,1769568586
lakshmisinghl,IN,,9,1708269176,1778255566
kibl23,CZ,,7,1706230651,1778265215
lukesky_2006,FR,,11,1605809928,1778314480
frankiepel,IT,,14,1715426477,1778174368
aivant80,RU,,2,1620115315,1778314657
johnnyseedner,US,,8,1454891505,1778301480
hitamlusmua,IN,,6,1740242454,1777619031
ego_vladislay,RU,,0,1738753031,1778229917
vanushatraxer,BY,,12,1711196670,1778101503
soubirsamadder,IN,,11,1511546946,1778310503
chuckteazer,US,,12,1563470517,1778301342
vartmark,RO,,21,1577548877,1778208721
gm_modala,ZA,,10,1683103992,1747825738
vaibhav-2013,ES,,4,1740074438,1778056201
tzoniss,GR,,0,1586517098,1778304527
aratorn92,AO,,8,1739376582,1778313252
abdohalaby,SY,,130,1532370175,1778314815
cellsoftheseus,US,,6,1720638885,1778298554
esklavier,IR,,32,1613825743,1778256361
spicepawn,PK,,9,1741953766,1751006151
rsonam,IN,,4,1513079185,1778300660
yannickmiguel,DE,,3,1631184193,1778274615
profas1223,LT,,14,1670014581,1778249012
raff_still_learning,PH,,13,1737569817,1770539651
bhaavyx,XE,,10,1711041386,1777701261
isramuzakir,MY,,1,1691997062,1778056210
scythermain,AU,,1,1722854386,1778314675
hacker2208,UZ,,0,1680622019,1778298856
subhan_mirzayev5,AZ,,22,1693251530,1778268205
mahmoudfrish,EG,,14,1687895178,1771631740
kingboblovestim,US,,9,1650733239,1777839475
fredrune,NO,,2,1416687855,1778278338
sidk999,IN,,24,1607765849,1778123827
jomasymu,CH,,49,1610795513,1778252937
suri1908,IN,,7,1703783143,1770608026
kylyushyk1,UA,,19,1614545398,1778262152
michalpp,PL,,7,1340820848,1778303893
alexdavidxdxdxdxdxddxdxdx,PE,,6,1723229716,1778288023
jreal0509,US,,15,1671840098,1778292195
jtoro28,US,,4,1609909719,1778223082
papasfritas001,MX,,6,1684289847,1778260086
chapo139,MX,,8,1736060099,1778286256
roadwarrior63,US,,4,1674264888,1778291069
mathiaset73,FR,,14,1658898547,1778311137
y003f,DE,,11,1715087263,1778182646
ehsan8ehsan,IR,,30,1718213562,1772234151
euscas,NL,,1,1672246044,1778269778
loicpix,FR,,16,1716333973,1778310132
saulglz,MX,,5,1622648563,1764306279
user_432564403,VA,,1,1740573224,1778056228
osuguisan,BR,,1,1697311171,1764775163
sguruji,CA,,3,1691346031,1763709720
cyblanx,CH,,5,1608110549,1777626466
jualfu,ES,,30,1639077250,1778077203
terencek0h,SG,,5,1662471429,1748098196
baunty_777,DE,,6,1610573573,1778314607
hogs45us91,US,,1,1608033022,1778275361
davinvin,ID,,23,1673313703,1778132725
mrxpensive123,NG,,76,1691154952,1750078528
hanaghoziyah,ID,,2,1634735201,1768837893
nav2260,IN,,0,1671953595,1778310659
francilux,IT,,11,1721088289,1775705889
bayukswr,ID,,2,1736334155,1770730113
artstyle77,RU,,2,1733913605,1778313886
everman55,IT,,9,1628850923,1778312084
adisjao,TH,,20,1670757288,1778241547
uchihavisuals,NL,,23,1671952185,1778265818
prashiddha,NP,,2,1503211091,1778056242
hraeswelgr,DE,,27,1499114070,1778315208
karnatibharathkumar,IN,,11,1527704852,1778312968
jaswiluzosike,NG,,21,1590910687,1776202064
mikix_21,PL,,9,1736624659,1777721894
thedivu1,IL,,3,1631794016,1778314346
escchess06,PH,,18,1628809001,1777742076
supremegrandmasterofchess,IN,,20,1627570340,1778286127
ramouse,PH,,7,1595395235,1777123703
sachinp417,IN,,12,1724326773,1778238664
erez13579,IL,,30,1690518748,1778302185
pancakeparty,PL,,28,1406506086,1778289553
benwhite41,AU,,1,1595337375,1778294841
yu202,RU,,0,1601676260,1775301175
atris21,US,,11,1590788870,1778056253
farermind1,KP,,25,1739706978,1770532750
cikan98,ME,,0,1544981179,1769115034
tayloxa1,XS,,2,1687630774,1777659724
mrjudos33,FR,,23,1623180775,1778263329
pskippy,US,,1,1611610389,1778249648
st4rial1ght,US,,0,1734707590,1778299340
eartar1212,TR,,5,1707654507,1778269016
chilyafcrv,RU,,0,1708584742,1778262138
ribera,US,,6,1317436019,1778293928
auuuuuuuo,TR,,15,1636974289,1777822156
hyrulianhero,US,,28,1606500932,1778293572
yusifiskandarovv,AZ,,10,1736547453,1778276649
tumiro,BR,,9,1608701497,1778262996
tmx322,PL,,4,1613559649,1778181916
bobgee33,GB,,8,1685200300,1778305256
pfahnoe,US,,10,1627426999,1777921341
adolfo_trocoli,ES,,11,1613659217,1775333082
t0astymct0aster,US,,9,1544729001,1778297955
uuzair,PK,,13,1683937121,1778255443
emoore1960,US,,18,1514739234,1778290485
crispychessss,US,,1,1716482073,1776290865
edmfy,MA,,3,1738268194,1771918154
xaledergott,EU,,4,1643509894,1778278510
jolygat,FR,,9,1664052185,1778312934
chess4patwithcheese,FR,,7,1736433221,1778242365
daveolaso,RU,,10,1701450506,1778310669
namgat,MG,,12,1729505624,1778309983
blundermaster325,JP,,20,1736953298,1778281766
majina1008,FR,,11,1614177158,1777913582
savapr,ID,,37,1616199688,1778252290
mangeryt,SE,,9,1685294285,1778306506
cessdd1,ID,,5,1687935927,1778248744
mayciiiii,VN,,9,1689532573,1778304756
9oys-9oys,TN,,4,1687269946,1778273150
bestokra,BD,,5,1595145494,1778315299
re6o9,JO,,19,1721475239,1778056281
stanislav_zagrebelnyy,DE,,4,1689949595,1778311090
xxroadto2kxx,SE,,5,1742158280,1777244296
arjunarunkrishna-7,IN,,35,1726949054,1778209966
t_1992,TR,,5,1709674778,1772256539
1l4y3,ID,,0,1737484412,1766909564
abrildion,MX,,32,1523616145,1775925528
tiredvoltrader,US,,0,1738025566,1778056286
1000_elo_gm,IN,,14,1713783013,1778249497
swissgamblit,PH,,13,1700909624,1777352180
mcchessface696969,HR,,14,1612993836,1778282464
pattermax,GB,,6,1692725950,1765447459
jimmyjimm22,CA,,4,1672004124,1777642288
mariomost,PL,,1,1586958891,1774473762
cardefo,ES,,5,1671829783,1778269576
mamgox,EG,,8,1664472495,1776343257
samirkmohd,IN,,7,1571511004,1745830836
craigeb,GB,,1,1736154452,1777991366
cruxtiz,CH,,6,1698972281,1777939632
ngbat,GE,,4,1691095675,1764257330
mahiya98,IN,,6,1650981680,1778300467
ismailhm,MA,,10,1591374287,1752621401
wash65,BR,,20,1607362219,1778262860
unlceknackers,US,,3,1690568363,1777684506
jjay36,US,,2,1561820079,1778275210
oscarsbg,EE,,9,1595451103,1778294859
bhemp,US,,3,1416459923,1778293292
ansitey,IN,,22,1474800068,1776217876
afz91,ES,,3,1684329774,1778275326
feryaxel,ES,,0,1644266594,1778268401
naugraiya1,IN,,6,1728630610,1777127498
relshoob,IL,,4,1615654465,1778169697
thiagomichalichen,BR,,5,1607987271,1778292517
bombaybhai,US,,106,1625033769,1771641772
oskioskioski,CZ,,1,1677785759,1778310716
kindasnafu,AT,,17,1617348802,1778315127
rook1011,US,,1,1575594121,1778276054
dragonsmog,US,,19,1645321821,1778193668
ydjdjsiw,CO,,2,1717281182,1778056310
constantine0711,UA,,1,1699373889,1778275495
mickaelfeldman,FR,,29,1534624476,1778056311
margalla2,DK,,2,1607606061,1777739809
markusm73,DE,,4,1664042263,1778308524
mode-sage,ID,,8,1742621587,1753474710
kingghidorahthegreat,PH,,2,1695703062,1761517751
sergiivl,UA,,8,1632774647,1778056315
darth_quasar,EU,,8,1635528925,1778296995
arslanpasa,TR,,2,1607074271,1759141120
jack88t,GB,,1,1742054861,1778056317
3lismadi,JO,,6,1731423813,1778271306
max4006,DE,,3,1693377037,1778252715
guandalowo,ID,,5,1616566930,1778278077
mwampoma,TZ,,5,1669886300,1778250411
classicwatto,AU,,3,1663056465,1765718060
msenjic,HR,,4,1675284324,1778266791
pat14dec,FR,,4,1574363866,1760861867
ralphwho,XX,,2,1672065834,1778312793
dead_linee,BR,,2,1694797515,1778269712
eroiv,PS,,24,1740668754,1745965240
jaypuranik,IN,,68,1508090894,1778300311
sonofzeusss69,ID,,0,1738100236,1750403683
kronos_re,US,,2,1732058042,1770746892
james242824,US,,0,1648340833,1778281137
u92215,CY,,7,1555368121,1778313315
kylewhite18,US,,1,1604845842,1778240225
westjake,US,,12,1619219636,1755626407
ancestorofgods,KR,,17,1611219106,1777898307
r35an,ID,,6,1616219135,1778267925
satu21,DE,,5,1729608828,1751707423
yoni_n,IL,,1,1479757527,1778267038
rubaozim,BR,,29,1553029909,1778056334
joel073,ES,,5,1610803191,1778281428
xldrex,US,,5,1702757610,1778288007
andrew28o,MX,,39,1639259986,1778282001
jrbcaminreal,ES,,0,1660383650,1767211236
amishgirlgamer,US,,25,1595993746,1775273148
mashtaevartur,KZ,,24,1646811555,1778072016
shagunsharma95,IT,,33,1605053804,1778271915
scorchedearthvi,IT,,9,1697039498,1778314197
xanlin,NL,,7,1670626414,1778280774
pawnderable,US,,23,1681491251,1778298282
levi13thomas,IQ,,6,1532420059,1778251626
kinghtnbishop,IN,,2,1687117960,1758086309
vincent1952,US,,3,1620078242,1778216801
lalolope,AR,,3,1547171990,1768652666
ohadkoren,XX,,18,1513196104,1773146678
tammosnrop,TH,,2,1614739576,1778160978
sfondatorrigemelle,IT,,24,1662201018,1778138730
l1r1kq,RU,,2,1622309421,1778056348
dopa041,XX,,11,1606385484,1778017704
cfilipeplbh80,BR,,18,1527780583,1778312752
whatacoolusername,AF,,23,1675481520,1778313451
eldarajirlou,IR,,2,1642108988,1778315104
artjedrez,CO,,142,1643330851,1778305508
demluk,CZ,,6,1674324737,1778302887
akshaysharma108,XX,,1,1731738790,1778056353
keem-star,JM,,11,1674881367,1778294389
mathieulebrave,FR,,8,1738060277,1778282842
formplast,BR,,3,1621450173,1778283573
alishadi0,LY,,3,1677618943,1778313654
geeter,US,,3,1575916270,1778226115
saratbabup,US,,11,1427490088,1778301919
sanky28,IN,,6,1692343853,1778312690
le_babapt,FR,,12,1616840740,1778310811
paoloerrante,IT,,18,1607506775,1778281153
aditya220406,IN,,1,1722753445,1778315051
leinreft,VE,,12,1707344875,1778285535
serjedi,IT,,10,1523969291,1778257971
glenb123,GB,,7,1612387910,1778274201
amitchtx,US,,4,1528832075,1753142215
guifernandezs,BR,,15,1611649974,1778238920
umbradaemonis,NL,,6,1707678087,1778273428
scalvetr,XC,,1,1415829542,1778308361
codemaestro64,NG,,10,1726682738,1749564334
oisinkelly2590,IE,,2,1637932502,1777489043
topolinooooooo,FR,,9,1736195440,1775400772
rumi238,JP,,8,1744474772,1749819343
danielgz33,CO,,4,1739813447,1778286322
notsolaire,IL,,8,1620113558,1777739594
ahmed0000356,EG,,9,1696056850,1778277913
sofronije1as,RS,,4,1663277675,1778286344
thomasguanz,XX,,7,1400024931,1778239733
crouky,DO,,3,1607347193,1777567490
frkn58,TR,,27,1586194822,1778313506
betterlucknexttime0,US,,15,1619728360,1778042729
algorashi-1,SD,,1,1731308391,1777703977
kalvinc689,GB,,8,1672088915,1778306938
ashok_mareedu_1,IN,,4,1725297731,1767171133
maks_77747,KZ,,7,1727324254,1778095293
sardarmusa497,PK,,2,1727702138,1778056379
xircastle,TR,,2,1708117566,1777331659
mehdi-n6,DZ,,11,1728380702,1773079850
pikachuhanuman22,XO,,22,1744043279,1778261120
deathsqr,US,,11,1260777419,1761472401
xschooo,GB,,2,1678149195,1778187894
alex8261,DE,,18,1609690012,1778277940
schack_stefan,SE,,0,1724598091,1778308991
henrisans,BR,,8,1608737416,1768172061
syamirsaha,MY,,2,1671043025,1778056386
king3925,VN,,5,1673342652,1778056386
julianrh5,XG,,0,1605133456,1778056387
ahmedhany55,EG,,12,1675705520,1777812457
gremiodojalapao,BR,,15,1666752425,1778196011
siegmar61,DE,,3,1611336893,1778312631
jpb4929,FR,,3,1610973075,1778307407
vips2225,IN,,4,1698507431,1778056391
phoenixtaylor8,GB,,1,1716150468,1778271058
erico95400,FR,,10,1673383236,1778313933
thundershogun,NL,,4,1691952717,1777963636
hviky3,MG,,0,1707060528,1778261842
urge3,ES,,19,1582498195,1778267473
x-4469629836,XX,,8,1724250596,1753324157
qualsostefano,IT,,3,1648402656,1778304322
adilsonvieira2512,BR,,38,1613309902,1778096489
cullens17,US,,10,1672449197,1777137819
casadestiger,BR,,0,1667023124,1751648697
gabrielmoldovan88,DE,,12,1648345489,1778286342
cazmokeyzo13,GB,,30,1474272983,1778312268
turniplover123,PK,,8,1649162485,1778315134
brillianfirmn,ID,,4,1734946937,1771970924
corico_o,ES,,1,1689503475,1778227243
moonbrothers,KR,,8,1681380205,1764291050
maaanuz,IT,,3,1520356571,1778056404
alfatih1968,ID,,11,1741382407,1773294320
cd1983,SE,,2,1599326536,1778189000
the_masterking19,DZ,,4,1744415107,1778244205
ktgeo,GR,,10,1471116805,1778045449
manzvince,AU,,5,1688099446,1778303623
ecopil,XC,,4,1711146930,1778166909
mountainw1,NO,,68,1576428242,1778315208
anadearmas33,TR,,114,1693428984,1755756129
ozmanen,SE,,7,1686217298,1764177215
lexyschmexy,SE,,3,1553548449,1778284998
danielhr9932,BR,,13,1568866055,1778284352
zacben86,MA,,6,1735290571,1778256932
urgen_tamang,NP,,6,1733042928,1778276369
raf08pl,PL,,14,1651951620,1773334785
spyridoula9,GR,,7,1713286835,1774257991
matkubong,MY,,0,1717219527,1778311053
jakobsw,FR,,16,1614468259,1778279411
jstret07,US,,22,1632942403,1778305523
ihorvedmedenko,UA,,11,1678650167,1778263880
bjsantander,PE,,2,1733452117,1778171916
spikespiegel2044,US,,10,1617200391,1778292179
gerdbrumm,DE,,6,1612091957,1778098523
nicolacampanelli,IT,,0,1539190457,1778314261
roshanoraon,IN,,14,1595750956,1775320046
ankit_dave,AU,,4,1603907539,1778315560
rulosanz,MX,,11,1563670603,1776173470
sergey1977sae,XX,,98,1629053451,1778314621
lwhikarik,AE,,23,1588188646,1767942546
cbakhai19,CA,,2,1612737042,1777991585
alexeynicolas,PE,,26,1610740752,1766614005
elmaarmut781,TR,,18,1701758181,1778315578
rowecce,IT,,0,1590668951,1774908729
likeabletray,FR,,11,1609440503,1778309363
ropime,ID,,8,1672046876,1777167374
anderypablo,BR,,14,1478294593,1778147494
mosciolino,RU,,2,1440933341,1778262435
lovac,SI,,7,1206370294,1778315506
82yo,US,,10,1706411945,1772095401
gaviaorox,BR,,14,1607447319,1778289263
cro0ow,EG,,1,1737719201,1778265171
harjit-singh,IN,,0,1712743327,1778303922
deluch918,US,,2,1614575719,1778313095
cicixxxx,FR,,17,1716320481,1778311793
long-castle,GB,,3,1626962184,1778314923
tazio,VG,,7,1255891671,1746996781
cdflakes,US,,10,1634659621,1778173376
emcsh,US,,1,1667698204,1776374271
esudu,AM,,6,1648588081,1778284193
jakrawat1,TH,,12,1723876293,1773609607
zefirqa,RU,,84,1685979895,1778281601
zibilyan,BG,,0,1711430118,1778313870
konmek554,TH,,15,1712484528,1777693475
martinhrvtt,BE,,37,1670177418,1777035655
bernym,DE,,6,1604239730,1778311775
eniosousa,BR,,25,1663616124,1776886391
tbowle1b,US,,32,1647714654,1778297391
kabirmaske25,IN,,1,1544418662,1778315252
andreabruno1972,IT,,27,1639313572,1778056448
yagizgursoy,TR,,3,1740066760,1778258493
sarge00009,US,,3,1699707284,1778286867
binyamingoldman123,XG,,2,1658356662,1778271612
marcinorzechowski35,PL,,2,1665778976,1778308436
bocsa1234,RO,,11,1628061660,1778104517
abrasivemedia,ZA,,3,1665258898,1778219260
kb1z,GB,,10,1664843094,1778292666
albert_bizepsstein,DE,,13,1706217542,1778260764
bat_danyo,BG,,0,1690587060,1778265190
arzackh,RE,,1,1730636803,1778256623
paulpchou,TW,,1,1577281515,1778313111
marco_sani,IT,,7,1673364102,1778216746
rolo51260,AR,,11,1575949934,1778294214
seren1tyn0w,US,,6,1673651306,1778256971
rolandoboldrin,IT,,1,1549642006,1777936017
trollbreton,FR,,6,1432805174,1778315616
knightsmoveinlsbuttakews,NL,,1,1683042986,1777678979
riseupsix,IN,,8,1695536851,1778230301
birdflowers,IN,,1,1702956513,1777377272
kavindu-pasan,LK,,5,1729413440,1778303157
sidneycrosbe,BY,,3,1639313720,1778272390
spamerano,MA,,29,1648744781,1778282962
vontartul,FR,,4,1675939647,1771367854
kitaromatsury,DO,,6,1689319149,1778302825
sanjay676,IN,,4,1692953410,1772716369
sle7ven,FR,,2,1732460108,1778245257
rubensa3t1,ES,,16,1625935720,1778219103
johnnynitetrain,US,,38,1661593674,1778313077
tahaswilem,EG,,8,1692869545,1778272177
abhikhatri009,IN,,0,1692419222,1755807604
okagotnes,NO,,19,1514225873,1778271645
acetorpedo,IN,,13,1645711758,1778275030
suhasm7,IN,,12,1574840993,1778312802
thenoopy99,FR,,2,1677168605,1778199227
lichessbetteeer,ST,,1,1687696091,1778157518
tomdel2000,BE,,14,1687537934,1778312466
maxaubryguiho,FR,,20,1632749451,1777055611
sharki22,CA,,23,1580740161,1778288876
imf0226,PT,,13,1610372314,1778255201
manbu6,XG,,3,1644076780,1778309140
ayushs10,IN,,4,1517830870,1762608361
dmitryegorov11,RU,,16,1663354920,1778273273
jetmosly,DE,,6,1614978399,1778313127
theseus_von_athen,DE,,7,1673053893,1777298012
torsten_55,DE,,6,1711797367,1778315431
garydos66,US,,40,1655675248,1778282023
hffjfxxddhjh,DZ,,0,1745141680,1749168546
morgen2021,CA,,21,1640459739,1778270486
chillmath,BR,,7,1608254186,1775178165
jgm-90,PT,,0,1706565463,1778259147
muktadirrrrrrr,BD,,3,1702628658,1778269777
aldochessmaster20,PY,,4,1712344995,1778295486
juanjar1971,IN,,2,1672170834,1778315505
oh-nee,JP,,25,1725550321,1778313676
bartolomeuu,BR,,6,1612443023,1777931617
elfraggon,BR,,2,1737901818,1776041751
jovannymartinezjulapzo,MX,,0,1734358857,1778056491
kausi777,IQ,,7,1601867368,1776605849
mnadil,TR,,20,1596916283,1778313370
mitnic1,DE,,3,1676350808,1778253930
andrushkor9,UA,,2,1734699273,1778232870
xo_genn3,US,,138,1741741473,1768050252
youssef_emam2008,EG,,15,1688920912,1777473049
lazaroarmando,AR,,7,1677192953,1778276895
sudeepchhetri,GB,,4,1514292650,1777811334
damienrichards20055,ZA,,7,1621274069,1778251563
michaelcalkins91,US,,24,1591942644,1777953557
user341070661,CL,,2,1706156267,1778248403
stanj2,US,,15,1688751817,1758420011
ketupat_pink,MY,,2,1672987178,1752665145
alicinhajoubinho,BR,,55,1635014925,1778254321
juraggi,BR,,5,1563239705,1778056504
samsad,CA,,11,1261946108,1778311027
poppop8888,US,,1,1730598099,1777805959
hoppschwiiz,CH,,23,1693575704,1778315491
moquichino,US,,0,1733275382,1778305705
mojojani,DE,,2,1742258229,1778315598
prayer_a,JP,,3,1711808106,1777637629
arnavghate7,IN,,7,1724330639,1774092782
zheltoukhov,UA,,9,1612994745,1778307201
bitterzz,TR,,2,1534263429,1778278514
icegodfire234,IN,,4,1688794560,1773580754
taniyafaisal,IN,,1,1644851419,1777981398
fatides,PE,,43,1607187829,1778292993
ilhameldi,ID,,22,1642234390,1778310225
iammalek,EG,,20,1610288699,1778271372
akash100h,IN,,33,1699796594,1778308273
manuelstrelli,BO,,2,1725052629,1768094285
lokman13,TR,,8,1614857837,1778275706
rusty1233,IN,,9,1710839462,1758652335
sra052,IN,,4,1241890080,1761555249
mugambo20,IN,,20,1637336842,1778307175
mirraxmon,UZ,,16,1713024814,1778300838
eifels40sflo,US,,5,1608511146,1778268938
rafaaeltrindade,BR,,3,1671494127,1778286402
phil58,GB,,2,1309487195,1778293424
97saifi,IN,,7,1519146063,1778314644
abdalrahman_mta,EG,,18,1534185541,1778216078
ahmedbennhila,MA,,3,1680207925,1778275861
mxlbrt,ES,,13,1692889131,1777908201
loulou7363,FR,,9,1735050338,1778281075
jejepov,FR,,2,1616332080,1778278633
1mose,KE,,59,1649617300,1778314584
justin4ae,EG,,4,1680295200,1778156461
susy-raskolnikov,AR,,625,1258891002,1778242486
kaban_3g,RU,,1,1681745765,1778310063
seto_gunda,NP,,13,1549027730,1778314766
chickenwinner72,GB,,3,1597745560,1778183120
anonimuss_0610,IT,,12,1642024048,1769444442
fl4vien,CH,,2,1729838317,1775332583
brunsl1,AT,,6,1610051497,1778176986
qilishbiy,TR,,2,1712954916,1778236612
subha1893,IN,,0,1713832428,1750732999
gauravboda,IN,,8,1616866805,1778238520
wildwestyeast,CN,,9,1730438315,1778139176
lerisek,XX,,10,1733358889,1778302206
mlh618,SA,,7,1579579773,1775777291
inbatweenie,GB,,0,1609875364,1778267089
isaactoes,HU,,10,1673095494,1778262989
petroszero,XX,,41,1689442415,1778305622
stuj2,GB,,11,1691971105,1778312298
grannyonroids,ZA,,12,1673086600,1778272464
kenjiro,MX,,23,1222008025,1778315721
supriatna7964,ID,,4,1697913364,1777042307
vocavoca,US,,3,1537812926,1773724889
dgn87,TR,,0,1609713717,1761591667
noursbaih,SY,,2,1717247284,1778264022
crazycapybara,BR,,8,1640893316,1778072761
chesterfield1989,US,,4,1676935775,1778285712
mtl_gamer,CA,,3,1700095190,1778275885
lukaszbreda,PL,,20,1451864478,1778313192
miaunoah,VA,,11,1663855785,1778227607
elmistro99,EG,,5,1735000903,1778268949
strawguava,US,,26,1710088279,1778304618
b4ckstab,SE,,1,1611707421,1778306800
daniguinaldo,FR,,0,1739301765,1764529496
heminway,ES,,12,1618426370,1778276877
rudogztagv,CL,,0,1723681059,1778312114
satish2908,IN,,11,1699192076,1778314112
ali_kagra,IE,,14,1653913125,1778210276
redreamed,RO,,8,1740155477,1778150648
marchesinimax,IT,,40,1610885117,1778315113
kasparov242,CH,,3,1604689873,1778242368
sgbakken,NO,,9,1482004985,1778288452
gandhi-india,IN,,22,1706615169,1778152876
100p100rage,FR,,16,1610568237,1778163681
diaboverde,VE,,5,1516666636,1778258484
liendamdp,IT,,36,1640196055,1776328047
canip123,SE,,17,1660663991,1768928741
advdhaval,IN,,0,1690289212,1778315552
abdielx,CR,,0,1616634526,1777839784
chessgoiiath,GB,,34,1539535278,1778284267
villeneuvechristine,FR,,54,1365365693,1778308112
jkzgh,IN,,4,1653146727,1778258800
warywinter,EE,,9,1551282306,1778277198
nodist,US,,0,1735039455,1773279703
machinegundeivii,ES,,0,1642062208,1767612822
vaibhavpalse,CA,,134,1673552669,1777249009
iamgoingtowinsomeday,IE,,38,1576173637,1778312331
leonvibez,US,,0,1673130588,1778276233
viz_08,IN,,27,1675526285,1778238757
vyse_llynox,MM,,8,1669966108,1747901821
momin98,CH,,13,1585313635,1778056573
wolf_1604,IN,,3,1737480406,1770303890
georgiagracie,GB,,12,1646863409,1778254239
vyggkjljlbjlbbk,VN,,0,1741099598,1748015158
xxbandido64xx,BO,,5,1723491198,1778314623
hawretayfur,CA,,13,1598942602,1778303254
zakariya2024,MA,,5,1715460106,1778283784
heffeax,US,,6,1740884137,1778289930
neonx10,CO,,11,1503434188,1778289882
bartoszb89,PL,,16,1534277733,1778301430
checkers420mlg,US,,4,1486089092,1778147325
haleygrandmaster,NG,,20,1623060180,1778263574
freddyn1ght,ZA,,33,1735773680,1778278959
namelessbum,RO,,0,1728226543,1778056583
chbenjamin,FR,,5,1676643861,1778263907
alexandratulip,SK,,38,1706955868,1778315783
saeedghgh66,IR,,8,1734242122,1778225302
lelouch_lamperouge58,TN,,12,1656446507,1778244870
saintmaster10,IN,,8,1689716683,1765046650
ragnarone100,SG,,4,1607311146,1778311080
skmajhaua,IN,,8,1704211288,1778306545
titoobahie,EG,,15,1614461281,1778310030
godsmustbecray,US,,10,1454221695,1778142651
0neh1t,RU,,3,1733826889,1778054303
humbblebunny,UG,,5,1701515886,1778056767
avivgerber,IL,,1,1720299323,1768488968
alexcesar10,RU,,6,1681892695,1778259295
conbuilla,FR,,20,1728719828,1778315748
slubgobb,US,,9,1708731267,1778300529
ariefrr,ID,,13,1611110650,1778078765
hipo-tuga,PT,,34,1689983882,1778314629
njagimuriithi2,KE,,4,1726468146,1778230294
elpatron_osi24,TR,,3,1741455752,1778273436
mineshj1291,XX,,85,1620141235,1771994987
kennynax904,KZ,,1,1694168619,1778138024
rohitmk,IN,,6,1578588880,1778250135
n0vachr0n01,CI,,11,1714148005,1778066785
karanvir123456,CA,,0,1557984473,1777846485
bmkhan55,IN,,7,1715775522,1778298285
jssjs12345,US,,1,1619216798,1778294006
jenghiskhan69,US,,3,1670222901,1770336733
basketballing,US,,14,1376811138,1778258159
mrloser8767,IN,,3,1729691408,1778306339
badcat82,BD,,14,1673024064,1778138185
anandhu_nidheesh16,IN,,2,1577602642,1778219841
rhoerdi,XS,,1,1700682390,1775917196
dip9999,IN,,16,1586528326,1778315278
marcosweiss,BR,,13,1623961942,1773277073
hamedbagherian,IR,,11,1488659844,1777631188
77alok,IN,,2,1732197990,1758877200
frostydog1997,NZ,,12,1618385425,1778315176
rafinga,MA,,4,1607111515,1778273724
kdvvd,NG,,0,1622240660,1778271234
soyyssauce,US,,3,1735959522,1763559930
cfcnate,GB,,2,1675678460,1778279125
kuriyama1,IN,,6,1654411161,1778255566
lukaszzeman,GB,,19,1725398723,1773254511
davef81,GB,,1,1646685505,1773240621
deltaplaysyt,IN,,12,1702036794,1778310683
calyseden,FR,,0,1604093848,1778056618
vetroved,RU,,4,1698430195,1778239608
andzoe,HR,,6,1671318603,1766803742
tinskibiditoilet1000,VN,,3,1742398864,1750301563
lasha1884,GE,,3,1690118053,1770407122
yaboiikd,ZA,,1,1723822408,1778254223
raymondyayontapia,PH,,3,1729856262,1775864095
shashi_730,IN,,23,1675282844,1778155679
occamsrzrslicing,US,,31,1572219700,1778269890
fivss,PL,,1,1591120773,1777911692
ma10d,DK,,9,1728539358,1778094418
hgcxxxcc,BD,,5,1686867821,1749060856
jojo7484,FR,,4,1593560247,1778240367
snowman8888888,CA,,2,1684104993,1778259315
osmarsanche,BR,,3,1745718283,1778056629
ahmtysa,TR,,7,1691488059,1777317824
shafeeq940,IN,,5,1290576124,1778273545
rwstik,UZ,,2,1729868389,1778172615
magnushaisser,BR,,2,1730149266,1778281304
dorianmontbouy,FR,,24,1611387644,1778008878
okoh30,TR,,1,1736408618,1768658599
trufflebonk,US,,1,1671403048,1777474513
abdhadi1080,PK,,18,1724624082,1778236127
sraddha06,US,,6,1666286387,1778305409
jjcharry23,CO,,0,1726178233,1778299800
theuslima,BR,,8,1594222169,1778292534
ibrahimnid,PS,,3,1681980413,1778236276
j0k3rsg4mbit,US,,0,1741413727,1752899319
hamzahaddassi,SA,,0,1725641694,1778315755
benjaminvdd,FR,,1,1677676144,1778303629
domsladky,CZ,,5,1705932340,1778277393
malalla7,BH,,0,1675624414,1774146903
olorin111,FR,,3,1601302687,1777472516
thewitcherknight,IN,,0,1673279996,1778300092
rami19931993,SG,,6,1720913452,1774839672
hgygh77,AO,,1,1745728660,1750611621
robinvoegele,CH,,1,1609144201,1778309246
erastfandorinn,UA,,12,1613151865,1778315541
kamphuis21,ES,,0,1673350767,1778315012
tonyiepure,RO,,17,1591260125,1778192985
vikasjen,IN,,16,1325066950,1778315393
f2o80,AF,,7,1718268409,1778289358
pouahlu,FR,,3,1732391178,1778311414
masonfuchs5,US,,8,1666417845,1770824415
5376d,TM,,16,1692863443,1770444618
algirdas0950,LT,,18,1616265594,1778250632
firechief1602,BR,,24,1614612676,1778275352
tamecast,IN,,9,1599040051,1778303703
doktorek1961,PL,,3,1673181361,1778303006
dgouvou1,US,,15,1677517578,1778294992
nightwalker117,AU,,3,1675684839,1766494282
kittayya,IN,,6,1558944182,1778308816
invicta7,IT,,14,1499257279,1778064723
thehouseofthaddeus,GB,,20,1674485078,1778287272
estuarsus,ID,,4,1701343479,1777941303
oybek3134,UZ,,8,1741754246,1778254848
baiy1995,KG,,14,1675864418,1778056661
aslamacioglu,TR,,8,1452168168,1768284278
abc1111111111,CH,,2,1608831291,1778314752
dominicasselin1,CA,,0,1673749250,1778296706
askerkungen,SE,,3,1680985518,1775595179
zariush,ES,,5,1585087484,1778205013
wdew1,US,,23,1673319464,1778265604
stylouish,CA,,3,1664286537,1769067565
bardlla,IT,,18,1695078229,1777751124
hungry_plate,XX,,83,1671127732,1778238539
zekius,US,,62,1629870033,1778315176
mtwlms,HR,,3,1613050633,1778275114
ai_monk,NL,,2,1701102584,1778307327
derrivebrianto,ID,,0,1512661792,1767414707
ilham1712010,ID,,10,1699955774,1778056671
zuqqq,MY,,1,1713536604,1778300116
bojack1994,GR,,3,1610558117,1778163432
martenm79,NL,,1,1579685283,1778222661
renanrodrigues2800,BR,,49,1612504729,1778240207
ppuppuppuppu,KR,,5,1741009699,1770001959
jowuann,TR,,8,1696565666,1775546061
cigarbishop,US,,3,1637888765,1778308305
bendrum,FR,,6,1610712144,1778056677
anton8038,NL,,1,1604587847,1774652476
hatta54321,ID,,3,1679276919,1778307908
qawsedrftgyhujikolpp,JP,,0,1681270227,1777570854
gajdosb,HU,,4,1674326790,1774288643
naveens_007,IN,,0,1672561576,1768209445
timgj99,GB,,9,1620020375,1775802385
maxdox99,ID,,2,1679692956,1778174161
stewartcambridge,GB,,108,1617398020,1778313651
chaoticmaniac26,US,,30,1737255287,1778314234
mahdi-1602,IR,,4,1744643524,1772125408
x-3362928726,XX,,0,1733669521,1778056686
muta420,SA,,29,1606362727,1778306688
xtomachess11,CL,,3,1722648754,1776654062
llooeekk,NL,,4,1584991751,1778304214
m4t10,FR,,7,1654696272,1748334959
paper-cutter,IN,,2,1466932699,1769314892
yandel76,VE,,37,1733587177,1770814627
irklass,LT,,4,1658013980,1778185446
champion10_chess,XP,,14,1280444314,1778315005
arkadiuszfilipczak,PL,,8,1605897037,1778256871
golden_chiken,XX,,85,1684043435,1778056693
thepoinkinator,US,,1,1467335188,1778293287
trankilaco,CH,,7,1731872392,1778312337
rafacam99,ES,,6,1511809319,1769970168
tomassorenson,AR,,3,1609593559,1778271711
j0ker_br,BR,,13,1663565655,1778264890
mingalexander,ID,,1,1739336873,1773855911
sou88an54,FR,,25,1612125746,1777219065
mmanty,GB,,1,1740417677,1756988266
ryanmcg09,IE,,5,1674576380,1778235144
partypilsner,SE,,42,1605044092,1778297620
svonflue,US,,1,1531718871,1778290803
kaled_9,JO,,1,1711480182,1749732102
canigetjust1win,US,,18,1710960149,1778294672
aviii2212,IN,,14,1693298375,1778315564
hasbrow,FR,,4,1657215651,1749686883
potimouth,US,,9,1676220728,1778276041
jazztzyy,TN,,20,1633211061,1778236127
yidbgdisfb,IT,,1,1693415847,1778253673
lolololopo16,ID,,7,1695992969,1769339617
batlarc,IN,,1,1455459340,1778315820
valentyna1212,UA,,36,1700209430,1778189490
chiowii,FR,,13,1737123351,1777755758
chesscanuck49,CA,,6,1722871397,1774268576
diidenis,BR,,19,1538138593,1778293385
sero1231,PL,,0,1676495681,1778314554
psanchec,XX,,9,1526663973,1762806646
idris575,PS,,0,1686044169,1778284379
darklegrek,CH,,5,1742796023,1778308452
pulse143,IN,,6,1541437217,1778305986
kodookk,ID,,2,1676052092,1768568209
dawn723,US,,23,1595126232,1778279882
gamboa81,EC,,2,1689807276,1756575304
leepcr,GB,,6,1702392399,1778150868
stink-eye,XX,,8,1681344189,1777563412
skualq182,MX,,0,1641586894,1774471265
knightmare_blitz,FR,,5,1691617061,1778313695
kinsenhill,US,,38,1672266985,1777571723
naruto2510,PE,,5,1676938900,1762658584
ikhzan999,ID,,0,1746616962,1748593058
bioburdock,BR,,48,1644001235,1778296277
hollowknighttipsyt,US,,10,1721934119,1778287650
bhbgkfk,US,,1,1721603807,1778253572
anonimoinchess,CO,,16,1727692175,1778056726
4shek04,MX,,16,1626664886,1778264975
kdziuba89,PL,,5,1696604566,1775262538
nothenryt,US,,28,1678484115,1774290009
gabroid,HU,,6,1607264598,1778284421
romuba,FR,,8,1733568504,1778282338
frbio,FR,,6,1658769383,1778166642
nqabadyasi,ZA,,15,1704177376,1778281328
dangkhoa2k9nvc,VN,,25,1734534354,1778243865
player12303,HR,,0,1559767151,1778284362
faviero,BR,,2,1606998537,1778210688
selcuk_kurtulus,TR,,15,1699341101,1778309947
johansep23,CO,,6,1615592607,1772501612
huseyindend,TR,,19,1705418779,1778310228
johnbalboni,US,,1,1675221734,1778295571
niczorro,AR,,20,1607339312,1778246574
pandalu1w,CO,,9,1717550959,1778250200
comiran,BR,,4,1605579674,1778274368
nish3575,IN,,7,1632622029,1778280005
mozoo92,FR,,2,1666134891,1778310488
aketheman,FI,,8,1677744725,1778311589
pashtuneee,BO,,2,1696780843,1778166977
momo7119,CH,,5,1644098143,1778289929
ange173,IT,,3,1604133521,1778313416
uzphblancakes,AE,,3,1739205624,1778065909
masnymysliciel,PL,,1,1617231042,1778005625
viranviranviran,TH,,7,1738245511,1771162668
husol,PT,,1,1611780015,1778276866
dr_dad_mechanic,US,,2,1665968268,1778260460
fugmaknutts,CA,,0,1696907557,1778056748
cmerriweather,US,,4,1526945294,1778260143
mjohnson74074,US,,7,1700617885,1778312739
dragon_reddd,PL,,1,1742092290,1778198183
dudushimi,BR,,28,1600147224,1777478488
slimjms,US,,14,1666115787,1778293736
shanmat7,GB,,14,1551873451,1778056752
theolinko,DE,,2,1631470541,1778266760
andromedon001,IN,,6,1604503135,1778313141
jonbot96,US,,14,1604871759,1778056754
hahahahaezz,ID,,2,1736768479,1778302339
viveknair314,IN,,5,1672754869,1772284451
janperellosalvado,ES,,10,1649787517,1755093219
golji20,FR,,25,1736038638,1778276760
magicej,US,,2,1485679859,1778056758
alimode,ID,,0,1742556561,1778056759
joniabi1114,ES,,9,1698619059,1778278798
willy019,ID,,15,1678444136,1778123934
zeynepbb51,TR,,10,1563729757,1777874441
sunilsai07,IN,,7,1699719746,1774076200
arbaihaki,ID,,8,1742632026,1778296149
phinomenon,FR,,13,1729380152,1778288872
wiwi13135,FR,,5,1736881888,1776879718
lapo_1926,IT,,8,1693777534,1778277846
maxwell0079,IN,,21,1723642596,1776409798
fatimahalyaimn,ID,,5,1720277679,1778183034
caturians,MY,,25,1688638051,1778315558
minos73,GR,,15,1543918396,1778304347
mojtabatafaoli,IR,,2,1704112587,1776952761
vevekmalam,ID,,1,1679014338,1778306240
gales87,ID,,15,1685293484,1778304435
hacenegoucem,DZ,,3,1599228280,1778312000
devaprabhu,IN,,3,1512319043,1778306845
mr_white_walter,IR,,15,1735979346,1771870386
samar341,NP,,11,1669473703,1778314229
tiodiegodk,AR,,12,1587078765,1778286914
prateek256,IN,,10,1683718613,1777648315
ibti101,PK,,16,1726527244,1778303404
iamhouser,ID,,10,1671817998,1778300435
arsalan2705,IN,,16,1730616726,1778311862
yogayogovich,RU,,0,1734156450,1770654607
chrfrtsdd,TR,,0,1724736204,1771316662
duomiaws,SG,,5,1674649198,1778207472
rooyalflush,US,,14,1640457064,1777592130
sseffa10,TR,,1,1664825148,1778291274
iamsayam7,PK,,6,1670575387,1767478996
xiansk,DE,,9,1733771694,1778284670
sabatozz,ID,,2,1616854476,1776579481
manololito,ES,,6,1510525016,1767799734
selvamuruganm,SG,,21,1726715547,1778309611
schmeckse,DE,,7,1695980476,1778234634
jeeppalt,CA,,16,1578791743,1778265637
chaitanya_uppalapati,IN,,11,1618760908,1778310598
spencervaka,US,,28,1643383717,1778212928
aderamones1975,XX,,7,1607744318,1778314811
cromwellington,US,,6,1643936784,1774101607
ayush-j,IN,,12,1425129616,1773432344
odi83,IR,,26,1722254452,1771519452
kiki_medic,PA,,77,1613011415,1776971605
flashygordy,DK,,6,1663673987,1778267064
najmuzzaman,BD,,17,1707556082,1778210796
mercadordanoite,BR,,7,1700519345,1777922153
jaypincha,IN,,2,1649232684,1777565690
fat3m3h_tshrf,IR,,1238,1698705352,1772147776
emilyyhzz,CA,,2,1714659974,1778278567
amirsweden2025,SE,,4,1736540114,1764794125
pranavgor07,IN,,30,1587829503,1777357062
freshtea11,ID,,2,1741559408,1777998803
ewout1972,NL,,3,1656262569,1778314391
espoty2,MX,,3,1737188374,1778056800
purposemd,US,,2,1738202751,1778290106
orbanaz,US,,1,1434480174,1778274117
yacine1887,DZ,,6,1611357964,1778190067
sergiollafk,CL,,5,1693676815,1775665595
baidahenko,UA,,2,1576745577,1778260362
pulpodzilla,XC,,0,1719901880,1778314109
hanny1999,GB,,2,1680385391,1778181583
imza07,ID,,6,1615388367,1778138495
murtza14solu,TR,,1,1628440569,1778307179
marcos358,BR,,2,1736217040,1778222212
chius98,IT,,12,1700829714,1778064566
dajiec11,ES,,0,1702651200,1778275859
adolfohornos,ES,,10,1726508052,1778056810
panoskatsivelas,GR,,7,1632864652,1778312026
vann1984,US,,35,1316553077,1778300240
gaou7,RE,,9,1675025864,1778076928
sam124609,IN,,2,1678001331,1777191123
amohfjdkx1,DE,,4,1673648823,1777118055
yady-9,ES,,1,1741773352,1777636023
droptheweapon,UA,,6,1692948156,1778315656
1122ac2211,AZ,,22,1613910831,1778217072
ditegurkiwil123,ID,,0,1697510920,1778248438
mieesha,IN,,5,1521526030,1777797726
general_cantona,GB,,6,1435784375,1778193885
russssz,PH,,9,1727424358,1778315223
jansi_jara,IN,,12,1731326702,1778314790
pearsoup2461,CZ,,1,1509397574,1778290894
eduardopinadlg,FM,,9,1594182593,1778198861
osellote123,AR,,5,1728519850,1778271161
qu3nt1_clr,FR,,7,1661332044,1778163976
larsskovgaard,DK,,2,1672169188,1778272919
prior_l,US,,3,1737154068,1778284538
sealedbarbecue0,US,,4,1657751004,1778194134
nasreldintalaatnasr,EG,,8,1676023819,1778280564
fatmir68,FR,,4,1672701208,1778286129
daviddelgado17,MX,,24,1717211196,1778285230
jenda404,CZ,,0,1620842563,1751412730
advik_joshua,IN,,39,1669293732,1778051596
atlet120,RU,,3,1707462846,1778056830
ocho1977,DE,,6,1617342858,1778243315
aidenshamrock,US,,1,1536020229,1778253860
giogritti,IT,,32,1619853477,1778313201
mowra,BR,,4,1610101774,1778288045
acekos,FR,,21,1557167292,1778264427
nevarzus,PL,,9,1606201079,1777532597
anperor0v0,US,,9,1739730408,1775731434
brucesleaze,NO,,11,1384890755,1778263885
pot2343,US,,16,1298527451,1778091886
saammahdy,EG,,14,1706057672,1778289130
han_play,ID,,2,1742981568,1754541754
a4folder,AU,,3,1661161179,1778311169
baheria,PS,,4,1731243442,1778303589
patrisachess,AL,,2,1705841893,1776077334
djop9876,IN,,5,1727583341,1778296832
eng_ii,SA,,4,1705976908,1778056842
jamielester,US,,43,1211783136,1778309534
miguelpintos,CL,,7,1681839427,1778197837
spider_murphy,XS,,39,1472908815,1773226805
timotheos99,US,,24,1530731688,1778214108
patson212,ZA,,115,1607697462,1778263150
knlrchess,TR,,1,1692133173,1778290415
55ino55,TR,,10,1670742680,1777707081
samuul297,NL,,20,1708865305,1778258203
treybob4,US,,1,1686163423,1778297416
nickkkkkk14,US,,3,1742417107,1778293392
virusmatgm,DE,,8,1747577804,1777902597
rimurazakov,US,,9,1631298271,1778211472
ansigjuraj,FR,,2,1715593727,1778009315
tristouille52,FR,,14,1673983363,1778315500
suhrobbek701,UZ,,5,1741591094,1778233618
ralmona,CO,,21,1335034017,1778305021
cashoutvoucher,CA,,0,1584906602,1778194235
jarvizzzzzzz,IN,,1,1660464320,1778279977
luckchess13,BR,,0,1739123331,1778275281
bedirhanss,TR,,4,1610567556,1777552558
gadafaruk,TR,,7,1705670070,1773714598
ab013407,TR,,0,1675616167,1778282868
therealfelice,DE,,6,1713747927,1778315969
aljahmi3mar,BH,,21,1581520049,1771678773
contaalex,CH,,5,1736450643,1778243755
fiverivers,US,,0,1308023880,1775522835
vann20240914,SE,,6,1726265096,1778303903
cjcantstretch,US,,1,1689892079,1778315116
scorpion1191,DE,,2,1612723910,1778258062
arvkeesy,IN,,3,1739176541,1778258749
billybobbie,US,,6,1627058419,1778315572
burgertown84,US,,2,1737412623,1778056866
jjknn,IN,,10,1651610497,1778311456
pria-ganteng,MY,,7,1719316490,1774342643
wlmflh,FR,,13,1610297592,1778310163
rafaelcanalle81,BR,,23,1585431105,1778304443
inappropriateusername7951,IN,,0,1676987264,1775678187
gvelingk,IN,,11,1694625368,1776459676
dynamicprosperity,US,,17,1610147466,1775617051
arsweet96,US,,2,1732760443,1778056872
thedocev,DO,,16,1649983087,1778274505
marcohpt,MX,,7,1703880108,1778206401
nandaniiii,IN,,8,1599129395,1778275920
sunrise42,DE,,1,1688453773,1778313767
nnurlann,TR,,7,1577808353,1778148330
brainy2025,IN,,1,1730127477,1778056877
kima32,IT,,13,1723035347,1778219931
miggs24,AU,,3,1676697715,1778312457
marky_sparky,IE,,8,1607027722,1775645560
do-mino,FR,,14,1676388251,1778310027
sogo4,YE,,7,1708081564,1768819103
etcharino,FR,,6,1734888799,1778311392
amoranitheo,US,,3,1726999366,1750938954
taibzg,HR,,6,1717146958,1778192400
seanmc123456,US,,4,1745950198,1778232176
skillhajilusm,SK,,12,1660509785,1775261320
004900000y,DE,,0,1729896802,1778277951
nowspoke26,IN,,4,1742408277,1775219721
kanchhabhaidangol,NP,,11,1604923338,1775032200
luckynoobid,ID,,7,1620365972,1777816015
55syh,KR,,3,1735749907,1763473853
wassil777,MA,,30,1700222410,1778076648
ador_0185,PH,,0,1695973021,1777078461
mohamedosama7,EG,,23,1607892007,1778290953
sukuzuki,IN,,10,1680392254,1776610190
ianfg8188,MX,,1,1679595389,1773124562
itechhh,TR,,7,1523648193,1776955506
ai_00706,ID,,398,1680019644,1778263406
piratasaussure,CL,,3,1735336965,1778301976
ularmark,EE,,8,1541962640,1778250546
dastan_enigma,XX,,1,1743157846,1775246078
prajaktarathod,IN,,5,1599320036,1778302126
ouk82,FR,,18,1489997616,1778276021
nevado21,PL,,0,1679851731,1778312051
marcosfellipe,BR,,7,1608932146,1777979370
hum2298,NI,,39,1549562561,1778250491
coltennnn,US,,7,1621361661,1778184422
eyun12,ID,,5,1618382000,1777740218
globglobgaga,PL,,0,1649325968,1776810083
biohaka,IT,,9,1511363393,1778249687
grrrwolf,CZ,,9,1615978120,1777841772
ahneim,SO,,7,1641545168,1774558956
mleeunderwood,US,,11,1356355377,1778269857
cyberngr,AR,,10,1533251119,1778056906
eduardo_de_lomas,AR,,185,1554484996,1778301569
pepj,CH,,11,1521996476,1778312482
jay764,IN,,3,1398339621,1778151835
dhflknaef,US,,6,1676863708,1778278457
mestre-rafael,BR,,1,1674870809,1778303211
spestian1990,AE,,37,1595745793,1778265928
nik540,IN,,2,1609076259,1778313195
aleksej0401,AF,,2,1717397101,1778215188
maharajakuproyyy,ID,,0,1738580083,1774527730
junaidharbin,PK,,6,1704164397,1771086065
gbinoking,PH,,9,1683635231,1769509431
5easymoneysniper,AR,,13,1716159410,1778299969
damiian1112,ID,,6,1719102572,1776822775
mirskil,US,,2,1604254504,1778184966
zimmadore,AT,,1,1697712073,1778307022
kryptonitus,BE,,13,1610638146,1778272848
kieranharrison,US,,7,1625144585,1778289408
lunardo,FR,,13,1610984455,1778288548
luaras50,XK,,24,1691351716,1778259421
gigi04082010,IT,,5,1701682522,1778311396
joevari,HU,,8,1585746301,1778304724
vox567,GB,,29,1644833529,1778313672
sjun21,US,,31,1554752520,1778205696
lorlro,IT,,13,1619381421,1778194395
totorontoinctti,XX,,39,1658935177,1778122811
charlotte1502,NO,,8,1609089708,1778313079
dkvsseshendra,IN,,13,1691162058,1778238642
alfio_fianchetto,FR,,3,1612550099,1778056927
shominauers,XC,,52,1559907394,1776772654
gp102,US,,15,1742588806,1778120426
vitalii_med,RU,,104,1690121689,1778315366
epichunkman2005,GB,,3,1607897151,1761648226
krishvarsha,IN,,5,1704305187,1757010413
ryanmercer,GB,,0,1605087656,1778316126
ilreverendo1,IT,,0,1472753474,1750157752
bravethebeast,US,,38,1634395132,1778250268
7777_7777a,BG,,6,1718800335,1778315877
deverauxmerton,ZA,,16,1715144226,1778239532
rezski,ID,,0,1742299301,1775558264
rahmatalle,ID,,1,1725627317,1778250092
escurial,BE,,4,1610220001,1778242763
ajit2312,IN,,8,1713196500,1778312432
guuurucs,BR,,5,1637463508,1778211392
fernandoni,ES,,0,1517433355,1778315789
pandahay,PL,,6,1621807546,1777993650
shahab440,IR,,1,1500541006,1760453446
wikisan21,IN,,14,1727725467,1778190022
smr123321,IN,,4,1616844196,1777992622
linojim,MX,,28,1600616738,1778303339
denpope,LU,,30,1607287521,1778284592
dk20101983,DK,,0,1732377355,1778056947
rednite_chess,FR,,7,1678561471,1775133022
noahmaee,AU,,12,1609913739,1778292723
zurion03,DE,,25,1624362878,1778256476
zinni_94,SA,,1,1665066904,1778050809
raffrantic,IT,,4,1264861105,1778169694
bianchinit,IT,,4,1676486511,1778305674
baukasrun_01,KZ,,1,1747409265,1750061822
chess_pankaj,IN,,0,1743246523,1759832205
abhiadsule,IN,,3,1660457739,1778246399
emoshiy,TR,,11,1717701106,1778309825
bugib,MK,,325,1552148744,1774376435
marceloabreum,BR,,2,1736186341,1766316246
fnex_72,DE,,9,1708519884,1778298410
shadowforce18,SA,,14,1651778448,1774087617
savneb,AE,,13,1701217157,1778206650
enzoma852,HK,,29,1618360777,1774862919
eliot-le-jbhuidbsj,CA,,9,1732723662,1778238063
jess_sepubera,DO,,3,1715622840,1778296167
waheedmohi,EG,,0,1714421718,1772406836
faustinetarupiwa,ZW,,141,1521033026,1778056963
drisco774,FR,,49,1675123001,1778197144
rolovjs,AR,,4,1748904367,1778272730
otreborzenial,MX,,10,1671593258,1778298407
carloiswafu,NZ,,70,1429031501,1778315095
suspusa,VN,,12,1706338902,1769244636
meesnahatu,EE,,3,1670965141,1778306818
jaimesq04,MX,,6,1747265099,1757136224
ak_518,SG,,2,1701061632,1778056969
rob0963,PH,,7,1745630149,1778315315
mdolla_9000,US,,32,1566926654,1778315582
zdnzf,XX,,17,1722129398,1778173293
janonmon,NO,,3,1676576541,1775554627
alejartv,SK,,7,1668709391,1770614863
podo91,UA,,0,1746461052,1778267511
youngwolf685,NZ,,7,1676690361,1777112455
bipin29121986,IN,,9,1677284077,1778135392
joaquinabellan,ES,,2,1665835780,1751563672
rezaldymuhammadd,ID,,6,1631905721,1757075793
big5bird,GB,,9,1608241460,1775601118
luisin_20,MX,,9,1588044015,1778279649
wilder210780,CA,,2,1477535838,1778282780
gadegtsgg,PH,,5,1693715323,1778292720
myriam-y,FR,,85,1720378405,1778314480
czila517,LU,,4,1622483483,1773580757
priyank_phl,IN,,9,1713013364,1778241011
nekorif,ID,,1,1729419980,1778294624
reaux_tt,KR,,2,1748610809,1778246348
alelip,IT,,4,1605366448,1778229279
giospringoals,IT,,9,1606555022,1773427932
imolee,KE,,10,1705067502,1778253078
magnusanulson,UZ,,20,1732600073,1778315565
srikanth_lasya,IN,,12,1620891844,1778215109
christianfernweh94,SE,,3,1726322066,1753643315
msafer98,IQ,,39,1704748816,1778272196
cccph,DK,,1,1491061084,1778091397
acgonzaleze,CO,,10,1639701405,1778274599
ndlucky,IN,,0,1662264831,1778315816
kyudoka,ES,,23,1556571475,1757351631
abhi-mmanyu123,IN,,26,1736327378,1778299555
dnde514,AT,,10,1606475445,1778269633
tropiquo,FR,,9,1537900358,1764335916
yahya-marei,CA,,2,1726966684,1755179247
artc17,BR,,1,1688063135,1778312562
alfinfaiz99,ID,,10,1744875831,1778314065
kingstaar,FR,,7,1615842428,1778271010
chueee3,ID,,17,1653053620,1755705068
totoromel,PH,,1,1670895631,1750481066
koks65,HR,,5,1680041166,1778167071
damp_i,PL,,5,1622822497,1767871635
motylkowy0420,PL,,0,1748373970,1778057001
brenternings,PH,,3,1727781890,1778225351
isagawa44,UA,,7,1721041316,1778255366
chessytim71,BE,,0,1604241902,1778315680
m_ona_x,UA,,2,1577918311,1778165253
masterkunel,KE,,23,1690048482,1778191670
azurblauerpfeilgiftfrosch,DE,,2,1699732563,1778309931
ankkjjiuhhuhb,VN,,8,1742744140,1778231857
miguelmalette,TR,,0,1696446125,1778246932
borgorosa,IT,,16,1403101725,1778262779
kingtriix,BE,,8,1674851734,1778311041
cyphervl,CA,,0,1566583922,1778259779
dmi_l_akti,MA,,2,1674944777,1777816184
bhatt011,IN,,3,1677745623,1770996704
huzefaanver,PK,,20,1664194972,1778312867
marcin750,MG,,8,1611425326,1778314910
maxeyking7,DE,,6,1684556880,1778291778
rayen90987890,US,,0,1735287854,1771665009
f4ll3n-4ng3l,BR,,2,1642036947,1778265847
infinitemoney1,US,,5,1632789826,1778285841
marcusmillerrr,XS,,26,1675856957,1778285013
manish01khapre,IN,,17,1620377932,1774168043
vvktjsfw30_8,FR,,3,1614505413,1775567291
shortyauty,GB,,2,1681796338,1778315845
brjl2021,AR,,1,1623768980,1778279730
liplove_wet,US,,16,1739840995,1771716440
beefytoes,GB,,9,1652392007,1776538073
teslamsean,CA,,3,1671406171,1778286037
mohamedali459,EG,,16,1732408624,1778285665
high2b,VN,,10,1707674050,1778315705
pratpitt,IN,,13,1616215793,1778312141
the_bjlong,US,,5,1670973015,1778276776
pavya,IN,,24,1268315492,1778265293
viktort312,FR,,10,1662151894,1778316067
stelio42,FR,,32,1630330676,1778057027
stefanoceo,IT,,1,1611182136,1778250258
bankdrcker,DE,,9,1579906962,1778251752
zhbnv,GB,,2,1736126669,1778085451
gkylling,NO,,2,1547565212,1778248936
pxexleona,TH,,4,1741950076,1778203956
regino19,MX,,2,1582427715,1774900776
misterkimakdotkom,ID,,8,1722435702,1778313911
gabriel_souzaffx,BR,,5,1654744285,1774510964
gartenpalme,DE,,4,1602415176,1777494881
papouilette,BE,,2,1742581370,1770434502
k14brkepa,US,,3,1638480165,1778278085
guilhermefreitas1,BR,,56,1617312067,1778291479
miket2680,US,,40,1607320557,1765145776
krischino1963,CL,,3,1605220930,1778180183
umissedmatein7,CA,,17,1744347032,1778303490
kevinhuynh05,CA,,7,1608065996,1777451214
laforb,US,,0,1411092369,1778288747
garratodi,CO,,5,1693254106,1778310397
noob_at_chess420,IN,,11,1602495950,1758392755
narro70300,ES,,13,1609884270,1778307523
benji-mac,AU,,11,1684052589,1778310318
yousefkandel,EG,,9,1680882079,1778312127
mustafa2290,EG,,16,1621652898,1778296498
unclepastuzo,GB,,5,1608382051,1762378257
jeffpatxi,FR,,5,1743277422,1778217612
mohammadawaisphulpoto,MY,,3,1701599501,1763452901
vincentcukol,ID,,5,1568571162,1778281101
ksushil_912,IN,,3,1740024241,1778315506
kareeem17,EG,,24,1605958743,1778277850
card_keeper,EU,,1,1642798663,1778193810
jordanpapado,GR,,9,1596806059,1776789423
kei00127,ID,,3,1710262027,1768018546
gibinthomas,IN,,17,1647590053,1778312804
nylo_o,ID,,6,1737362472,1753943022
gueguetator,FR,,9,1643552719,1778254849
nur1901,BD,,0,1736327031,1778314060
5xdoubleknotx5,US,,43,1695816818,1778293086
7vaidyabharat,IN,,3,1715325777,1776448646
gwalesa,ID,,3,1472816797,1778294552
demikras,FR,,2,1702455677,1755877933
marcusroot,FR,,0,1741470882,1768391563
gm_homer,PL,,1,1742036494,1778252238
surinamking,SR,,0,1542442508,1778048920
fmadelio,ID,,2,1722587759,1777629722
gurtejmasoun,IN,,4,1535475946,1754150864
tals123456,IL,,4,1734785835,1769024932
porlouche,FR,,2,1692192733,1778233978
pognon86,FR,,22,1661274177,1778285047
tsetsotsako,BG,,0,1704456043,1778312695
vicente9999,US,,818,1396373763,1778295620
omar5617,QA,,5,1678300503,1778259378
fbetanco71,CO,,1,1696288852,1778268843
desiya,IN,,0,1368851866,1766333683
lalex013,PY,,2,1540477492,1778260789
pandaducks,CA,,2,1674286001,1775104069
denirkmnsyh,ID,,0,1719476096,1775471384
rattigan_glumphoboo,HR,,4,1424518165,1769890224
easypeasy247,US,,2,1691024841,1778268762
chance329,US,,49,1677437214,1778204744
amaster77,US,,7,1714513044,1776606655
warh-huntasvager,UA,,0,1727255721,1778313460
tops52,MY,,1,1746534175,1778311786
mooreflo,UA,,5,1223883907,1778302713
beastarcher,IN,,79,1694536712,1778314312
tititwister,FR,,4,1616435277,1778308220
mariapavlova98,BG,,9,1657403767,1778182596
lifesonofwolf,IL,,0,1645341008,1778248022
ketaesmeron,FR,,7,1619976425,1755440309
diggi007,HU,,23,1649271373,1778296307
rulakkarang,ID,,12,1738389650,1778312310
isaozgurozer,TR,,4,1543415624,1777648114
vinayj3089,US,,0,1611789124,1778288974
tomass129,IL,,7,1693995995,1778309902
rikjnbgtyh1,KR,,15,1736469918,1775174800
abaltreon,US,,3,1730232524,1778305900
theronnewsome,US,,12,1683133495,1778174479
xylicnub,BD,,9,1675535105,1776847409
jnetin,BR,,4,1682293001,1778200344
kidluky,CI,,2,1693428468,1775232637
cango85,RU,,15,1604218668,1773337850
jwaibry,SA,,4,1702543468,1778101651
captainlaugh,PT,,4,1660517001,1778057089
jzanardi,BR,,11,1732725495,1778284606
hneh,SE,,0,1602421735,1778263253
fsiveira,BR,,3,1734851195,1778285655
otoronteano,CA,,5,1607792916,1778176999
coco13ra,FR,,6,1330004963,1778267758
jammer53x,TR,,2,1616267824,1778312377
yuanvasques,UY,,10,1604792875,1778284596
kitsis,CY,,12,1729789526,1778294279
janosipka,SK,,3,1705502373,1778275373
shiv0706bsp,IN,,1,1731815641,1776596893
reee133769666,SE,,8,1544529071,1758797350
aaazhaaaannn,IN,,2,1693508114,1778057098
artemmiys,UA,,4,1699998608,1778057099
kaelem25,PH,,1,1733842666,1778263488
camhie4,VN,,7,1730192027,1778230897
quit60,TR,,7,1672002880,1755291110
chantybok,BW,,2,1587899767,1778273440
9inchesthick,US,,7,1676498665,1753004748
lamos40,FR,,9,1642495184,1777570875
seyhnn,TR,,1,1733602343,1778313033
sylvanna-iraalen,AU,,13,1733396274,1778311235
bahozko,DE,,10,1614877345,1778162740
smoothroman,US,,1,1728435145,1778091745
ferdictateur,FR,,2,1627070646,1770502198
killaanand,IN,,17,1613574204,1768794937
blue2318,AU,,6,1228307390,1778309056
danielcollazo1305,BR,,1,1744858380,1778192934
checko31,US,,14,1674499938,1754507714
ksygzywygy,PL,,7,1611842614,1778316293
tjtjdgur2719,CA,,3,1617222485,1778057112
jwar91,US,,11,1662165967,1778291384
siempre112,FR,,12,1688215855,1778308761
alayhus,TR,,11,1650477164,1777903710
ezragou,IN,,1,1540831227,1756999600
aidenwalt3r,IE,,8,1704293478,1778138753
sahani1188,IN,,30,1736449778,1771432681
23h44,FR,,2,1749118859,1755545841
shiveroni,IT,,18,1676931578,1778242918
danielevega,MX,,26,1612149888,1778304418
campanel7,IT,,0,1665069167,1778305720
jdonk11,US,,10,1677251603,1777748227
viccbee,SE,,1,1700507018,1778315691
janpsohlavec,CZ,,58,1648723570,1778315744
pawansaini001,IT,,8,1674962337,1778096603
0uak,MA,,3,1727043701,1778261674
davre910,NZ,,3,1606147087,1778307930
navaneethkrishnak,IN,,14,1701352608,1778315848
tartosso,IT,,0,1474028287,1778258402
iam_shy,KR,,16,1730167533,1778310600
efonderton,HU,,30,1634922800,1778315605
frederikpoll84,NL,,2,1602878673,1753990368
katkagratka,PL,,11,1720894057,1763642786
ambitiousham,US,,2,1673734734,1778305659
mini_freitas,BR,,11,1671475890,1778283749
princeaayush_1017,IN,,6,1707140475,1778311787
sanidhya_agrawal1709,IN,,7,1709709818,1778313061
jolegur,CO,,6,1697929750,1778297217
petroshpak,UA,,0,1728199900,1778302858
shins0o,FR,,5,1609266636,1778286122
lakpri17,IN,,5,1521357404,1778252493
andrewsux2,CA,,14,1731785320,1778301935
kyakz,PH,,0,1703842223,1778261956
soulofmischief96,GB,,3,1714035920,1778316208
bymark81,PY,,13,1683251642,1778279475
fangclawz,JP,,9,1698105102,1777555842
mwdtech1961,US,,0,1606877028,1778292743
tim_mystic,FR,,10,1735829212,1778309476
sterees,ID,,3,1695137429,1778178733
